persona_id,old_pref,new_pref,p_new_pre,p_old_pre,stable_final_disp_pre,change_final_disp_pre,change_gap_1,change_gap_final,sustained_minus_oneoff_gap,change_projection_1,change_projection_final,semantic_new_effect_final,semantic_old_effect_final,p_new_change_final,p_new_stable_final,p_old_change_final,p_old_stable_final,alpha_new_1,alpha_old_1,alpha_new_minus_old_1,shock_gap_to_matched_stable,recovery_final_gap_to_matched_stable,matched_recovery_fraction
644,Plays tennis instead of cricket,Plays cricket instead of tennis,0.3995327949523926,0.38527411222457886,2.601729393005371,4.253602981567383,0.930212140083313,3.1662240028381348,2.2360118627548218,0.8904293775558472,3.1662240028381348,-0.027804046869277954,-0.017219126224517822,0.37314876914024353,0.4009528160095215,0.345676064491272,0.3628951907157898,0.2708110213279724,0.24269163608551025,0.028119385242462158,0.930212140083313,0.5138649940490723,0.44758300616991653
626,Frequently visits museums and art galleries,Rarely visits museums and art galleries,0.3380933105945587,0.258402943611145,2.0276939868927,3.216002941131592,0.7965395450592041,3.1015684604644775,2.3050289154052734,0.7349165678024292,3.1015682220458984,-0.009385555982589722,-0.002681225538253784,0.32888057827949524,0.33826613426208496,0.2589547038078308,0.2616359293460846,0.2637247145175934,0.29020440578460693,-0.02647969126701355,0.7965395450592041,0.3368806838989258,0.5770697312035066
314,Regularly supports local Black-owned businesses,Does not regularly support local Black-owned businesses,0.3072321116924286,0.27986112236976624,1.8929131031036377,5.711415767669678,1.4497219324111938,5.908216953277588,4.458495020866394,1.3848457336425781,5.90821647644043,-0.004997342824935913,0.02105388045310974,0.3032352924346924,0.3082326352596283,0.2977913022041321,0.27673742175102234,0.28854918479919434,0.2865694761276245,0.0019797086715698242,1.4497219324111938,0.7861289978027344,0.45773808050538645
382,Likes visiting art galleries,Dislikes visiting art galleries,0.21175985038280487,0.23179017007350922,1.9513581991195679,3.3578970432281494,0.9664426445960999,3.678769111633301,2.712326467037201,0.9108003377914429,3.67876935005188,0.0005717277526855469,-0.019143998622894287,0.21471427381038666,0.2141425460577011,0.2157488763332367,0.23489287495613098,0.28021860122680664,0.288846492767334,-0.008627891540527344,0.9664426445960999,0.41745278239250183,0.5680521914810934
692,Likes listening to podcasts,Dislikes listening to podcasts,0.36268237233161926,0.22570547461509705,2.0055668354034424,4.128503799438477,0.8859994411468506,4.53010892868042,3.6441094875335693,0.7768239974975586,4.530109405517578,-0.012686163187026978,-0.001391083002090454,0.3489372432231903,0.3616234064102173,0.22757357358932495,0.2289646565914154,0.28889200091362,0.28454717993736267,0.004344820976257324,0.8859994411468506,0.5428967475891113,0.38724933405558604
884,Enjoys craft beer tasting,Does not enjoy craft beer tasting,0.23994946479797363,0.3081510663032532,1.8283429145812988,4.5305328369140625,1.1779390573501587,4.240427017211914,3.0624879598617554,1.1400701999664307,4.240427017211914,-0.0008003860712051392,-0.033577024936676025,0.2401690036058426,0.24096938967704773,0.2745893895626068,0.30816641449928284,0.2779845595359802,0.22773092985153198,0.05025362968444824,1.1779390573501587,0.5960811972618103,0.4939626175544861
493,Mild gastritis episode resolved with dietary adjustments,Mild gastritis episode persisted despite dietary adjustments,0.34990382194519043,0.3638935983181,1.5768647193908691,2.2994532585144043,0.4308846592903137,1.9702057838439941,1.5393211245536804,0.4073510468006134,1.9702059030532837,0.012109875679016113,0.01217702031135559,0.37599343061447144,0.3638835549354553,0.3924558758735657,0.3802788555622101,0.22819927334785461,0.28963619470596313,-0.06143692135810852,0.4308846592903137,0.2658897042274475,0.38292139556469773
668,Enjoys casual cycling around the city,Enjoys competitive cycling and racing,0.22123470902442932,0.36727970838546753,1.5987192392349243,3.387237787246704,0.8395600318908691,3.7880825996398926,2.9485225677490234,0.8007351756095886,3.7880825996398926,-0.0009789317846298218,-0.006142735481262207,0.21613506972789764,0.21711400151252747,0.3619135618209839,0.3680562973022461,0.23459631204605103,0.2825412452220917,-0.04794493317604065,0.8395600318908691,0.5178177952766418,0.3832271956653235
823,Follows European football (soccer),Does not follow European football (soccer),0.128521129488945,0.5738335847854614,1.8455144166946411,5.439695835113525,1.2858452796936035,6.073177814483643,4.787332534790039,1.1405022144317627,6.073177337646484,-0.025387533009052277,-0.11958372592926025,0.10310275107622147,0.12849028408527374,0.47387439012527466,0.5934581160545349,0.21435782313346863,0.1312745213508606,0.08308330178260803,1.2858452796936035,0.9037418961524963,0.29716124449448256
522,Regularly attends exclusive art gallery openings,Rarely attends exclusive art gallery openings,0.2614282965660095,0.3050748109817505,2.2571256160736084,4.490940093994141,1.04114830493927,4.311682224273682,3.2705339193344116,0.984534502029419,4.311682224273682,-0.011710643768310547,-0.017713189125061035,0.25878432393074036,0.2704949676990509,0.28383421897888184,0.30154740810394287,0.24873338639736176,0.2818613350391388,-0.03312794864177704,1.04114830493927,0.5560956001281738,0.4658824324161861
451,Borderline high cholesterol detected during routine screening,Normal cholesterol levels detected during routine screening,0.27451273798942566,0.2014298290014267,2.613692283630371,3.609337568283081,0.5393668413162231,2.1721975803375244,1.6328307390213013,0.4973956346511841,2.1721973419189453,0.006865113973617554,0.0015363693237304688,0.26861950755119324,0.2617543935775757,0.20042628049850464,0.19888991117477417,0.16121242940425873,0.1226244568824768,0.03858797252178192,0.5393668413162231,0.40635067224502563,0.24661539954253886
479,Collects small souvenir magnets from travels,Does not collect souvenir magnets from travels,0.25774723291397095,0.20774151384830475,1.7063453197479248,3.22360897064209,0.770786702632904,3.0614054203033447,2.2906187176704407,0.7224186658859253,3.0614054203033447,0.01028662919998169,-0.00033502280712127686,0.2656591236591339,0.2553724944591522,0.2091887891292572,0.20952381193637848,0.278044730424881,0.28333672881126404,-0.005291998386383057,0.770786702632904,0.39530548453330994,0.4871402384304252
977,Has a taste for olive oil-based skincare products,Has a taste for non-olive oil-based skincare products,0.15592142939567566,0.3218046724796295,1.403961181640625,2.3808486461639404,0.48285871744155884,2.007239580154419,1.52438086271286,0.45437490940093994,2.00723934173584,-0.0014846622943878174,-0.009968161582946777,0.1565808802843094,0.1580655425786972,0.3166227340698242,0.326590895652771,0.27853405475616455,0.2812280058860779,-0.00269395112991333,0.48285871744155884,0.2592334747314453,0.4631276906317411
697,Reads extensively about medieval European history,Does not read about medieval European history,0.21264676749706268,0.18168073892593384,2.337872266769409,2.36588454246521,0.5157709121704102,2.9542646408081055,2.4384937286376953,0.4792303740978241,2.9542646408081055,-0.0031745731830596924,-0.008748769760131836,0.2104450911283493,0.213619664311409,0.1836457997560501,0.19239456951618195,0.13740748167037964,0.27469009160995483,-0.1372826099395752,0.5157709121704102,0.33183708786964417,0.3566192275689918
590,Family history of type 2 diabetes on her maternal side,No family history of type 2 diabetes on her maternal side,0.2979799509048462,0.3301464915275574,1.7930350303649902,0.9035634994506836,0.3263275623321533,1.7575352191925049,1.4312076568603516,0.2857441306114197,1.7575353384017944,0.008892416954040527,-0.005031585693359375,0.2965112328529358,0.28761881589889526,0.3177053928375244,0.3227369785308838,0.04149211198091507,0.2178552746772766,-0.17636316269636154,0.3263275623321533,0.1945682317018509,0.40376402682219914
849,Appreciates fresh flowers in living spaces,Prefers not to have fresh flowers in living spaces,0.3849589228630066,0.2871542274951935,1.512610912322998,3.4876701831817627,0.8115735054016113,3.1614952087402344,2.349921703338623,0.7694157361984253,3.1614954471588135,-0.020363211631774902,0.005014151334762573,0.3653661608695984,0.3857293725013733,0.2921183705329895,0.28710421919822693,0.2836020290851593,0.2813056707382202,0.002296358346939087,0.8115735054016113,0.4495803415775299,0.446038666140225
583,Prays regularly in alignment with her moderate Muslim faith,Does not pray regularly and is non-religious or secular.,0.21964681148529053,0.32270780205726624,1.5170687437057495,5.812555313110352,1.3855396509170532,5.819807529449463,4.43426787853241,1.2820355892181396,5.819807052612305,0.01348152756690979,0.00939294695854187,0.23606333136558533,0.22258180379867554,0.3353061079978943,0.3259131610393524,0.24315260350704193,0.26249176263809204,-0.01933915913105011,1.3855396509170532,0.821761965751648,0.4069011556560328
23,Joining local political debates,Avoiding local political debates,0.24721969664096832,0.31896114349365234,1.5501022338867188,3.801860809326172,0.842902421951294,3.965745687484741,3.1228432655334473,0.8062344789505005,3.965745449066162,-0.007009983062744141,-0.03426361083984375,0.24297672510147095,0.2499867081642151,0.30066555738449097,0.3349291682243347,0.16135412454605103,0.22702479362487793,-0.0656706690788269,0.842902421951294,0.442211776971817,0.4753701431440783
721,Enjoys going for morning runs,Does not enjoy going for morning runs,0.20719222724437714,0.30467408895492554,2.1613845825195312,3.924612045288086,0.9764000177383423,3.579299211502075,2.602899193763733,0.8725625872612,3.579299211502075,0.0008569657802581787,-0.04067790508270264,0.2070903331041336,0.20623336732387543,0.2592182457447052,0.29989615082740784,0.27522504329681396,0.19607512652873993,0.07914991676807404,0.9764000177383423,0.6598646640777588,0.32418614083373487
72,Follows Formula 1 racing,Does not follow Formula 1 racing,0.14727286994457245,0.3369552195072174,1.9434155225753784,3.1113476753234863,0.6083228588104248,3.4936583042144775,2.8853354454040527,0.5613051056861877,3.4936585426330566,0.008807480335235596,0.009373277425765991,0.14318759739398956,0.13438011705875397,0.35819748044013977,0.3488242030143738,0.086673304438591,0.2828083038330078,-0.1961349993944168,0.6083228588104248,0.3507419526576996,0.42342795839765845
60,Likes visiting art exhibitions occasionally,Dislikes visiting art exhibitions.,0.1827630251646042,0.1488756537437439,2.1862704753875732,3.2789015769958496,0.6536957025527954,2.4068589210510254,1.75316321849823,0.5834079384803772,2.4068591594696045,0.000681072473526001,0.006107613444328308,0.18390734493732452,0.18322627246379852,0.16838425397872925,0.16227664053440094,0.2834019660949707,0.28391340374946594,-0.0005114376544952393,0.6536957025527954,0.3288269340991974,0.4969724708070269
494,Watches science documentaries,Watches science fiction movies,0.25808897614479065,0.10395317524671555,2.4968385696411133,5.3556928634643555,1.6935062408447266,6.131831645965576,4.43832540512085,1.591968059539795,6.131831645965576,-0.040036946535110474,-0.0063165053725242615,0.22553783655166626,0.26557478308677673,0.09554578363895416,0.10186228901147842,0.27030301094055176,0.15923964977264404,0.11106336116790771,1.6935062408447266,1.5657954216003418,0.07541207476193423
521,Practices yoga and meditation daily,Does not practice yoga or meditation.,0.14202871918678284,0.38786816596984863,1.545362949371338,4.8484625816345215,1.2480318546295166,5.055976390838623,3.8079445362091064,1.1886043548583984,5.055975914001465,0.046083733439445496,-0.009239524602890015,0.1874050796031952,0.1413213461637497,0.38136452436447144,0.39060404896736145,0.2478248029947281,0.24011613428592682,0.0077086687088012695,1.2480318546295166,0.7988328337669373,0.35992592592592587
978,Enjoys watching sunsets from her porch,Prefers not to watch sunsets from her porch,0.2215839922428131,0.29468658566474915,1.5639760494232178,2.700218915939331,0.4781387746334076,2.0843656063079834,1.6062268316745758,0.4518691301345825,2.0843658447265625,-0.0020264536142349243,-0.002333134412765503,0.2215149998664856,0.22354145348072052,0.29200756549835205,0.29434069991111755,0.2751111388206482,0.27974003553390503,-0.004628896713256836,0.4781387746334076,0.2892605662345886,0.39502800948037153
59,Family history of type 2 diabetes on maternal side,No family history of type 2 diabetes on maternal side,0.28712424635887146,0.2526380717754364,1.4733352661132812,4.908525466918945,1.2438462972640991,4.375494956970215,3.1316486597061157,1.180150032043457,4.375494480133057,0.024679958820343018,0.0636373907327652,0.3146134614944458,0.2899335026741028,0.3025656044483185,0.23892821371555328,0.22709153592586517,0.041452065110206604,0.18563947081565857,1.2438462972640991,1.1721129417419434,0.05767059457421453
829,Loves ice fishing in winter,Hates ice fishing in winter,0.2352079153060913,0.3204580545425415,1.4864532947540283,1.527916669845581,0.31216558814048767,1.5535457134246826,1.241380125284195,0.2930898666381836,1.5535457134246826,0.010426059365272522,-0.014001160860061646,0.2445617914199829,0.2341357320547104,0.3202474117279053,0.3342485725879669,0.20100480318069458,0.2683599591255188,-0.06735515594482422,0.31216558814048767,0.16526706516742706,0.4705788483865495
25,Family history of type 2 diabetes on his mother's side,No family history of type 2 diabetes on his mother's side,0.3665294349193573,0.29039955139160156,1.4946091175079346,3.66462779045105,0.9551553726196289,3.842989444732666,2.887834072113037,0.9283889532089233,3.842989683151245,0.013005167245864868,0.019112378358840942,0.38136693835258484,0.36836177110671997,0.3063267171382904,0.28721433877944946,0.2696300745010376,0.2573169469833374,0.012313127517700195,0.9551553726196289,0.4224346876144409,0.5577319672548532
429,Loves contemporary art exhibitions,Dislikes contemporary art exhibitions,0.18623776733875275,0.25663474202156067,1.720935583114624,2.5918426513671875,0.6250063180923462,2.502054452896118,1.877048134803772,0.608751118183136,2.502054214477539,-0.016419142484664917,0.01923343539237976,0.1691971868276596,0.18561632931232452,0.2753949761390686,0.25616154074668884,0.2906104028224945,0.2882475256919861,0.002362877130508423,0.6250063180923462,0.30643224716186523,0.5097133608230355
294,Prefers bread and pasta over rice some days,Prefers rice over bread and pasta some days,0.27104759216308594,0.22257567942142487,1.4398165941238403,4.433652877807617,1.1051104068756104,4.222724437713623,3.1176140308380127,1.0236809253692627,4.222723960876465,0.00225144624710083,0.033643677830696106,0.27265748381614685,0.270406037569046,0.2582997679710388,0.2246560901403427,0.27644994854927063,0.2613431215286255,0.015106827020645142,1.1051104068756104,0.6041563749313354,0.4533067726333172
70,History of hormone replacement therapy as part of gender transition,History of non-medical gender transition practices without hormone therapy,0.46409252285957336,0.4210003912448883,1.8979398012161255,5.5292229652404785,1.420691728591919,5.050388336181641,3.6296966075897217,1.3724048137664795,5.050388813018799,-0.009823590517044067,0.05474105477333069,0.4418714642524719,0.451695054769516,0.4685496687889099,0.4138086140155792,0.25956612825393677,0.28863054513931274,-0.029064416885375977,1.420691728591919,0.85524982213974,0.3980046445491745
826,Watches the occasional romantic comedy,Rarely watches romantic comedies,0.21112489700317383,0.1687159389257431,1.4215900897979736,2.6051700115203857,0.571563720703125,2.4333243370056152,1.8617606163024902,0.5494800806045532,2.4333245754241943,0.004361271858215332,-0.009555011987686157,0.21299466490745544,0.2086333930492401,0.15596212446689606,0.16551713645458221,0.21484361588954926,0.27417999505996704,-0.059336379170417786,0.571563720703125,0.23485538363456726,0.5891002610423675
613,Seasonal pollen allergies causing mild respiratory irritation,No seasonal pollen allergies or respiratory irritation,0.3763095736503601,0.24375665187835693,1.5959867238998413,2.653231620788574,0.4670879542827606,2.3367836475372314,1.8696956932544708,0.4504936635494232,2.3367838859558105,-0.02378973364830017,-0.012574627995491028,0.3457818925380707,0.36957162618637085,0.22271355986595154,0.23528818786144257,0.1516912281513214,0.2290656864643097,-0.07737445831298828,0.4670879542827606,0.24560877680778503,0.47417017596839783
120,Past knee strain from a minor jogging injury,No history of knee strain or jogging-related injuries,0.4669337272644043,0.45990216732025146,2.010883092880249,4.266376972198486,0.9570797681808472,3.707972764968872,2.750892996788025,0.8721144795417786,3.707972288131714,0.013105988502502441,0.04084300994873047,0.48816853761672974,0.4750625491142273,0.49876371026039124,0.45792070031166077,0.27475666999816895,0.15510299801826477,0.11965367197990417,0.9570797681808472,0.7254836559295654,0.241982037392227
650,Has more houseplants than outdoor plants,Has more outdoor plants than houseplants,0.35366183519363403,0.31676575541496277,1.8396267890930176,2.3402953147888184,0.45425090193748474,2.411020040512085,1.9567691385746002,0.42970478534698486,2.411019802093506,-0.024534165859222412,0.009399235248565674,0.33784887194633484,0.36238303780555725,0.3194165527820587,0.31001731753349304,0.2870756983757019,0.28417184948921204,0.002903848886489868,0.45425090193748474,0.3296622931957245,0.2742726722398594
296,Family history of type 2 diabetes on maternal side,No family history of type 2 diabetes on maternal side,0.4130531847476959,0.4870682656764984,1.6839380264282227,3.9622421264648438,0.8606468439102173,4.071784973144531,3.211138129234314,0.7977668046951294,4.071784973144531,0.020023345947265625,0.030319035053253174,0.4322306513786316,0.41220730543136597,0.5077102780342102,0.47739124298095703,0.22892317175865173,0.2871933579444885,-0.05827018618583679,0.8606468439102173,0.3846154510974884,0.5531088578097296
914,Favors vegetarian cooking classes,Favors non-vegetarian cooking classes,0.19826222956180573,0.394664466381073,2.374277114868164,4.384621620178223,1.1257966756820679,3.881726026535034,2.7559293508529663,1.0189003944396973,3.881725788116455,-0.003629714250564575,-0.04450458288192749,0.19928640127182007,0.20291611552238464,0.34834474325180054,0.392849326133728,0.284524142742157,0.2888023853302002,-0.004278242588043213,1.1257966756820679,0.4683694541454315,0.5839662132048238
678,Appreciates modern dance performances,Does not appreciate modern dance performances,0.3226031959056854,0.1855224370956421,2.1755223274230957,3.1211581230163574,0.7768257856369019,3.0537965297698975,2.2769707441329956,0.7572157382965088,3.0537962913513184,0.01653251051902771,0.03771348297595978,0.3420996367931366,0.3255671262741089,0.21589455008506775,0.17818106710910797,0.23311366140842438,0.2659490406513214,-0.032835379242897034,0.7768257856369019,0.3309467136859894,0.5739756328831778
260,Follows wildlife conservation projects,Does not follow wildlife conservation projects,0.23317046463489532,0.25,1.9009120464324951,3.026606559753418,0.7064152956008911,2.8127217292785645,2.1063064336776733,0.6623196601867676,2.8127217292785645,0.013731211423873901,0.0,0.23147276043891907,0.21774154901504517,0.25,0.25,0.22773772478103638,0.28207728266716003,-0.05433955788612366,0.7064152956008911,0.33242711424827576,0.5294168793931529
679,Likes learning new languages casually,Dislikes learning new languages casually,0.15178796648979187,0.3429907262325287,1.5526132583618164,4.037510395050049,0.8894351720809937,4.375089168548584,3.4856539964675903,0.8350900411605835,4.375088691711426,0.02525267004966736,-0.046800971031188965,0.18309110403060913,0.15783843398094177,0.2647341191768646,0.3115350902080536,0.27242493629455566,0.2789788246154785,-0.0065538883209228516,0.8894351720809937,0.7103201746940613,0.2013806098626172
184,Seasonal allergic rhinitis triggered by dust and pollen,No seasonal allergic rhinitis triggered by dust and pollen,0.19906550645828247,0.1945832520723343,1.5905756950378418,3.611692190170288,0.8379151821136475,3.6898858547210693,2.851970672607422,0.7822761535644531,3.6898856163024902,-0.035828396677970886,-0.05956806242465973,0.1611495167016983,0.1969779133796692,0.13740131258964539,0.19696937501430511,0.2543456256389618,0.2758328318595886,-0.02148720622062683,0.8379151821136475,0.5473948121070862,0.34671811205726266
327,Slight nearsightedness corrected with glasses for reading,Slight farsightedness corrected with glasses for distance,0.2903907299041748,0.1861056238412857,1.7078834772109985,4.838186740875244,1.0671651363372803,4.9684247970581055,3.901259660720825,0.9976574182510376,4.968424320220947,0.0630044937133789,0.018631234765052795,0.33592167496681213,0.2729171812534332,0.20584851503372192,0.18721728026866913,0.2411002218723297,0.26843804121017456,-0.02733781933784485,1.0671651363372803,0.623267412185669,0.4159597320384315
811,Enjoys swimming at community pools,Prefers not to swim at community pools,0.27063488960266113,0.3598345220088959,1.8593599796295166,1.5441161394119263,0.30336835980415344,1.5708187818527222,1.2674504220485687,0.2734462022781372,1.5708187818527222,-0.003578275442123413,0.023327887058258057,0.2728232741355896,0.276401549577713,0.36034467816352844,0.3370167911052704,0.11243100464344025,0.22683559358119965,-0.1144045889377594,0.30336835980415344,0.1976822316646576,0.34837557946954
110,Keeps indoor plants for ambiance,Does not keep indoor plants for ambiance,0.37721964716911316,0.3939651548862457,2.176750421524048,3.0697851181030273,0.5810956358909607,2.340195655822754,1.7591000199317932,0.5462711453437805,2.340195655822754,-0.009061753749847412,-0.0039133429527282715,0.36933985352516174,0.37840160727500916,0.39399755001068115,0.3979108929634094,0.2823677361011505,0.2715451121330261,0.01082262396812439,0.5810956358909607,0.3098927438259125,0.4667095660583104
973,Participates in church community events regularly,Does not participate in church community events regularly,0.29661911725997925,0.425780326128006,1.8212600946426392,4.588852405548096,0.9661605954170227,4.19420862197876,3.228048026561737,0.9466606378555298,4.19420862197876,0.02525418996810913,-0.07027801871299744,0.32505977153778076,0.29980558156967163,0.36567237973213196,0.4359503984451294,0.16562829911708832,0.2545759975910187,-0.08894769847393036,0.9661605954170227,0.48027709126472473,0.5029013876751791
198,Follows baseball more than football,Follows football more than baseball,0.4145471453666687,0.21375513076782227,1.716492772102356,5.0930094718933105,1.0470463037490845,5.27271032333374,4.225664019584656,0.950066864490509,5.27271032333374,0.02733096480369568,-0.020770326256752014,0.44056305289268494,0.41323208808898926,0.19530586898326874,0.21607619524002075,0.20152634382247925,0.28490424156188965,-0.0833778977394104,1.0470463037490845,0.5657491683959961,0.45967129975985
67,Favors Mediterranean cuisine over Mexican food on most days,Favors Mexican food over Mediterranean cuisine on most days.,0.32598674297332764,0.2470475137233734,1.5134214162826538,4.892011642456055,1.0527023077011108,5.263664722442627,4.210962414741516,0.9743022322654724,5.263665199279785,0.06010031700134277,-0.08992139995098114,0.3815610706806183,0.3214607536792755,0.15959617495536804,0.24951757490634918,0.2507043778896332,0.18876932561397552,0.061935052275657654,1.0527023077011108,0.7837591171264648,0.2554788648292826
595,Past ankle sprain from a recreational hockey game,No history of ankle injury from recreational sports,0.2129393070936203,0.1924198418855667,1.7007683515548706,1.8076868057250977,0.37953054904937744,2.13468074798584,1.7551501989364624,0.3475911617279053,2.13468074798584,-0.005890607833862305,-0.00413919985294342,0.20979642868041992,0.21568703651428223,0.1898275464773178,0.19396674633026123,0.06704968959093094,0.1708867847919464,-0.10383709520101547,0.37953054904937744,0.23881930112838745,0.3707507821792845
941,Prefers strong espresso over tea in the morning,Prefers tea over strong espresso in the morning.,0.28673291206359863,0.16369974613189697,1.504281759262085,3.605959415435791,0.8153976202011108,3.6968157291412354,2.8814181089401245,0.7874419689178467,3.6968154907226562,-0.001408308744430542,-0.012548789381980896,0.27814632654190063,0.2795546352863312,0.15840663015842438,0.17095541954040527,0.2514529228210449,0.2771669030189514,-0.025713980197906494,0.8153976202011108,0.4646514356136322,0.4301535544106323
318,Prefers high-intensity workouts like CrossFit over wrestling,Prefers wrestling over high-intensity workouts like CrossFit.,0.05616219341754913,0.2749515771865845,1.8296104669570923,4.652115821838379,1.2344913482666016,4.396551132202148,3.162059783935547,1.139678716659546,4.396551132202148,0.054769307374954224,0.017479747533798218,0.14436589181423187,0.08959658443927765,0.2938024699687958,0.27632272243499756,0.24920034408569336,0.27830541133880615,-0.029105067253112793,1.2344913482666016,0.5618955492973328,0.5448363813271655
687,Avoids watching soap operas altogether,Watches soap operas regularly,0.24718992412090302,0.3175622224807739,2.4031496047973633,1.982971429824829,0.3691794276237488,2.178016185760498,1.8088367581367493,0.3349922299385071,2.178015947341919,-0.003540828824043274,7.048249244689941e-05,0.24841000139713287,0.25195083022117615,0.3186523914337158,0.3185819089412689,0.1008169949054718,0.1837640106678009,-0.0829470157623291,0.3691794276237488,0.2651897072792053,0.28167799331041043
893,Enjoys open-water swimming in cool lakes,Prefers avoiding open-water swimming in cool lakes.,0.3960129916667938,0.2600962817668915,1.5617907047271729,2.02506947517395,0.44223296642303467,1.6865456104278564,1.2443126440048218,0.40386563539505005,1.6865458488464355,0.01266556978225708,0.007454514503479004,0.40350541472435,0.3908398449420929,0.25837159156799316,0.25091707706451416,0.17988121509552002,0.25193700194358826,-0.07205578684806824,0.44223296642303467,0.19740290939807892,0.5536223565720206
985,Collects quirky souvenir magnets when traveling,Does not collect souvenir magnets when traveling,0.21963410079479218,0.26939713954925537,1.7472641468048096,2.293081283569336,0.36284101009368896,1.9656825065612793,1.6028414964675903,0.3492354452610016,1.9656825065612793,0.00023211538791656494,-0.009205818176269531,0.22027157247066498,0.2200394570827484,0.27080610394477844,0.280011922121048,0.16794568300247192,0.26698338985443115,-0.09903770685195923,0.36284101009368896,0.24316202104091644,0.32983865032750925
689,Past wrist strain from over-practice on drums,No history of wrist strain from drumming practice,0.14823272824287415,0.4009186923503876,1.7401103973388672,4.052125930786133,1.0542503595352173,3.723797559738159,2.669547200202942,0.9932346343994141,3.7237977981567383,0.007613569498062134,0.005081444978713989,0.15923048555850983,0.1516169160604477,0.4218626618385315,0.4167812168598175,0.27894431352615356,0.2361266314983368,0.04281768202781677,1.0542503595352173,0.6472935080528259,0.3860153784171386
883,Family history of cardiovascular disease on paternal side,Family history of cardiovascular disease on maternal side,0.1403287798166275,0.19683481752872467,1.9789446592330933,2.4104714393615723,0.35016897320747375,1.4530068635940552,1.1028378903865814,0.3339552879333496,1.4530069828033447,0.012993693351745605,0.0013993382453918457,0.160714790225029,0.1477210968732834,0.19405825436115265,0.1926589161157608,0.28446176648139954,0.2841082215309143,0.0003535449504852295,0.35016897320747375,0.1972375363111496,0.4367361148405141
289,Likes attending jazz and blues concerts,Dislikes attending jazz and blues concerts,0.24297791719436646,0.28451046347618103,1.7484244108200073,3.9522886276245117,1.0119328498840332,3.6611387729644775,2.6492059230804443,0.9498590230941772,3.6611387729644775,-0.006179377436637878,-0.0005693435668945312,0.23404234647750854,0.24022172391414642,0.28241726756095886,0.2829866111278534,0.2819424271583557,0.28505778312683105,-0.003115355968475342,1.0119328498840332,0.3777424693107605,0.6267119212959145
365,Seasonal allergic rhinitis triggered by pollen,Seasonal allergic rhinitis not triggered by pollen,0.29299476742744446,0.215323805809021,1.355970025062561,2.6964473724365234,0.5564637780189514,2.4077134132385254,1.851249635219574,0.5298989415168762,2.4077134132385254,0.041042447090148926,0.024677932262420654,0.3395693302154541,0.2985268831253052,0.23906828463077545,0.2143903523683548,0.28949445486068726,0.2576277256011963,0.03186672925949097,0.5564637780189514,0.3533962070941925,0.3649250480376156
643,Uses a prescribed inhaler for mild exercise-induced asthma,Does not use a prescribed inhaler for mild exercise-induced asthma.,0.20001356303691864,0.3541463613510132,2.065056324005127,2.849123954772949,0.6340278387069702,3.10929536819458,2.47526752948761,0.6114898920059204,3.10929536819458,0.01093369722366333,0.036873966455459595,0.20422257483005524,0.1932888776063919,0.3811832070350647,0.3443092405796051,0.07916592061519623,0.1229541078209877,-0.04378818720579147,0.6340278387069702,0.43646955490112305,0.3115924439670432
107,"Past minor knee injury from hiking, leading to occasional discomfort",No history of knee injuries or discomfort.,0.43263620138168335,0.31018713116645813,1.8060741424560547,3.0321638584136963,0.5413076281547546,2.4469356536865234,1.9056280255317688,0.4878694415092468,2.4469354152679443,-0.0020358264446258545,-0.01216837763786316,0.41356155276298523,0.4155973792076111,0.28580647706985474,0.2979748547077179,0.23840457201004028,0.1855696737766266,0.052834898233413696,0.5413076281547546,0.41724342107772827,0.22919353178144686
656,Studies foreign languages for personal growth,Studies foreign languages for professional advancement,0.22228233516216278,0.3473513424396515,2.1448020935058594,5.314225196838379,1.3832038640975952,6.262375354766846,4.8791714906692505,1.29299795627594,6.262375354766846,0.009836763143539429,-0.14135508239269257,0.22884638607501984,0.2190096229314804,0.20447944104671478,0.34583452343940735,0.2547324597835541,0.2606145739555359,-0.0058821141719818115,1.3832038640975952,1.1230753660202026,0.18806229857310364
917,Seasonal allergies to pollen causing mild sinus issues,No seasonal allergies to pollen and no sinus issues,0.2493101954460144,0.31179338693618774,1.6596627235412598,2.8737857341766357,0.5775308012962341,2.8823678493499756,2.3048370480537415,0.5380709171295166,2.8823676109313965,0.0067071616649627686,0.02690500020980835,0.248958557844162,0.24225139617919922,0.3216375708580017,0.29473257064819336,0.2448974847793579,0.2271556258201599,0.017741858959197998,0.5775308012962341,0.35792505741119385,0.3802494055592326
235,Past episode of gastritis after food poisoning,No history of gastritis or food poisoning,0.33630824089050293,0.2386208474636078,1.7662054300308228,4.41016149520874,1.0488786697387695,4.673430919647217,3.6245522499084473,0.9827163219451904,4.673430919647217,0.0058262646198272705,0.062437430024147034,0.34295251965522766,0.3371262550354004,0.29495757818222046,0.23252014815807343,0.2740406095981598,0.27238184213638306,0.0016587674617767334,1.0488786697387695,0.6767520904541016,0.35478515296468816
462,Favors chocolate desserts over matcha,Favors matcha desserts over chocolate,0.2586548924446106,0.2595256268978119,1.4142146110534668,4.2924885749816895,0.7574620246887207,3.783472776412964,3.026010751724243,0.6635253429412842,3.783473014831543,-0.021442756056785583,0.044154971837997437,0.2396903783082962,0.2611331343650818,0.30316048860549927,0.25900551676750183,0.10826840251684189,0.03430447354912758,0.07396392896771431,0.7574620246887207,0.7463626265525818,0.01465340541751936
96,Prefers reading biographies of tech entrepreneurs,Prefers reading fiction unrelated to technology,0.25339704751968384,0.38600677251815796,1.9187839031219482,5.484065055847168,1.3832098245620728,5.213723659515381,3.830513834953308,1.2749695777893066,5.213723659515381,0.040886908769607544,-0.022067725658416748,0.3014208972454071,0.26053398847579956,0.3823970854282379,0.40446481108665466,0.28588855266571045,0.23459050059318542,0.051298052072525024,1.3832098245620728,0.9389073252677917,0.32121120845490536
714,Prefers in-person business meetings over virtual,Prefers virtual business meetings over in-person.,0.2998094856739044,0.3237581253051758,1.3396432399749756,5.415276050567627,1.5016825199127197,5.801456451416016,4.299773931503296,1.3721115589141846,5.801455974578857,-0.05611450970172882,-0.02531859278678894,0.24653588235378265,0.3026503920555115,0.29832759499549866,0.3236461877822876,0.2767099440097809,0.27933362126350403,-0.0026236772537231445,1.5016825199127197,0.7472487092018127,0.5023923503849241
312,Follows NBA basketball instead of football,Follows football instead of NBA basketball,0.43588772416114807,0.332675963640213,2.6248037815093994,3.0302541255950928,0.6987967491149902,3.6113321781158447,2.9125354290008545,0.6337458491325378,3.611332416534424,-0.013888239860534668,-0.015916436910629272,0.4364970028400421,0.4503852427005768,0.3135700225830078,0.3294864594936371,0.08305446803569794,0.2869560718536377,-0.20390160381793976,0.6987967491149902,0.3449954092502594,0.5063007810394252
486,Uses simple drugstore skincare products,Uses high-end luxury skincare products,0.39230823516845703,0.24428755044937134,1.7728936672210693,3.2730395793914795,0.8341244459152222,2.848684787750244,2.014560341835022,0.8113174438476562,2.848684310913086,-0.004787534475326538,-0.007677033543586731,0.39106935262680054,0.3958568871021271,0.24147740006446838,0.24915443360805511,0.2905784547328949,0.2902625799179077,0.0003158748149871826,0.8341244459152222,0.3109899163246155,0.6271660447699868
995,Volunteers for local charity events,Does not volunteer for local charity events,0.09620543569326401,0.19768284261226654,2.205087423324585,2.8319990634918213,0.627252459526062,2.155226469039917,1.527974009513855,0.5701833367347717,2.155226707458496,0.03269660472869873,0.016281113028526306,0.13599157333374023,0.1032949686050415,0.2236195057630539,0.2073383927345276,0.27514123916625977,0.2639790177345276,0.011162221431732178,0.627252459526062,0.25698235630989075,0.5903047450717676
237,Supports Israeli sports teams,Supports Palestinian sports teams,0.2171335220336914,0.4269248843193054,2.522941827774048,5.420693874359131,1.284691572189331,5.373832702636719,4.089141130447388,1.2188068628311157,5.373832702636719,0.0253770649433136,-0.007779717445373535,0.2426036149263382,0.2172265499830246,0.42309850454330444,0.430878221988678,0.24898841977119446,0.2788451313972473,-0.029856711626052856,1.284691572189331,0.745340883731842,0.4198289302531537
578,Takes short afternoon naps on weekends,Does not take afternoon naps on weekends,0.42839252948760986,0.28286588191986084,1.838478684425354,3.567469835281372,0.8155822157859802,3.2232542037963867,2.4076719880104065,0.7634780406951904,3.223254442214966,-0.05432015657424927,0.0010146498680114746,0.36237064003944397,0.41669079661369324,0.28636372089385986,0.2853490710258484,0.2679421007633209,0.27540603280067444,-0.007463932037353516,0.8155822157859802,0.3764677047729492,0.5384061870327252
936,Finds walking in nature relaxing,Finds walking in nature stressful,0.2984192371368408,0.24570287764072418,1.9121700525283813,3.973651170730591,0.8225370049476624,3.629193067550659,2.806656062602997,0.756439745426178,3.62919282913208,0.012375622987747192,0.000263899564743042,0.31819966435432434,0.30582404136657715,0.2530127167701721,0.2527488172054291,0.26484251022338867,0.21949420869350433,0.04534830152988434,0.8225370049476624,0.4803156554698944,0.4160558703368529
534,Enjoys improvisational theater performances,Dislikes improvisational theater performances,0.1933252364397049,0.25240859389305115,1.9228789806365967,4.405608177185059,1.1225969791412354,4.086122512817383,2.9635255336761475,1.0748021602630615,4.086122512817383,0.01709558069705963,0.003193795680999756,0.21961219608783722,0.2025166153907776,0.255770742893219,0.25257694721221924,0.27185481786727905,0.27190202474594116,-4.7206878662109375e-05,1.1225969791412354,0.5822758674621582,0.48131352722186393
63,Past episode of mild gastritis after work travel,No history of gastritis after work travel,0.20663386583328247,0.35885635018348694,1.8020503520965576,5.251707077026367,1.4690005779266357,5.449645042419434,3.980644464492798,1.3703696727752686,5.449645042419434,-0.005264073610305786,0.03255245089530945,0.19058696925640106,0.19585104286670685,0.40297818183898926,0.3704257309436798,0.23281022906303406,0.2911503314971924,-0.058340102434158325,1.4690005779266357,0.7097119092941284,0.5168743158046787
361,Frequently experiments with Latin American cuisine at home,Rarely experiments with Latin American cuisine at home,0.13292783498764038,0.140896275639534,1.7673263549804688,3.3778820037841797,0.6204822063446045,2.986467123031616,2.3659849166870117,0.5884525775909424,2.986467123031616,0.010853298008441925,-0.008861355483531952,0.13438011705875397,0.12352681905031204,0.12267068773508072,0.13153204321861267,0.29069098830223083,0.28778958320617676,0.002901405096054077,0.6204822063446045,0.29771700501441956,0.5201844598117726
713,Past knee injury from cycling accident requiring minor surgery,No history of knee injury or surgery from cycling accidents,0.25705352425575256,0.3336690068244934,1.7630566358566284,3.714963436126709,0.9088607430458069,3.5266802310943604,2.6178194880485535,0.8457872867584229,3.5266802310943604,0.010605394840240479,0.012297838926315308,0.26387158036231995,0.25326618552207947,0.33937591314315796,0.32707807421684265,0.28820887207984924,0.2821767330169678,0.00603213906288147,0.9088607430458069,0.4104641079902649,0.5483751376314233
902,Uses a mild antidepressant to assist with seasonal affective symptoms,Does not use antidepressants for seasonal affective symptoms.,0.2618851065635681,0.23276041448116302,1.6586962938308716,2.5728018283843994,0.49443796277046204,2.3650150299072266,1.8705770671367645,0.47849786281585693,2.3650150299072266,2.703070640563965e-05,0.009043529629707336,0.2599855363368988,0.25995850563049316,0.24224166572093964,0.2331981360912323,0.2140716016292572,0.2531762719154358,-0.03910467028617859,0.49443796277046204,0.27258414030075073,0.4486990060929136
218,Likes long walks in the park,Dislikes long walks in the park,0.26555582880973816,0.3156868815422058,1.5553321838378906,3.9119410514831543,0.794044017791748,3.4828691482543945,2.6888251304626465,0.7388246059417725,3.4828691482543945,0.001957505941390991,0.013933688402175903,0.2571962773799896,0.25523877143859863,0.3322974741458893,0.3183637857437134,0.28042179346084595,0.26644423604011536,0.01397755742073059,0.794044017791748,0.46669620275497437,0.412253990587492
761,Enjoys visiting museums,Does not enjoy visiting museums,0.26059505343437195,0.4077973961830139,1.841888666152954,3.851990222930908,0.9807581305503845,3.3625898361206055,2.381831705570221,0.8860299587249756,3.3625898361206055,0.00025138258934020996,-0.04922300577163696,0.26540014147758484,0.26514875888824463,0.361142635345459,0.41036564111709595,0.2533760070800781,0.28966671228408813,-0.03629070520401001,0.9807581305503845,0.4160015881061554,0.5758367173844355
554,"Up-to-date on all vaccinations, including annual flu shots",Not up-to-date on vaccinations and does not receive annual flu shots.,0.26293429732322693,0.22848275303840637,1.6351089477539062,3.517319440841675,0.8490768074989319,3.6109635829925537,2.761886775493622,0.7914605140686035,3.6109633445739746,0.012548476457595825,0.006994068622589111,0.27407875657081604,0.2615302801132202,0.23147308826446533,0.22447901964187622,0.28983017802238464,0.2920536994934082,-0.0022235214710235596,0.8490768074989319,0.46352413296699524,0.454084567057759
265,Enjoys petting dogs while out walking,Avoids petting dogs while out walking,0.07100057601928711,0.11357507854700089,1.934679388999939,2.179295301437378,0.45888710021972656,2.9677677154541016,2.508880615234375,0.43608802556991577,2.9677681922912598,0.0004284009337425232,-0.009521134197711945,0.06812620908021927,0.06769780814647675,0.10293664038181305,0.112457774579525,0.1508154720067978,0.2789928913116455,-0.12817741930484772,0.45888710021972656,0.2825907766819,0.384182347800606
247,Enjoys drawing or sketching,Does not enjoy drawing or sketching,0.13853025436401367,0.20698213577270508,1.815783143043518,4.244958400726318,1.0862690210342407,3.9871912002563477,2.900922179222107,1.0212883949279785,3.987191677093506,0.0401214137673378,0.016858160495758057,0.16447210311889648,0.12435068935155869,0.23487767577171326,0.2180195152759552,0.2695917785167694,0.28671562671661377,-0.01712384819984436,1.0862690210342407,0.5021032691001892,0.5377726333186462
355,Occasional migraines managed with prescription medication,No history of migraines.,0.24905915558338165,0.2595852017402649,1.4133599996566772,2.8302512168884277,0.600063145160675,2.6657538414001465,2.0656906962394714,0.5805802345275879,2.6657540798187256,0.011173531413078308,0.04069003462791443,0.25676825642585754,0.24559472501277924,0.28264328837394714,0.24195325374603271,0.2220732867717743,0.28417497873306274,-0.06210169196128845,0.600063145160675,0.32170864939689636,0.4638753404681194
280,Enjoys mariachi music at special events,Does not enjoy mariachi music at special events,0.2724837064743042,0.42500725388526917,1.7197803258895874,3.9173521995544434,0.7711396813392639,4.122926712036133,3.351787030696869,0.7303100824356079,4.122926235198975,-0.0026285648345947266,-0.023646920919418335,0.2695069909095764,0.27213555574417114,0.4050009548664093,0.42864787578582764,0.17068549990653992,0.28533294796943665,-0.11464744806289673,0.7711396813392639,0.4949380159378052,0.35817332720029416
601,Allergic reaction to certain shellfish,No allergic reaction to shellfish,0.4826579689979553,0.26797065138816833,1.789868950843811,3.3322181701660156,0.7118502855300903,2.953780174255371,2.2419298887252808,0.6590549349784851,2.953780174255371,-0.011696696281433105,0.02526131272315979,0.47669968008995056,0.48839637637138367,0.2924845516681671,0.2672232389450073,0.27059507369995117,0.15615463256835938,0.1144404411315918,0.7118502855300903,0.5622527599334717,0.21015307380992132
974,Likes to volunteer at literacy events,Does not like to volunteer at literacy events.,0.22102247178554535,0.18248480558395386,2.1844708919525146,3.6809310913085938,0.818605899810791,2.93414306640625,2.115537166595459,0.7641630172729492,2.93414306640625,0.025342345237731934,0.01251259446144104,0.27383074164390564,0.2484883964061737,0.2068602591753006,0.19434766471385956,0.26661938428878784,0.2684381604194641,-0.0018187761306762695,0.818605899810791,0.38927528262138367,0.5244655789661923
749,Enjoys beach walks during vacations,Enjoys mountain hikes during vacations,0.3551929295063019,0.4945712089538574,1.4616928100585938,4.161578178405762,0.942895770072937,4.450247764587402,3.5073519945144653,0.891588032245636,4.4502482414245605,-0.03423839807510376,-0.05339786410331726,0.31671398878097534,0.3509523868560791,0.448662132024765,0.5020599961280823,0.26277005672454834,0.27088671922683716,-0.008116662502288818,0.942895770072937,0.7116876840591431,0.2452106514338367
859,Values time alone for reflection,Values social interaction for stimulation,0.18292248249053955,0.41745492815971375,1.5560128688812256,4.658246994018555,1.0011088848114014,4.726612091064453,3.7255032062530518,0.9279688596725464,4.726611614227295,-0.02441573143005371,-0.05062040686607361,0.16141624748706818,0.1858319789171219,0.37254706025123596,0.42316746711730957,0.2471168339252472,0.276455819606781,-0.029338985681533813,1.0011088848114014,0.6442130208015442,0.3565005459691757
44,Carries a reusable water bottle,Does not carry a reusable water bottle,0.21067892014980316,0.3323846757411957,1.5096147060394287,3.0032966136932373,0.5887269377708435,2.597475528717041,2.0087485909461975,0.5389401316642761,2.597475528717041,0.011285081505775452,-0.023786723613739014,0.21772974729537964,0.2064446657896042,0.31136783957481384,0.33515456318855286,0.28650933504104614,0.2864128649234772,9.647011756896973e-05,0.5887269377708435,0.34755948185920715,0.4096422983884399
604,Enjoys family trips to Baja California,Does not enjoy family trips to Baja California,0.2519040107727051,0.3679203987121582,1.6257383823394775,4.0656023025512695,0.94888836145401,4.177098751068115,3.2282103896141052,0.910006582736969,4.177098274230957,0.009330183267593384,0.039557963609695435,0.26144111156463623,0.25211092829704285,0.40179428458213806,0.3622363209724426,0.28970032930374146,0.2888476848602295,0.0008526444435119629,0.94888836145401,0.5491452217102051,0.42127520579055955
526,Loves exploring second-hand bookstores,Dislikes exploring second-hand bookstores,0.40569189190864563,0.43017736077308655,1.9703431129455566,3.620335817337036,0.7950177788734436,3.591007947921753,2.7959901690483093,0.7479188442230225,3.591007709503174,-0.017734169960021973,-0.006103008985519409,0.38799551129341125,0.4057296812534332,0.42003631591796875,0.42613932490348816,0.27075842022895813,0.2885991334915161,-0.017840713262557983,0.7950177788734436,0.4724977910518646,0.4056764469828541
275,Keeps a collection of postcards from different countries,Does not keep a collection of postcards from different countries.,0.14084675908088684,0.1606426239013672,2.066413402557373,4.377142906188965,1.082412600517273,4.641190052032471,3.5587774515151978,1.0494606494903564,4.641190528869629,-0.008535534143447876,0.00465083122253418,0.13825508952140808,0.14679062366485596,0.1736091822385788,0.16895835101604462,0.17125171422958374,0.2877774238586426,-0.11652570962905884,1.082412600517273,0.5457566976547241,0.4957960602140874
346,Mild eczema flare-ups during winter months,No eczema flare-ups during winter months,0.3620351254940033,0.2801450788974762,1.5257402658462524,3.337596893310547,0.4945276975631714,2.2201790809631348,1.7256513833999634,0.45926523208618164,2.220179319381714,0.005942881107330322,0.002432495355606079,0.3815303444862366,0.37558746337890625,0.2816079556941986,0.27917546033859253,0.15801261365413666,0.059036269783973694,0.09897634387016296,0.4945276975631714,0.44230055809020996,0.10561014020107518
787,"Collects sports memorabilia, especially baseball cards","Does not collect sports memorabilia, especially baseball cards.",0.35925599932670593,0.2921903431415558,2.2811474800109863,3.135802984237671,0.6447100639343262,2.604170083999634,1.9594600200653076,0.5930476784706116,2.604170083999634,-0.006279885768890381,0.014211207628250122,0.32859113812446594,0.3348710238933563,0.27574393153190613,0.261532723903656,0.26900550723075867,0.2716693878173828,-0.0026638805866241455,0.6447100639343262,0.3511081337928772,0.4554014999389818
55,Decorates her studio with industrial metal and exposed brick,Decorates her studio with soft fabrics and pastel-colored walls,0.2846229374408722,0.18289418518543243,1.4736932516098022,2.1604902744293213,0.36631548404693604,1.8095093965530396,1.4431939125061035,0.3510693609714508,1.8095093965530396,0.0013985633850097656,0.0018327534198760986,0.28523388504981995,0.2838353216648102,0.18164052069187164,0.17980776727199554,0.2777697443962097,0.28936535120010376,-0.011595606803894043,0.36631548404693604,0.20123052597045898,0.4506633360202833
88,Enjoys reading poetry from Mahmoud Darwish and Taras Shevchenko,Does not enjoy reading poetry from Mahmoud Darwish and Taras Shevchenko.,0.27809202671051025,0.26219984889030457,2.6771631240844727,3.2097887992858887,0.32758474349975586,2.2495150566101074,1.9219303131103516,0.29181191325187683,2.2495150566101074,0.0004203319549560547,0.0031660795211791992,0.24035297334194183,0.23993264138698578,0.27761590480804443,0.27444982528686523,0.12381333112716675,0.0916367694735527,0.032176561653614044,0.32758474349975586,0.24588549137115479,0.24939883114142025
408,Values respect for elders,Does not value respect for elders,0.29924535751342773,0.2581334710121155,2.29472279548645,4.58978271484375,1.1158281564712524,4.029521942138672,2.9136937856674194,1.0497615337371826,4.029521465301514,-0.0020688772201538086,-0.0035464465618133545,0.3081865608692169,0.3102554380893707,0.2527232766151428,0.2562697231769562,0.22384163737297058,0.22680780291557312,-0.002966165542602539,1.1158281564712524,0.5284920334815979,0.5263678995581846
299,Enjoys watching thunderstorms,Dislikes watching thunderstorms,0.2779026925563812,0.3025971055030823,1.6852869987487793,4.046841621398926,0.8756060600280762,3.6743502616882324,2.7987442016601562,0.8451431393623352,3.6743502616882324,0.031044065952301025,-0.0061810314655303955,0.305755615234375,0.274711549282074,0.29584136605262756,0.30202239751815796,0.2855808734893799,0.26985055208206177,0.015730321407318115,0.8756060600280762,0.5094138383865356,0.41821572320981726
740,Practicing meditation for relaxation over religious services,Attending religious services over practicing meditation for relaxation,0.3994973301887512,0.3955495357513428,1.6875396966934204,2.9490275382995605,0.5346531271934509,3.158238649368286,2.623585522174835,0.5108902454376221,3.1582388877868652,-0.012889772653579712,0.02278226613998413,0.380341112613678,0.3932308852672577,0.4127940833568573,0.39001181721687317,0.20028027892112732,0.23658016324043274,-0.03629988431930542,0.5346531271934509,0.3451758325099945,0.35439294197731075
332,Loves eating spicy Tex-Mex cuisine,Hates eating spicy Tex-Mex cuisine.,0.2686588764190674,0.1556422859430313,1.5515522956848145,4.1068243980407715,0.9041164517402649,4.2961812019348145,3.3920647501945496,0.8155916929244995,4.296181678771973,-0.004004031419754028,0.012328937649726868,0.2655142843723297,0.26951831579208374,0.1701173633337021,0.15778842568397522,0.28589701652526855,0.26564112305641174,0.02025589346885681,0.9041164517402649,0.5829703211784363,0.3552043876025913
865,Mild pollen allergy developed in his late 30s.,No pollen allergy.,0.22258587181568146,0.43222445249557495,1.7529875040054321,3.810068130493164,0.7453290820121765,4.103644371032715,3.3583152890205383,0.6989997029304504,4.103645324707031,-0.012403056025505066,-0.05367925763130188,0.21077373623847961,0.22317679226398468,0.38134998083114624,0.4350292384624481,0.1810535192489624,0.17182657122612,0.009226948022842407,0.7453290820121765,0.5403576493263245,0.2750079631033415
76,Takes a daily statin prescription for cholesterol management,Does not take a daily statin prescription for cholesterol management.,0.1985819786787033,0.16469481587409973,2.0770018100738525,4.96556282043457,1.1661704778671265,4.762808799743652,3.596638321876526,1.086244821548462,4.762808799743652,0.030539855360984802,0.008581608533859253,0.2196536660194397,0.1891138106584549,0.16568513214588165,0.1571035236120224,0.2848953306674957,0.27823638916015625,0.0066589415073394775,1.1661704778671265,0.6958277821540833,0.40332241695337623
942,Likes cold weather destinations,Likes warm weather destinations,0.17548756301403046,0.1868094801902771,1.8658418655395508,4.809564590454102,1.2021534442901611,4.64428186416626,3.4421284198760986,1.1190540790557861,4.644281387329102,0.013392373919487,0.004724770784378052,0.19736769795417786,0.18397532403469086,0.20703132450580597,0.20230655372142792,0.24805590510368347,0.15197816491127014,0.09607774019241333,1.2021534442901611,0.7897244691848755,0.343075151565875
256,Mild lactose intolerance managed through diet adjustments,"No lactose intolerance, no dietary restrictions needed.",0.29631975293159485,0.15281054377555847,1.9631930589675903,3.539400339126587,0.6111347079277039,3.0839943885803223,2.4728596806526184,0.5324662923812866,3.0839943885803223,0.011144161224365234,0.004773586988449097,0.30852895975112915,0.2973847985267639,0.15599678456783295,0.15122319757938385,0.16205507516860962,0.11345174908638,0.048603326082229614,0.6111347079277039,0.533968448638916,0.1262671851030206
439,Experienced a minor concussion from a biking accident in childhood,Never experienced a concussion.,0.21140483021736145,0.33803942799568176,2.5557005405426025,4.72971248626709,1.1869642734527588,4.716020107269287,3.5290558338165283,1.1007871627807617,4.716020107269287,0.023295924067497253,-0.01710757613182068,0.22705121338367462,0.20375528931617737,0.3112948536872864,0.32840242981910706,0.2376956045627594,0.10027360171079636,0.13742200285196304,1.1869642734527588,1.190700650215149,-0.0031478426486430955
584,Enjoys winter getaways in snowy mountains,Enjoys summer vacations on sunny beaches,0.32187506556510925,0.17737451195716858,2.3814778327941895,5.200284004211426,1.3364537954330444,4.817184925079346,3.4807311296463013,1.2517122030258179,4.8171844482421875,0.01642930507659912,-0.04909476637840271,0.32291683554649353,0.3064875304698944,0.14929817616939545,0.19839294254779816,0.2663338780403137,0.28590407967567444,-0.019570201635360718,1.3364537954330444,0.6383370161056519,0.5223650691950673
261,Recovered fully from an appendectomy in early twenties,Never had an appendectomy.,0.2870343327522278,0.29872220754623413,1.7996140718460083,2.527235269546509,0.45977410674095154,2.2920539379119873,1.8322798311710358,0.44330698251724243,2.292053699493408,-0.011576294898986816,-0.003910362720489502,0.282049298286438,0.2936255931854248,0.2944886386394501,0.2983990013599396,0.21876196563243866,0.2773624062538147,-0.05860044062137604,0.45977410674095154,0.25928401947021484,0.43606215385177816
649,Uses Spanish idioms unconsciously in daily speech,Does not use Spanish idioms in daily speech,0.38439926505088806,0.30021098256111145,1.4793611764907837,3.5539326667785645,0.8633061051368713,3.5184967517852783,2.655190646648407,0.8451708555221558,3.5184967517852783,-0.03864842653274536,-0.005099892616271973,0.3448854386806488,0.38353386521339417,0.2978317439556122,0.30293163657188416,0.19275438785552979,0.22001537680625916,-0.02726098895072937,0.8633061051368713,0.48990708589553833,0.432522157574842
899,Enjoys high-end steakhouse dining,"Prefers casual, budget-friendly dining",0.2296217381954193,0.30151116847991943,1.8447209596633911,4.181972026824951,1.0990087985992432,4.047144889831543,2.9481360912323,1.0387804508209229,4.047145366668701,0.032729268074035645,-0.006558924913406372,0.2653413414955139,0.23261207342147827,0.31335538625717163,0.319914311170578,0.28903234004974365,0.2901592552661896,-0.0011269152164459229,1.0990087985992432,0.4357914328575134,0.6034686588378934
753,Experiences occasional acid reflux treated with over-the-counter remedies.,Does not experience acid reflux.,0.12610533833503723,0.3708574175834656,1.3823424577713013,3.222738027572632,0.7080676555633545,3.827249765396118,3.1191821098327637,0.6872705817222595,3.827249765396118,0.02054901421070099,-0.01057654619216919,0.14134766161441803,0.12079864740371704,0.3639642894268036,0.3745408356189728,0.19462725520133972,0.2800869941711426,-0.08545973896980286,0.7080676555633545,0.4540119767189026,0.35880141798359577
259,Buys fresh produce daily from neighborhood markets,Buys produce in bulk from supermarkets.,0.1556958556175232,0.1891016662120819,2.170543670654297,3.4364023208618164,0.8905479907989502,3.1184005737304688,2.2278525829315186,0.8760090470314026,3.1184005737304688,-0.00730539858341217,0.021116778254508972,0.1514606922864914,0.15876609086990356,0.19733481109142303,0.17621803283691406,0.29184311628341675,0.2899843454360962,0.0018587708473205566,0.8905479907989502,0.3536848723888397,0.6028458027606876
527,Past laparoscopic appendectomy at age 25,No history of laparoscopic appendectomy.,0.4287218451499939,0.33184999227523804,2.1481144428253174,1.199013113975525,0.3403138816356659,1.8146311044692993,1.4743172228336334,0.2984922528266907,1.8146312236785889,0.006651729345321655,-0.005003929138183594,0.44020262360572815,0.4335508942604065,0.33207398653030396,0.33707791566848755,0.03733193501830101,0.16350194811820984,-0.12617001309990883,0.3403138816356659,0.2333168089389801,0.3144070179635957
599,Attends church services regularly,Does not attend church services regularly,0.19122838973999023,0.2678830027580261,1.4547063112258911,4.660215854644775,1.1786080598831177,4.657071590423584,3.4784635305404663,1.0704820156097412,4.657072067260742,0.01244799792766571,-0.02645587921142578,0.20765119791030884,0.19520319998264313,0.23709982633590698,0.26355570554733276,0.2759230136871338,0.2761744260787964,-0.00025141239166259766,1.1786080598831177,0.625347375869751,0.46941871759152354
800,Uses a smartwatch for fitness tracking,Does not use a smartwatch for fitness tracking,0.3415316045284271,0.18672601878643036,1.7568861246109009,3.5331270694732666,0.7363120913505554,3.4158594608306885,2.679547369480133,0.7096893191337585,3.4158592224121094,-0.004274904727935791,0.023133203387260437,0.33781448006629944,0.34208938479423523,0.200298011302948,0.17716480791568756,0.2792600393295288,0.28538480401039124,-0.006124764680862427,0.7363120913505554,0.49590355157852173,0.3265035880791697
802,Likes going to trivia nights at local cafes,Dislikes going to trivia nights at local cafes,0.23260022699832916,0.45173171162605286,1.8536251783370972,4.3304009437561035,1.0564911365509033,4.198275089263916,3.1417839527130127,1.0099592208862305,4.198274612426758,-0.018560588359832764,0.03533807396888733,0.21850451827049255,0.23706510663032532,0.5042176246643066,0.4688795506954193,0.2445361614227295,0.28381454944610596,-0.039278388023376465,1.0564911365509033,0.5083178877830505,0.5188621369389416
901,"Past fracture of the wrist from a fall, fully healed",No history of wrist fracture from a fall.,0.25488653779029846,0.25996074080467224,1.9504057168960571,1.071069598197937,0.34210872650146484,1.6904737949371338,1.348365068435669,0.3019270896911621,1.6904739141464233,-0.00206640362739563,-0.0022238194942474365,0.2561735510826111,0.2582399547100067,0.2715217173099518,0.2737455368041992,0.03315168619155884,0.2556784749031067,-0.22252678871154785,0.34210872650146484,0.1977541297674179,0.4219553187382048
716,Low vitamin D levels requiring supplements,Normal vitamin D levels without need for supplements,0.2126910239458084,0.30117514729499817,1.4471135139465332,4.052796363830566,0.8225705623626709,3.676220655441284,2.8536500930786133,0.794448733329773,3.6762208938598633,-0.02852429449558258,0.001989036798477173,0.1841864436864853,0.21271073818206787,0.29310163855552673,0.29111260175704956,0.28408777713775635,0.27520257234573364,0.008885204792022705,0.8225705623626709,0.44829586148262024,0.4550061940036132
570,Vitamin D deficiency addressed through supplementation,Vitamin D deficiency not addressed through supplementation,0.2750200033187866,0.23584134876728058,1.79593026638031,2.985503911972046,0.6773205995559692,3.1464946269989014,2.469174027442932,0.6608948707580566,3.1464946269989014,-0.0034737586975097656,0.002847924828529358,0.27350515127182007,0.27697890996932983,0.22787818312644958,0.22503025829792023,0.04862642288208008,0.08656174689531326,-0.037935324013233185,0.6773205995559692,0.3563336133956909,0.47390701887807285
528,Mild seasonal pollen allergy,No seasonal pollen allergy,0.29729336500167847,0.20133019983768463,1.7968546152114868,3.2642009258270264,0.5948584079742432,3.055204391479492,2.460345983505249,0.5565481781959534,3.0552046298980713,0.007544368505477905,-0.0011477470397949219,0.2990928888320923,0.2915485203266144,0.18546825647354126,0.18661600351333618,0.17255699634552002,0.19036437571048737,-0.017807379364967346,0.5948584079742432,0.35373467206954956,0.4053464365172662
30,Plays ice hockey recreationally,Does not play ice hockey recreationally,0.26828208565711975,0.14758852124214172,1.6323349475860596,4.682915687561035,1.1646064519882202,4.772513389587402,3.607906937599182,1.077534556388855,4.772512912750244,-0.017891675233840942,-0.02040576934814453,0.2502383589744568,0.26813003420829773,0.1304216831922531,0.15082745254039764,0.24614454805850983,0.2536342442035675,-0.007489696145057678,1.1646064519882202,0.5418304800987244,0.5347522940700616
549,Prefers herbal teas from East Asia over coffee,Prefers coffee over herbal teas from East Asia.,0.2909388840198517,0.5022234916687012,1.6265455484390259,3.9789063930511475,0.8364192247390747,4.07040548324585,3.233986258506775,0.7980713248252869,4.070405006408691,-0.027730435132980347,0.03245431184768677,0.27162301540374756,0.2993534505367279,0.5249370336532593,0.4924827218055725,0.2832046449184418,0.2777838706970215,0.005420774221420288,0.8364192247390747,0.5972644090652466,0.2859269713084771
136,Loves skiing in the winter months,Dislikes skiing in the winter months,0.1263924092054367,0.479348748922348,1.9222853183746338,5.478611469268799,1.5180411338806152,5.3970866203308105,3.8790454864501953,1.440571904182434,5.3970866203308105,0.05190907418727875,-0.029174625873565674,0.17846937477588654,0.1265603005886078,0.4272669851779938,0.45644161105155945,0.24855457246303558,0.2605765163898468,-0.012021943926811218,1.5180411338806152,0.8764601349830627,0.4226374269961046
370,Seasonal allergic rhinitis triggered by spring pollen,Seasonal allergic rhinitis triggered by autumn pollen,0.3435623049736023,0.3891787827014923,1.5358304977416992,2.6858177185058594,0.48792609572410583,2.184438467025757,1.696512371301651,0.4564346373081207,2.184438705444336,0.013864070177078247,0.017223238945007324,0.36002591252326965,0.3461618423461914,0.4036611318588257,0.38643789291381836,0.2325538694858551,0.1853458285331726,0.047208040952682495,0.48792609572410583,0.35559704899787903,0.27120715183278754
292,Learns indigenous languages via online courses,Learns indigenous languages via in-person classes,0.22306044399738312,0.17407146096229553,1.5768126249313354,3.935849666595459,0.7751901149749756,3.9387431144714355,3.16355299949646,0.7279894351959229,3.9387433528900146,-0.006075337529182434,0.003523886203765869,0.21637065708637238,0.2224459946155548,0.17499946057796478,0.1714755743741989,0.10927660018205643,0.2506326138973236,-0.14135601371526718,0.7751901149749756,0.3116666078567505,0.5979481654422134
986,Avoids wine in favor of craft beers,Prefers wine over craft beers,0.5299797654151917,0.20147673785686493,2.158334970474243,4.255312919616699,1.0805162191390991,4.158383846282959,3.07786762714386,0.9967763423919678,4.158383369445801,0.024886786937713623,0.004015818238258362,0.5475968718528748,0.5227100849151611,0.20369969308376312,0.19968387484550476,0.2823750376701355,0.2907397150993347,-0.008364677429199219,1.0805162191390991,0.5640407204627991,0.4779895845411758
86,Occasionally does simple DIY home projects,Rarely does DIY home projects,0.25816670060157776,0.2553451955318451,1.657047986984253,2.2841343879699707,0.5099950432777405,2.0521047115325928,1.5421096682548523,0.4704657196998596,2.0521044731140137,0.0039523690938949585,0.0032305121421813965,0.24993717670440674,0.24598480761051178,0.26249757409095764,0.25926706194877625,0.28803157806396484,0.2810639441013336,0.006967633962631226,0.5099950432777405,0.25137296319007874,0.5071070464244054
215,Enjoys European mythological theatre productions,Does not enjoy European mythological theatre productions,0.2730768024921417,0.17891189455986023,2.520364284515381,2.6993348598480225,0.7379473447799683,3.1453442573547363,2.407396912574768,0.7165854573249817,3.1453440189361572,0.0013772845268249512,0.030912652611732483,0.27667638659477234,0.2752991020679474,0.1972530037164688,0.16634035110473633,0.19797363877296448,0.23057419061660767,-0.03260055184364319,0.7379473447799683,0.532802402973175,0.2779940103557941
10,Shops for groceries at local markets,Shops for groceries at supermarkets,0.4910891354084015,0.3864017724990845,2.021744966506958,3.360905647277832,0.7593516707420349,3.1605896949768066,2.4012380242347717,0.7323299050331116,3.1605892181396484,-0.0001812577247619629,0.002964586019515991,0.5027139186859131,0.502895176410675,0.4061565399169922,0.4031919538974762,0.28546684980392456,0.2836456298828125,0.0018212199211120605,0.7593516707420349,0.42101362347602844,0.44556173417697775
328,Collects vintage board games,Does not collect vintage board games,0.2545848488807678,0.1801110953092575,1.6435863971710205,7.244570732116699,1.9593180418014526,7.731705665588379,5.772387623786926,1.8815573453903198,7.731705188751221,-0.025323137640953064,0.014110773801803589,0.23371995985507965,0.2590430974960327,0.19376002252101898,0.1796492487192154,0.23800687491893768,0.25676286220550537,-0.018755987286567688,1.9593180418014526,1.426195502281189,0.2720959681615016
822,Mild lactose intolerance managed through diet adjustments,No lactose intolerance and no dietary restrictions related to dairy,0.4795423150062561,0.40312761068344116,1.4198569059371948,2.2499747276306152,0.2956083416938782,1.674826979637146,1.3792186379432678,0.27796435356140137,1.6748270988464355,0.009155064821243286,0.019465863704681396,0.49678993225097656,0.4876348674297333,0.42724117636680603,0.40777531266212463,0.049340248107910156,0.037485428154468536,0.01185481995344162,0.2956083416938782,0.3042827546596527,-0.029344276673888503
363,Presbyopia requiring reading glasses,"No presbyopia, no reading glasses needed",0.3160032629966736,0.4179023504257202,1.787442922592163,4.017993450164795,0.9047245383262634,4.470705986022949,3.565981447696686,0.8698968887329102,4.470705986022949,-0.003384232521057129,-0.027517259120941162,0.31275975704193115,0.3161439895629883,0.39615973830223083,0.423676997423172,0.17068660259246826,0.26757779717445374,-0.09689119458198547,0.9047245383262634,0.5532348155975342,0.3885046860550325
371,Listens to gospel music regularly,Does not listen to gospel music regularly,0.19174811244010925,0.2563929855823517,1.9721527099609375,2.3805387020111084,0.5360965728759766,2.245303153991699,1.7092065811157227,0.48699167370796204,2.245303153991699,0.006034135818481445,0.011121183633804321,0.19658274948596954,0.1905486136674881,0.2648204267024994,0.25369924306869507,0.28258800506591797,0.27512264251708984,0.007465362548828125,0.5360965728759766,0.317162424325943,0.40838565218860845
319,Occasional migraines related to screen time and stress,"No migraines, even with extended screen time and stress.",0.28371134400367737,0.2783079445362091,1.5940989255905151,3.1854658126831055,0.6151674389839172,2.9570000171661377,2.3418325781822205,0.5919845104217529,2.9569997787475586,0.0375826358795166,-0.01151275634765625,0.3149573802947998,0.2773747444152832,0.27179059386253357,0.2833033502101898,0.27859199047088623,0.26501503586769104,0.01357695460319519,0.6151674389839172,0.5026966333389282,0.18282958186271858
168,Prefers printed books or newspapers over e-readers for leisure reading,Prefers e-readers over printed books or newspapers for leisure reading.,0.17018257081508636,0.3008923828601837,1.8947622776031494,3.31853985786438,0.6316619515419006,3.3863282203674316,2.754666268825531,0.6084780693054199,3.3863282203674316,0.01462601125240326,-0.020015060901641846,0.18418926000595093,0.16956324875354767,0.2796468436717987,0.29966190457344055,0.13866408169269562,0.2401277720928192,-0.1014636904001236,0.6316619515419006,0.40332868695259094,0.3614801620264497
411,Drinks a lot of water during the day,Drinks little water during the day,0.3153360188007355,0.3717898428440094,1.915985345840454,2.853252649307251,0.60578852891922,2.6488304138183594,2.0430418848991394,0.574101448059082,2.6488306522369385,0.00682559609413147,-0.01256251335144043,0.3420396149158478,0.3352140188217163,0.3689407706260681,0.38150328397750854,0.2223290055990219,0.2806761860847473,-0.0583471804857254,0.60578852891922,0.3657141327857971,0.39630066380051254
213,Volunteers in occasional local charity drives,Does not volunteer in occasional local charity drives,0.24967461824417114,0.33141767978668213,1.7083690166473389,2.9903111457824707,0.6034290790557861,2.545734167098999,1.942305088043213,0.5541707277297974,2.545734167098999,-0.0025788545608520508,-0.009223759174346924,0.22843320667743683,0.23101206123828888,0.3102206885814667,0.3194444477558136,0.21700622141361237,0.23483797907829285,-0.01783175766468048,0.6034290790557861,0.28525790572166443,0.5272718607329616
66,Wants to learn chess strategy,Does not want to learn chess strategy,0.21071857213974,0.2825673818588257,1.7909672260284424,6.635054588317871,1.7864739894866943,6.870491027832031,5.084017038345337,1.5914204120635986,6.8704915046691895,0.01077619194984436,0.04714563488960266,0.22465407848358154,0.21387788653373718,0.3346441388130188,0.28749850392341614,0.2848174571990967,0.1806625872850418,0.10415486991405487,1.7864739894866943,1.3905762434005737,0.2216084580105605
307,Collects sports memorabilia,Does not collect sports memorabilia,0.2669731378555298,0.20525072515010834,1.823469877243042,4.955215930938721,0.8230881690979004,4.7070112228393555,3.883923053741455,0.7658160924911499,4.707010746002197,-0.0016601085662841797,-0.036172136664390564,0.26523131132125854,0.2668914198875427,0.17248599231243134,0.2086581289768219,0.21277666091918945,0.24415332078933716,-0.031376659870147705,0.8230881690979004,0.4323287010192871,0.47474800726012534
548,Enjoys surfing during summer vacations,Prefers not to surf during summer vacations,0.2946312129497528,0.3254891037940979,1.842987060546875,2.9126076698303223,0.7329093813896179,2.8764657974243164,2.1435564160346985,0.7039960622787476,2.8764660358428955,0.03483814001083374,-0.005420565605163574,0.31336620450019836,0.2785280644893646,0.328571081161499,0.3339916467666626,0.23938068747520447,0.1934381127357483,0.04594257473945618,0.7329093813896179,0.41832298040390015,0.4292296005124844
660,Collects bookmarks from different places traveled,Does not collect bookmarks from different places traveled.,0.2607819437980652,0.27685725688934326,1.8692420721054077,2.3318450450897217,0.42223167419433594,1.6945538520812988,1.272322177886963,0.3997148275375366,1.6945539712905884,-0.003775686025619507,0.010655909776687622,0.24644625186920166,0.25022193789482117,0.2932272255420685,0.28257131576538086,0.26342326402664185,0.2794581651687622,-0.01603490114212036,0.42223167419433594,0.16203820705413818,0.6162338901662819
767,History of mild hypertension managed with lifestyle adjustments.,No history of hypertension.,0.2740711569786072,0.21009814739227295,1.9021365642547607,4.605080604553223,0.8831433057785034,4.491171360015869,3.6080280542373657,0.8115488290786743,4.491171360015869,-0.0024538636207580566,0.007248535752296448,0.2804400324821472,0.2828938961029053,0.2180383950471878,0.21078985929489136,0.17215512692928314,0.11141583323478699,0.060739293694496155,0.8831433057785034,0.72618168592453,0.17773063423224333
662,Occasional migraine headaches triggered by stress,"No history of migraine headaches, even during periods of stress.",0.32500407099723816,0.26719534397125244,1.6519471406936646,2.479879379272461,0.46476060152053833,2.275749444961548,1.8109888434410095,0.44891902804374695,2.2757492065429688,0.0011064708232879639,-0.0002665519714355469,0.3280740976333618,0.32696762681007385,0.26837506890296936,0.2686416208744049,0.2755836546421051,0.2658229470252991,0.00976070761680603,0.46476060152053833,0.28091126680374146,0.3955785712371154
244,Received preventive vaccinations for yellow fever and typhoid before South America travel,Did not receive preventive vaccinations for yellow fever and typhoid before South America travel.,0.6359543800354004,0.3129746615886688,2.1893019676208496,3.9063374996185303,0.9929124712944031,3.8470473289489746,2.8541348576545715,0.9503054022789001,3.8470468521118164,0.07175898551940918,0.03807878494262695,0.6757417321205139,0.6039827466011047,0.329698771238327,0.2916199862957001,0.2883132994174957,0.2881307899951935,0.0001825094223022461,0.9929124712944031,0.5440297722816467,0.4520868777361349
959,Travels during summer vacations,Travels during winter vacations,0.2267375886440277,0.3624741733074188,1.5834064483642578,2.260653257369995,0.5772738456726074,2.2630836963653564,1.685809850692749,0.5521249771118164,2.2630836963653564,-0.01490667462348938,0.010347306728363037,0.21088732779026031,0.2257940024137497,0.36329856514930725,0.3529512584209442,0.2823101282119751,0.27209773659706116,0.01021239161491394,0.5772738456726074,0.22760118544101715,0.6057309937957974
208,Frequently donates to literacy charities,Rarely donates to literacy charities,0.418821781873703,0.2960796058177948,1.9145634174346924,3.124894142150879,0.6014552116394043,2.1949386596679688,1.5934834480285645,0.5703405141830444,2.194938898086548,-0.02183741331100464,-0.00958368182182312,0.4164997935295105,0.43833720684051514,0.3039618134498596,0.31354549527168274,0.2824760675430298,0.2502439022064209,0.03223216533660889,0.6014552116394043,0.30020013451576233,0.5008769918253797
810,Likes to share books with friends,Likes to keep books to oneself,0.3599887192249298,0.22309711575508118,1.4533617496490479,5.272486209869385,1.5332286357879639,4.98736047744751,3.454131841659546,1.4437216520309448,4.98736047744751,0.010215222835540771,-0.008271798491477966,0.3834221065044403,0.37320688366889954,0.21597672998905182,0.22424852848052979,0.26964569091796875,0.03985441476106644,0.2297912761569023,1.5332286357879639,1.47401762008667,0.03861851671643479
529,History of eczema flare-ups during winter months,History of eczema flare-ups during summer months,0.2543329894542694,0.2869444191455841,1.6263428926467896,1.5320028066635132,0.17662031948566437,0.8923327922821045,0.7157124727964401,0.15662086009979248,0.8923327326774597,0.0013443827629089355,-0.0002823770046234131,0.2536170184612274,0.2522726356983185,0.28282034397125244,0.28310272097587585,0.1382683366537094,0.20351937413215637,-0.06525103747844696,0.17662031948566437,0.11414527893066406,0.35372510216793707
866,Enjoys swimming at local pools,Prefers not to swim at local pools,0.24007855355739594,0.3022608458995819,1.9006766080856323,2.394591808319092,0.49463987350463867,2.2004239559173584,1.7057840824127197,0.4784317910671234,2.2004237174987793,-0.006689995527267456,0.013871103525161743,0.2322603464126587,0.23895034193992615,0.3008539080619812,0.28698280453681946,0.21954505145549774,0.2776673436164856,-0.058122292160987854,0.49463987350463867,0.2791690528392792,0.4356115068902524
158,Enjoys birdwatching in local parks,Dislikes birdwatching in local parks,0.19564057886600494,0.21533405780792236,1.482711672782898,3.9860236644744873,0.9214476943016052,3.9571664333343506,3.0357187390327454,0.8487367033958435,3.9571661949157715,-0.010112106800079346,0.012913256883621216,0.18180017173290253,0.19191227853298187,0.22610343992710114,0.21319018304347992,0.2655973434448242,0.27715378999710083,-0.011556446552276611,0.9214476943016052,0.4325110614299774,0.5306178917102924
210,Occasional acid reflux managed with over-the-counter medication,No history of acid reflux.,0.17308636009693146,0.2891995310783386,1.8126057386398315,3.4927914142608643,0.7474311590194702,3.0010292530059814,2.2535980939865112,0.6978712677955627,3.0010292530059814,0.039131760597229004,0.010436773300170898,0.20329007506370544,0.16415831446647644,0.2942444980144501,0.2838077247142792,0.2663871645927429,0.24388521909713745,0.02250194549560547,0.7474311590194702,0.4831457734107971,0.3535916082965824
199,Mild eczema flare-ups linked to dry winter air,Mild eczema improvements during humid summer months,0.3057098090648651,0.20257876813411713,1.7204314470291138,1.2940053939819336,0.3235509395599365,1.535559892654419,1.2120089530944824,0.30887147784233093,1.535559892654419,-0.0017458200454711914,-0.0026050209999084473,0.30762621760368347,0.30937203764915466,0.190837100148201,0.19344212114810944,0.05465632677078247,0.16184557974338531,-0.10718925297260284,0.3235509395599365,0.20856325328350067,0.35539283685230916
174,Travels using budget airlines for short trips,Travels using full-service airlines for short trips,0.33199790120124817,0.42721250653266907,1.9023469686508179,3.6998450756073,0.9227864742279053,3.1272783279418945,2.2044918537139893,0.8792884349822998,3.1272783279418945,0.0008346140384674072,-0.0018804669380187988,0.32835158705711365,0.32751697301864624,0.4098036289215088,0.4116840958595276,0.28256481885910034,0.281657874584198,0.0009069442749023438,0.9227864742279053,0.3954068422317505,0.5715077612482486
309,Enjoys loud punk rock concerts,Enjoys quiet acoustic music sessions,0.2689841091632843,0.19270703196525574,1.964309811592102,4.099402904510498,1.0215400457382202,3.8268821239471436,2.8053420782089233,0.965828001499176,3.826882839202881,-0.0037752091884613037,-0.002896621823310852,0.26349812746047974,0.26727333664894104,0.1906500905752182,0.19354671239852905,0.28003984689712524,0.25838571786880493,0.021654129028320312,1.0215400457382202,0.5533840656280518,0.45828451078670496
867,Enjoys star-gazing on clear nights,Prefers staying indoors at night,0.22133471071720123,0.2564220130443573,1.6531922817230225,3.266021490097046,0.6379073262214661,2.999358654022217,2.3614513278007507,0.5958000421524048,2.999358654022217,0.03509034216403961,-0.015363886952400208,0.2637557089328766,0.22866536676883698,0.2368142455816269,0.2521781325340271,0.2683679461479187,0.2766033411026001,-0.008235394954681396,0.6379073262214661,0.4265304207801819,0.33135989626163853
542,Enjoys dancing at parties,Dislikes dancing at parties,0.296468585729599,0.3306894302368164,1.580019474029541,1.3270314931869507,0.2234518676996231,1.4374964237213135,1.2140445560216904,0.2210092842578888,1.4374964237213135,0.007292956113815308,0.016955971717834473,0.31925755739212036,0.31196460127830505,0.36606621742248535,0.3491102457046509,0.033672623336315155,0.04067893326282501,-0.007006309926509857,0.2234518676996231,0.19612672924995422,0.12228646254324849
277,Family history of type 2 diabetes on maternal side,No family history of type 2 diabetes on maternal side,0.5930788516998291,0.6993094086647034,1.947703242301941,0.7455472946166992,0.35356077551841736,1.8885785341262817,1.5350177586078644,0.31564170122146606,1.8885785341262817,0.02278435230255127,0.007865488529205322,0.5920370817184448,0.5692527294158936,0.6991098523139954,0.69124436378479,0.03873274475336075,0.2801182270050049,-0.24138548225164413,0.35356077551841736,0.21133160591125488,0.4022764386083705
998,Prefers text-based communication to voice calls,Prefers voice calls to text-based communication,0.15494504570960999,0.17908424139022827,1.7395435571670532,4.9299092292785645,1.3178428411483765,5.335452556610107,4.017609715461731,1.2316334247589111,5.335453510284424,-0.03046467900276184,0.010348305106163025,0.1471213549375534,0.17758603394031525,0.1774156391620636,0.16706733405590057,0.2551208734512329,0.26290738582611084,-0.00778651237487793,1.3178428411483765,0.7048702836036682,0.46513327568753204
209,Enjoys reading mystery novels,Enjoys reading romance novels,0.24622532725334167,0.18939948081970215,2.02420973777771,4.687894344329834,1.2416181564331055,4.283773422241211,3.0421552658081055,1.0368484258651733,4.283773422241211,0.009294778108596802,-0.022233188152313232,0.24607153236865997,0.23677675426006317,0.1719798445701599,0.19421303272247314,0.25854605436325073,0.07612903416156769,0.18241702020168304,1.2416181564331055,1.0892287492752075,0.12273451895684184
559,Family history of type 2 diabetes on maternal side,No family history of type 2 diabetes on maternal side,0.3761686682701111,0.2172214686870575,1.8528542518615723,4.020905017852783,1.04721999168396,4.207877159118652,3.1606571674346924,0.9920299053192139,4.207877159118652,0.03789082169532776,0.029544934630393982,0.40792393684387207,0.3700331151485443,0.23766469955444336,0.20811976492404938,0.2809542119503021,0.23539748787879944,0.045556724071502686,1.04721999168396,0.5950276255607605,0.43180264864506746
101,Keeps up with current events,Uninterested in current events,0.4061230421066284,0.13192211091518402,2.1163790225982666,5.166744232177734,1.4440747499465942,5.739370346069336,4.295295596122742,1.290393590927124,5.739370346069336,0.09752550721168518,0.003767654299736023,0.4762154221534729,0.3786899149417877,0.1378006786108017,0.13403302431106567,0.2859653830528259,0.28532588481903076,0.000639498233795166,1.4440747499465942,0.8961228728294373,0.3794484164600356
879,Enjoys exploring bookstores,Does not enjoy exploring bookstores,0.290340393781662,0.18187466263771057,2.0253195762634277,4.040622234344482,0.9927603006362915,4.3752217292785645,3.382461428642273,0.9103435277938843,4.375222206115723,-0.06829512119293213,0.029582425951957703,0.22504517436027527,0.2933402955532074,0.20749951899051666,0.17791709303855896,0.2391911745071411,0.28180962800979614,-0.04261845350265503,0.9927603006362915,0.40562811493873596,0.5914138441285817
351,Occasional acid reflux controlled through diet adjustments,Frequent acid reflux requiring medical management,0.29736950993537903,0.23678447306156158,1.4439435005187988,1.8874799013137817,0.32440340518951416,1.2739231586456299,0.9495197534561157,0.3036063015460968,1.2739229202270508,-0.000274658203125,0.0009458065032958984,0.29548126459121704,0.29575592279434204,0.2370373159646988,0.2360915094614029,0.2661951184272766,0.27998802065849304,-0.01379290223121643,0.32440340518951416,0.17853812873363495,0.44964163175372884
837,Maintains a bird feeder in the backyard,Does not maintain a bird feeder in the backyard,0.27237439155578613,0.23537644743919373,1.451830506324768,3.078411102294922,0.5891872048377991,2.7395548820495605,2.1503676772117615,0.5536113977432251,2.7395546436309814,0.0022073090076446533,-0.0009108632802963257,0.2732965350151062,0.27108922600746155,0.23080575466156006,0.23171661794185638,0.2673816978931427,0.2790386974811554,-0.011656999588012695,0.5891872048377991,0.33758193254470825,0.4270379095594188
989,Enjoys watching hockey games on TV,Does not enjoy watching hockey games on TV.,0.21491916477680206,0.28661271929740906,1.1986387968063354,5.463164806365967,1.5983299016952515,5.930368900299072,4.332038998603821,1.5378910303115845,5.930368900299072,0.03356507420539856,-0.0007812678813934326,0.25136318802833557,0.217798113822937,0.28935590386390686,0.2901371717453003,0.25766316056251526,0.27904215455055237,-0.02137899398803711,1.5983299016952515,0.7892785668373108,0.5061854464462118
764,Likes pop music from K-pop and J-pop groups,Dislikes pop music from K-pop and J-pop groups,0.2374005913734436,0.1565360575914383,1.4391294717788696,3.307731866836548,0.8441394567489624,3.1112945079803467,2.2671550512313843,0.8085979223251343,3.1112945079803467,-0.008583009243011475,0.0009037107229232788,0.21843022108078003,0.2270132303237915,0.1525692194700241,0.15166550874710083,0.2723221182823181,0.2808665633201599,-0.008544445037841797,0.8441394567489624,0.3761212229728699,0.5544323630820114
670,Keeps indoor plants for air purification,Does not keep indoor plants for air purification.,0.2648581862449646,0.12648794054985046,1.998474359512329,3.9421308040618896,0.856124222278595,3.6215555667877197,2.7654313445091248,0.7998955845832825,3.621555805206299,-0.012379437685012817,-0.017142079770565033,0.25879427790641785,0.27117371559143066,0.10937393456697464,0.12651601433753967,0.28789281845092773,0.2903140187263489,-0.0024212002754211426,0.856124222278595,0.4960232675075531,0.420617645664346
54,Keeps a small collection of houseplants,Does not keep houseplants,0.3376266658306122,0.38201484084129333,1.8195641040802002,2.6294991970062256,0.5090459585189819,2.688344717025757,2.179298758506775,0.46761614084243774,2.688344717025757,-0.00211334228515625,-0.009772628545761108,0.3291438817977905,0.3312572240829468,0.35663995146751404,0.36641258001327515,0.28005701303482056,0.28946369886398315,-0.009406685829162598,0.5090459585189819,0.2529752254486084,0.5030404991631514
636,Watches cooking shows on TV or online,Does not watch cooking shows on TV or online,0.33171215653419495,0.3981498181819916,1.9555050134658813,4.0164594650268555,0.8662262558937073,3.7251744270324707,2.8589481711387634,0.7900921702384949,3.7251741886138916,-0.0016598701477050781,0.002303898334503174,0.342612087726593,0.3442719578742981,0.4197670817375183,0.41746318340301514,0.2464369535446167,0.11159595847129822,0.13484099507331848,0.8662262558937073,0.7413365244865417,0.14417680202768002
621,Enjoys photography as a hobby,Does not enjoy photography as a hobby,0.32126906514167786,0.3444552719593048,1.5297234058380127,4.913559913635254,1.2407751083374023,4.7424702644348145,3.501695156097412,1.134700894355774,4.7424702644348145,0.0033919215202331543,-0.04880654811859131,0.35117387771606445,0.3477819561958313,0.2889966368675232,0.3378031849861145,0.28090131282806396,0.27511876821517944,0.0057825446128845215,1.2407751083374023,0.631261944770813,0.4912358085449642
617,Diagnosed with hypertension and taking daily medication,Not diagnosed with hypertension and not taking daily medication,0.20552456378936768,0.30486196279525757,2.154792070388794,3.7070655822753906,0.8231458067893982,3.2680909633636475,2.4449451565742493,0.7399835586547852,3.2680912017822266,-0.028163999319076538,-0.03957650065422058,0.17972204089164734,0.20788604021072388,0.27772751450538635,0.31730401515960693,0.2655778229236603,0.15429353713989258,0.1112842857837677,0.8231458067893982,0.6494709849357605,0.2109891351218076
924,Volunteers at veterans’ organizations,Does not volunteer at veterans’ organizations,0.17679716646671295,0.16820505261421204,2.1077873706817627,3.9794681072235107,0.8867039680480957,3.297170877456665,2.4104669094085693,0.8105589151382446,3.297170877456665,-0.04604698717594147,0.007954537868499756,0.15878893435001373,0.2048359215259552,0.1753568798303604,0.16740234196186066,0.277189701795578,0.27206701040267944,0.00512269139289856,0.8867039680480957,0.34529542922973633,0.6105854471477823
221,Likes watching nature documentaries,Dislikes watching nature documentaries,0.2913138270378113,0.2585526704788208,1.568463921546936,4.504619121551514,1.2544666528701782,4.734274387359619,3.479807734489441,1.1867752075195312,4.734273910522461,-0.02325090765953064,-0.04678170382976532,0.2702585458755493,0.29350945353507996,0.21735523641109467,0.26413694024086,0.25753629207611084,0.22295309603214264,0.0345831960439682,1.2544666528701782,0.8669670820236206,0.30889587217003445
938,Enjoys classical music performances,Dislikes classical music performances,0.3080331087112427,0.3574720025062561,2.2028472423553467,4.342613220214844,1.0821183919906616,4.345430374145508,3.263311982154846,0.9975265264511108,4.345430850982666,0.014041393995285034,0.05127716064453125,0.3296333849430084,0.3155919909477234,0.4203833341598511,0.3691061735153198,0.266374409198761,0.28756749629974365,-0.021193087100982666,1.0821183919906616,0.5793120861053467,0.4646499954227319
741,Enjoys abstract modern art over traditional landscapes,Enjoys traditional landscapes over abstract modern art,0.4901643395423889,0.2152021825313568,1.6870789527893066,4.664299488067627,1.275396466255188,5.1538848876953125,3.8784884214401245,1.2088590860366821,5.153884410858154,-0.02825087308883667,0.04294757544994354,0.46041280031204224,0.4886636734008789,0.2539381980895996,0.21099062263965607,0.2581835091114044,0.28494757413864136,-0.02676406502723694,1.275396466255188,0.7978267073631287,0.3744480806774516
298,Plays video games with his kids occasionally,Does not play video games with his kids.,0.2975696325302124,0.2245425581932068,1.7142261266708374,5.228179454803467,1.5315097570419312,5.495516777038574,3.964007019996643,1.4544507265090942,5.495516300201416,0.00904834270477295,-0.03767786920070648,0.30975592136383057,0.3007075786590576,0.18875186145305634,0.22642973065376282,0.26619231700897217,0.11808738857507706,0.1481049284338951,1.5315097570419312,1.2043850421905518,0.21359623296374664
137,Enjoys attending theater plays,Does not enjoy attending theater plays,0.24311396479606628,0.2109898030757904,1.8482370376586914,4.254743576049805,0.9787516593933105,4.219396114349365,3.2406444549560547,0.9403217434883118,4.219396591186523,-0.027585864067077637,-0.016615524888038635,0.21169579029083252,0.23928165435791016,0.1891368329524994,0.20575235784053802,0.20610292255878448,0.2781282663345337,-0.0720253437757492,0.9787516593933105,0.42869365215301514,0.5619995654273062
948,Previous right knee ligament strain from a cycling accident,Previous left knee ligament strain from a cycling accident,0.35226455330848694,0.23636887967586517,1.740185022354126,2.2744574546813965,0.36273208260536194,1.7538914680480957,1.3911593854427338,0.340955525636673,1.7538914680480957,0.03212389349937439,0.028435111045837402,0.3753666281700134,0.34324273467063904,0.2362203150987625,0.2077852040529251,0.26565831899642944,0.28449729084968567,-0.018838971853256226,0.36273208260536194,0.2520345151424408,0.3051772169360484
432,Mild exercise-induced asthma managed without daily medication,Mild exercise-induced asthma requiring daily medication,0.28967687487602234,0.35117897391319275,1.8780598640441895,1.3675003051757812,0.2161046862602234,1.0441149473190308,0.8280102610588074,0.19864347577095032,1.0441150665283203,-0.003352910280227661,-0.005000442266464233,0.28493940830230713,0.2882923185825348,0.3514831066131592,0.3564835488796234,0.07228591293096542,0.14675533771514893,-0.0744694247841835,0.2161046862602234,0.1359504610300064,0.3709046139503839
139,Follows North American baseball,Does not follow North American baseball,0.208060622215271,0.20350055396556854,2.210132598876953,4.597582817077637,1.4779125452041626,5.730747222900391,4.252834677696228,1.359562635421753,5.730746269226074,0.06460055708885193,0.0023681819438934326,0.25098538398742676,0.18638482689857483,0.2114557921886444,0.20908761024475098,0.26909077167510986,0.26262032985687256,0.006470441818237305,1.4779125452041626,1.1881848573684692,0.1960384521911407
635,Likes karaoke with friends on weekends,Dislikes karaoke with friends on weekends,0.3106255829334259,0.18456323444843292,1.7954665422439575,2.437206268310547,0.3978167772293091,2.0801684856414795,1.6823517084121704,0.3850376307964325,2.0801687240600586,-0.009529709815979004,-0.005657747387886047,0.3010559380054474,0.3105856478214264,0.1735466569662094,0.17920440435409546,0.15128517150878906,0.18636707961559296,-0.035081908106803894,0.3978167772293091,0.27347156405448914,0.31256905261978185
254,Follows Latin pop artists on social media,Does not follow Latin pop artists on social media,0.19831858575344086,0.1521449238061905,1.9362270832061768,4.157351970672607,1.114378809928894,4.339995384216309,3.2256165742874146,1.0335781574249268,4.339995861053467,-0.016352877020835876,-0.014836370944976807,0.1851576715707779,0.20151054859161377,0.14337240159511566,0.15820877254009247,0.28852835297584534,0.29089778661727905,-0.002369433641433716,1.114378809928894,0.4521166682243347,0.5942881682637313
39,Collects interesting postcards from travels,Does not collect postcards from travels,0.1528322696685791,0.15381984412670135,2.1228392124176025,2.4098167419433594,0.4883086383342743,1.7316501140594482,1.243341475725174,0.4585571587085724,1.7316499948501587,0.019646286964416504,0.013485297560691833,0.1744871735572815,0.154840886592865,0.16820009052753448,0.15471479296684265,0.28275662660598755,0.28685373067855835,-0.004097104072570801,0.4883086383342743,0.19527287781238556,0.6001035769539049
652,Keeps annual handwritten journals,Keeps digital annual journals,0.24763117730617523,0.2568143606185913,2.302083730697632,3.115797996520996,0.4061715602874756,1.7043184041976929,1.2981468439102173,0.3380342125892639,1.7043184041976929,-0.005653515458106995,-0.0007537007331848145,0.23738513886928558,0.24303865432739258,0.261308878660202,0.26206257939338684,0.2677968442440033,0.22414934635162354,0.04364749789237976,0.4061715602874756,0.2593590021133423,0.36145454908320995
513,Supports women’s empowerment campaigns,Does not support women’s empowerment campaigns,0.40387654304504395,0.2973596751689911,1.7547566890716553,3.4179320335388184,0.6192376613616943,2.582822799682617,1.9635851383209229,0.5519348382949829,2.582822799682617,0.0018777549266815186,0.008158862590789795,0.41859376430511475,0.4167160093784332,0.311648428440094,0.3034895658493042,0.17415644228458405,0.08182168006896973,0.09233476221561432,0.6192376613616943,0.6132320165634155,0.009698448871912069
78,Mild seasonal allergic rhinitis triggered by pollen,No seasonal allergic rhinitis triggered by pollen,0.32378825545310974,0.21281951665878296,1.820440411567688,2.9756040573120117,0.5422652959823608,2.720313310623169,2.178048014640808,0.5231301784515381,2.720313549041748,0.020800501108169556,-0.0060315728187561035,0.3374577462673187,0.31665724515914917,0.20465925335884094,0.21069082617759705,0.20442038774490356,0.22382931411266327,-0.019408926367759705,0.5422652959823608,0.3166407346725464,0.4160778183325855
543,Knee pain from a past sports injury in college,No history of knee pain or past sports injuries,0.5290762782096863,0.47541067004203796,1.803537368774414,3.583488702774048,0.580626904964447,3.124041795730591,2.543414890766144,0.5565580129623413,3.12404203414917,0.01604527235031128,0.02265116572380066,0.5428276062011719,0.5267823338508606,0.49783384799957275,0.4751826822757721,0.15232746303081512,0.0736490860581398,0.07867837697267532,0.580626904964447,0.5600216388702393,0.035487962955263797
816,Follows cycling events for leisure,Does not follow cycling events for leisure,0.2136169672012329,0.35953009128570557,1.6645692586898804,4.321023941040039,1.0612270832061768,4.021427154541016,2.960200071334839,0.9568946361541748,4.021426677703857,0.0008239299058914185,-0.005069613456726074,0.213584303855896,0.21276037395000458,0.34789568185806274,0.3529652953147888,0.27591076493263245,0.2486734241247177,0.027237340807914734,1.0612270832061768,0.5587412714958191,0.473495088527376
445,Likes attending wine tasting events,Dislikes attending wine tasting events,0.2018306404352188,0.562839686870575,1.7186942100524902,4.860748767852783,1.0144009590148926,4.731848239898682,3.717447280883789,0.8835717439651489,4.731847763061523,-0.0157652348279953,-0.04464608430862427,0.18266360461711884,0.19842883944511414,0.524480938911438,0.5691270232200623,0.26949071884155273,0.27049899101257324,-0.0010082721710205078,1.0144009590148926,0.6494896411895752,0.35973084861797733
425,Attends agricultural fairs and exhibitions,Does not attend agricultural fairs and exhibitions,0.28289058804512024,0.4621884226799011,1.7685908079147339,5.902271747589111,1.7080715894699097,5.824209690093994,4.1161381006240845,1.6400748491287231,5.824209690093994,-0.018453657627105713,-0.004593074321746826,0.26551932096481323,0.28397297859191895,0.47194769978523254,0.47654077410697937,0.27571427822113037,0.26186633110046387,0.013847947120666504,1.7080715894699097,1.0825270414352417,0.3662285304029922
589,Regularly donates books to the library,Does not donate books to the library,0.228779599070549,0.14941905438899994,2.0642755031585693,4.043555736541748,0.817578911781311,4.053839683532715,3.236260771751404,0.7681044340133667,4.053839683532715,-0.006661131978034973,0.01819615066051483,0.21575504541397095,0.22241617739200592,0.15575458109378815,0.13755843043327332,0.22241896390914917,0.2413116991519928,-0.018892735242843628,0.817578911781311,0.4723133444786072,0.4223024375108353
892,Likes both sunny and rainy days for different moods,Dislikes both sunny and rainy days.,0.24221594631671906,0.15189188718795776,1.6381804943084717,4.540034294128418,1.1211941242218018,4.523061275482178,3.401867151260376,1.0446772575378418,4.5230607986450195,-0.0084303617477417,-0.003199547529220581,0.23148797452449799,0.23991833627223969,0.15325553715229034,0.15645508468151093,0.2871185839176178,0.28091275691986084,0.006205826997756958,1.1211941242218018,0.48175397515296936,0.5703206387320794
820,Enjoys watching boxing matches,Does not enjoy watching boxing matches,0.16975341737270355,0.46886420249938965,1.6952544450759888,2.9995810985565186,0.6125502586364746,2.7559025287628174,2.1433522701263428,0.5753072500228882,2.7559022903442383,0.02582290768623352,0.030876219272613525,0.18705624341964722,0.1612333357334137,0.517794132232666,0.4869179129600525,0.15791961550712585,0.2633829116821289,-0.10546329617500305,0.6125502586364746,0.39771565794944763,0.3507215900377624
377,Is a fan of contemporary American poetry,Is not a fan of contemporary American poetry,0.2757236659526825,0.149326890707016,2.4572556018829346,4.73865270614624,1.2655620574951172,4.268567085266113,3.003005027770996,1.0740724802017212,4.268567085266113,-0.016777127981185913,-0.0036187469959259033,0.2623938322067261,0.279170960187912,0.1347283273935318,0.1383470743894577,0.27507850527763367,0.10456795245409012,0.17051055282354355,1.2655620574951172,1.1245479583740234,0.11142408883543653
947,Enjoys watching the waves at the beach,Enjoys spending time in the mountains,0.3779660165309906,0.2494419813156128,1.3891414403915405,3.951331853866577,0.96465003490448,4.1671462059021,3.2024961709976196,0.910530686378479,4.167146682739258,-0.001030057668685913,0.010052025318145752,0.37266793847084045,0.37369799613952637,0.26019030809402466,0.2501382827758789,0.2601582109928131,0.2835952639579773,-0.023437052965164185,0.96465003490448,0.5413554310798645,0.438806394555856
310,Attends yoga classes regularly,Does not attend yoga classes regularly.,0.36944228410720825,0.2561589777469635,1.8557026386260986,3.3987436294555664,0.7361264228820801,3.2239675521850586,2.4878411293029785,0.6898671984672546,3.2239675521850586,0.005658537149429321,-0.005662098526954651,0.3814743161201477,0.3758157789707184,0.24996517598628998,0.25562727451324463,0.24824702739715576,0.1947900503873825,0.053456977009773254,0.7361264228820801,0.5506181120872498,0.2520060481846701
845,Underwent laparoscopic surgery for gallstones in her late twenties,Has not undergone laparoscopic surgery for gallstones in her late twenties.,0.20938824117183685,0.2257169634103775,1.9207414388656616,3.0812594890594482,0.5254487991333008,3.412675380706787,2.8872265815734863,0.44059669971466064,3.412674903869629,-0.007830813527107239,-0.024943143129348755,0.20459236204624176,0.212423175573349,0.2063205987215042,0.23126374185085297,0.19007635116577148,0.17373639345169067,0.01633995771408081,0.5254487991333008,0.4351857006549835,0.17178286186437453
499,History of gallbladder removal surgery in his late 30s,No history of gallbladder removal surgery in his late 30s,0.1744355708360672,0.24961602687835693,1.268811821937561,4.420581817626953,0.8943924903869629,3.950671911239624,3.056279420852661,0.8000220656394958,3.950672149658203,-0.002103179693222046,-0.016328945755958557,0.17042307555675507,0.1725262552499771,0.22248271107673645,0.238811656832695,0.12536317110061646,0.040365517139434814,0.08499765396118164,0.8943924903869629,0.8417521119117737,0.05885601572125687
436,Enjoys photography during travels,Does not enjoy photography during travels,0.26343461871147156,0.41584911942481995,1.9414417743682861,5.779215335845947,1.5786352157592773,6.003069877624512,4.424434661865234,1.4381647109985352,6.003069877624512,-0.015621349215507507,0.03475213050842285,0.24523957073688507,0.2608609199523926,0.46057069301605225,0.4258185625076294,0.25584307312965393,0.2914678454399109,-0.03562477231025696,1.5786352157592773,0.8977790474891663,0.4312941719994756
