user_id,query_id,query_index,condition,requested_k,actual_k,n_support,true_choice,pred_choice,correct,p_true,elicited_nll,elicited_brier,input_tokens,output_tokens,p_A,p_B,p_C,p_D,nll,brier,selected_rag_condition,selected_lambda_rag,fold
942,4c3c1caa10de9847e9e81ff6eb26df2d836447dd,3,rag_selected_cf,3,3,15,2,1,0,0.3,1.203972804325936,0.7816000000000001,810,49,0.14,0.52,0.3,0.04,1.203972804325936,0.7816000000000001,rag_3,0.2,0
998,f45af2d12c645cdff43d4aa1e186ae157f0dc5c8,3,rag_selected_cf,3,3,11,2,3,0,0.35,1.0498221244986778,0.6500000000000001,789,49,0.15,0.05,0.35,0.45,1.0498221244986778,0.6500000000000001,rag_3,0.2,0
309,371ab72ed3565a47534862a94c52e03eb66cd475,1,rag_selected_cf,3,3,7,0,0,1,0.7,0.3566749439387324,0.1538,1135,49,0.7,0.25,0.03,0.02,0.3566749439387324,0.1538,rag_3,0.2,0
298,f1ba138bc68a07bd651979735007b19284b3668d,1,rag_selected_cf,3,3,7,0,3,0,0.12,2.120263536200091,1.1318,999,49,0.12,0.15,0.18,0.55,2.120263536200091,1.1318,rag_3,0.2,0
310,00ed0764f3a398fe9da5f91442e01c0b460d7414,1,rag_selected_cf,3,3,9,0,0,1,0.55,0.5978370007556204,0.2749999999999999,1242,49,0.55,0.1,0.15,0.2,0.5978370007556204,0.2749999999999999,rag_3,0.2,0
436,bb7acf72e83c84cb4975c6552d84a6e5b9067d42,3,rag_selected_cf,3,3,13,3,2,0,0.25,1.3862943611198906,0.935,794,49,0.1,0.05,0.6,0.25,1.3862943611198906,0.935,rag_3,0.2,0
893,4ad1a77e3830b9794d5ef51f29cd2058efe6266d,2,rag_selected_cf,3,3,13,1,0,0,0.35,1.0498221244986778,0.6499999999999999,806,49,0.45,0.35,0.05,0.15,1.0498221244986778,0.6499999999999999,rag_3,0.2,0
168,90231c9254550d339061b69174024699d21bd9f3,3,rag_selected_cf,3,3,15,0,1,0,0.3,1.203972804325936,0.7049999999999998,696,49,0.3,0.35,0.05,0.3,1.203972804325936,0.7049999999999998,rag_3,0.2,0
678,34313280e88ccd8307729f3abb39cf1a02b379bc,3,rag_selected_cf,3,3,11,3,3,1,0.5,0.6931471805599453,0.3758,835,49,0.12,0.05,0.33,0.5,0.6931471805599453,0.3758,rag_3,0.2,0
973,120877667dd13a8104af8a3a0bb3dffcd7219e10,3,rag_selected_cf,3,3,13,2,2,1,0.4,0.916290731874155,0.485,842,49,0.25,0.2,0.4,0.15,0.916290731874155,0.485,rag_3,0.2,0
25,f1500180119db8d5625885fb0e4e2f8082834065,1,rag_selected_cf,3,3,14,0,0,1,0.7,0.3566749439387324,0.1458,805,49,0.7,0.05,0.23,0.02,0.3566749439387324,0.1458,rag_3,0.2,0
662,78ae8c0e0a08d9595b2eabf4bb675784822a1294,3,rag_selected_cf,3,3,9,3,0,0,0.25,1.3862943611198906,1.055,939,49,0.7,0.0,0.05,0.25,1.3862943611198906,1.055,rag_3,0.2,0
635,01ec81106837328b5a0bf767dc7ec96877d085de,4,rag_selected_cf,3,3,15,2,0,0,0.2,1.6094379124341005,0.8749999999999999,797,49,0.35,0.3,0.2,0.15,1.6094379124341005,0.8749999999999999,rag_3,0.2,0
237,b835094f0fb04883cfc7d4023b0a6580b3527034,5,rag_selected_cf,3,3,19,2,3,0,0.15,1.8971199848858813,1.225,892,49,0.1,0.05,0.15,0.7,1.8971199848858813,1.225,rag_3,0.2,0
96,83f78bf1cc83ed68b1335c9b371370a1ded0e5bc,2,rag_selected_cf,3,3,13,1,2,0,0.1,2.302585092994045,1.0950000000000002,671,49,0.25,0.1,0.4,0.25,2.302585092994045,1.0950000000000002,rag_3,0.2,0
548,5b77ec79cdb4d62f060653c7bcd1dd13f23a815f,1,rag_selected_cf,3,3,10,1,1,1,0.35,1.0498221244986778,0.59,812,49,0.15,0.35,0.35,0.15,1.0498221244986778,0.59,rag_3,0.2,0
355,2246d93dc11359b5d4b1fb293ecc6453f2601d96,1,rag_selected_cf,3,3,8,0,0,1,0.62,0.4780358009429998,0.2279999999999999,809,49,0.62,0.28,0.06,0.04,0.4780358009429998,0.2279999999999999,rag_3,0.2,0
578,604a535c68df05c75af4a1ab72ac8cb07091fff4,1,rag_selected_cf,3,3,11,2,1,0,0.3,1.203972804325936,0.8549999999999999,814,49,0.05,0.6,0.3,0.05,1.203972804325936,0.8549999999999999,rag_3,0.2,0
892,b1e253e8b5931c22b61bc53628457f1cd1767645,0,rag_selected_cf,3,3,9,1,0,0,0.25,1.3862943611198906,0.885,855,49,0.55,0.25,0.1,0.1,1.3862943611198906,0.885,rag_3,0.2,0
351,1d698e3617aa6182c2c81a6c5275de17897449a2,7,rag_selected_cf,3,3,16,3,1,0,0.2,1.6094379124341005,1.02,835,49,0.1,0.6,0.1,0.2,1.6094379124341005,1.02,rag_3,0.2,0
60,940873c27885cc66e52a1248a5f2a4c6f68bacd6,1,rag_selected_cf,3,3,13,1,1,1,0.3,1.203972804325936,0.6649999999999999,757,49,0.25,0.3,0.15,0.3,1.203972804325936,0.6649999999999999,rag_3,0.2,0
377,9bc8dfe99f2a30524e6835521170787e31947cb6,1,rag_selected_cf,3,3,8,2,2,1,0.4,0.916290731874155,0.5149999999999999,745,49,0.1,0.15,0.4,0.35,0.916290731874155,0.5149999999999999,rag_3,0.2,0
67,c9d79921d049bb7255303e8ea5a0a20ca98ae175,4,rag_selected_cf,3,3,15,0,0,1,0.45,0.7985076962177716,0.405,849,49,0.45,0.2,0.15,0.2,0.7985076962177716,0.405,rag_3,0.2,0
529,582aa0b5331d20d91af7e16a527d76506c6e6064,4,rag_selected_cf,3,3,14,3,1,0,0.0999999999999999,2.302585092994046,1.4549999999999996,766,49,0.0499999999999999,0.7999999999999998,0.0499999999999999,0.0999999999999999,2.302585092994046,1.4549999999999996,rag_3,0.2,0
218,fec12d115834583971a57d106afcbdf73b7717d2,3,rag_selected_cf,3,3,11,3,0,0,0.25,1.3862943611198906,0.7849999999999999,828,49,0.35,0.1,0.3,0.25,1.3862943611198906,0.7849999999999999,rag_3,0.2,0
737,f01b9a3bcc59c68dba4d234ca29043c23d10fe2f,1,rag_selected_cf,3,3,8,0,3,0,0.25,1.3862943611198906,0.785,795,49,0.25,0.15,0.2,0.4,1.3862943611198906,0.785,rag_3,0.2,0
649,f5aa76a160f13ef35a1ef9bf49828f4c654dc6b6,4,rag_selected_cf,3,3,15,0,3,0,0.25,1.3862943611198906,0.815,903,49,0.25,0.05,0.3,0.4,1.3862943611198906,0.815,rag_3,0.2,0
363,e0a039f69f1cf20bbcb3474966985333708a5f0a,2,rag_selected_cf,3,3,9,1,1,1,0.9,0.1053605156578262,0.0149999999999999,907,49,0.05,0.9,0.0,0.05,0.1053605156578262,0.0149999999999999,rag_3,0.2,0
328,559dcfea226fbc2f005bcc850f7694dfcd7fba03,0,rag_selected_cf,3,3,5,2,0,0,0.2,1.6094379124341005,1.02,1254,49,0.6000000000000001,0.1,0.2,0.1,1.6094379124341005,1.02,rag_3,0.2,0
70,40801e62266a1b050560283e764694384bf806c4,2,rag_selected_cf,3,3,10,2,3,0,0.05,2.995732273553991,1.5550000000000002,784,49,0.1,0.05,0.05,0.8,2.995732273553991,1.5550000000000002,rag_3,0.2,0
941,a01e6ab1ca743f1ecd859b986dc62ce66806421b,2,rag_selected_cf,3,3,15,0,0,1,0.5,0.6931471805599453,0.345,749,49,0.5,0.1,0.15,0.25,0.6931471805599453,0.345,rag_3,0.2,0
277,e2b1caa6443541c7b4581651af59ee4a3daffbc7,2,rag_selected_cf,3,3,5,1,3,0,0.05,2.995732273553991,1.7138,1064,49,0.02,0.05,0.03,0.9,2.995732273553991,1.7138,rag_3,0.2,0
494,229480745e2ec81c9c623b6026ea09bb428cc36c,3,rag_selected_cf,3,3,11,0,1,0,0.15,1.8971199848858813,1.115,708,49,0.15,0.6,0.15,0.1,1.8971199848858813,1.115,rag_3,0.2,0
621,6f3de4a29129b7043c84a7412da474952cdcb990,1,rag_selected_cf,3,3,7,0,0,1,0.45,0.7985076962177716,0.45,892,49,0.45,0.35,0.05,0.15,0.7985076962177716,0.45,rag_3,0.2,0
617,c4a3dc701a0646ab858130ed1e9abdb145e28801,0,rag_selected_cf,3,3,9,3,2,0,0.33,1.1086626245216111,0.7618,939,49,0.02,0.1,0.55,0.33,1.1086626245216111,0.7618,rag_3,0.2,0
589,25e5680dc2fbffb9a9d90fe9de42f2fa64c4c6ce,1,rag_selected_cf,3,3,13,1,3,0,0.05,2.995732273553991,1.335,820,49,0.1,0.05,0.25,0.6,2.995732273553991,1.335,rag_3,0.2,0
39,3b72c0abe01e23fe25ee9e26a5d46e695b2ce3d6,3,rag_selected_cf,3,3,13,3,1,0,0.25,1.3862943611198906,0.935,790,49,0.1,0.6,0.05,0.25,1.3862943611198906,0.935,rag_3,0.2,0
107,2e9903f3ac23b98febefb319c76c390ff9e8449b,2,rag_selected_cf,3,3,11,0,1,0,0.02,3.912023005428146,1.7737999999999998,868,49,0.02,0.9,0.03,0.05,3.912023005428146,1.7737999999999998,rag_3,0.2,0
365,b4170f81ee527241c2c4250b98154fe966d3a8a2,4,rag_selected_cf,3,3,11,1,0,0,0.15,1.8971199848858813,1.125,781,49,0.6,0.15,0.2,0.05,1.8971199848858813,1.125,rag_3,0.2,0
499,f97176fff2fc3494ad85ad950329fd73a7c7fbef,3,rag_selected_cf,3,3,9,3,0,0,0.2,1.6094379124341005,0.9850000000000002,766,49,0.55,0.05,0.2,0.2,1.6094379124341005,0.9850000000000002,rag_3,0.2,0
942,3b31197631d9bf2f34d3a16ac69530c99a4ab809,2,rag_selected_cf,3,3,15,3,1,0,0.15,1.8971199848858813,1.09,818,49,0.05,0.55,0.25,0.15,1.8971199848858813,1.09,rag_3,0.2,0
998,90af6721156c5538fcf64babe634af19c2275b83,4,rag_selected_cf,3,3,11,3,2,0,0.25,1.3862943611198906,0.755,759,49,0.2,0.25,0.3,0.25,1.3862943611198906,0.755,rag_3,0.2,0
309,b31c43105a923cfb7b6485940c7e42405b8d51df,0,rag_selected_cf,3,3,7,2,0,0,0.3,1.203972804325936,0.8049999999999999,1509,49,0.55,0.1,0.3,0.05,1.203972804325936,0.8049999999999999,rag_3,0.2,0
298,2724bbec240067239ccadb3d216af4f854d4cf87,0,rag_selected_cf,3,3,7,1,1,1,0.5,0.6931471805599453,0.415,1134,49,0.05,0.5,0.4,0.05,0.6931471805599453,0.415,rag_3,0.2,0
310,a7ffcc2f3aaf3e1acf69e9feec17c39e25c50a84,4,rag_selected_cf,3,3,9,2,0,0,0.1,2.302585092994045,1.385,1258,49,0.75,0.05,0.1,0.1,2.302585092994045,1.385,rag_3,0.2,0
436,c92b6a5d4520b3ee67e336b7da4bbfaeea66e953,5,rag_selected_cf,3,3,13,1,3,0,0.2,1.6094379124341005,1.0750000000000002,825,49,0.05,0.2,0.1,0.65,1.6094379124341005,1.0750000000000002,rag_3,0.2,0
893,942f7d02ce8e36f4ad3a2c05fd9c3dd1b5308ecc,1,rag_selected_cf,3,3,13,0,0,1,0.65,0.4307829160924542,0.19,719,49,0.65,0.05,0.25,0.05,0.4307829160924542,0.19,rag_3,0.2,0
168,e46ad048a992072a1da99f9c5d23a22af278f359,2,rag_selected_cf,3,3,15,2,1,0,0.3199999999999999,1.139434283188365,0.6648000000000001,678,49,0.1799999999999999,0.3999999999999999,0.3199999999999999,0.0999999999999999,1.139434283188365,0.6648000000000001,rag_3,0.2,0
678,756fae224864c834e4f396027cca5294dd231d48,0,rag_selected_cf,3,3,11,1,1,1,0.55,0.5978370007556204,0.29,783,49,0.15,0.55,0.25,0.05,0.5978370007556204,0.29,rag_3,0.2,0
973,7a5517dce2a42eeda80e6d097cf5c3a7d11de387,0,rag_selected_cf,3,3,13,1,1,1,0.6,0.5108256237659907,0.235,916,49,0.1,0.6,0.25,0.05,0.5108256237659907,0.235,rag_3,0.2,0
25,c520a0c64ec7c898cafd57098d958c2ac4eb116f,3,rag_selected_cf,3,3,14,0,0,1,0.35,1.0498221244986778,0.5750000000000001,779,49,0.35,0.15,0.3,0.2,1.0498221244986778,0.5750000000000001,rag_3,0.2,0
662,4dace790ebb925718ba08555552d8896a7ca20e5,2,rag_selected_cf,3,3,9,3,2,0,0.1,2.302585092994045,1.455,731,49,0.05,0.05,0.8,0.1,2.302585092994045,1.455,rag_3,0.2,0
635,e15796a20b164322549ba7615c72887113c33917,1,rag_selected_cf,3,3,15,2,2,1,0.45,0.7985076962177716,0.43,774,49,0.05,0.25,0.45,0.25,0.7985076962177716,0.43,rag_3,0.2,0
237,c9943408328c643e0e6829e9ce532aa3a0ab8cc3,7,rag_selected_cf,3,3,19,0,2,0,0.05,2.995732273553991,1.555,888,49,0.05,0.05,0.8,0.1,2.995732273553991,1.555,rag_3,0.2,0
96,3b62cee123037b727ccb0c03360458011375043e,1,rag_selected_cf,3,3,13,3,0,0,0.05,2.995732273553991,1.355,893,49,0.6,0.05,0.3,0.05,2.995732273553991,1.355,rag_3,0.2,0
548,02e3349bb8f23e4cc4b1d8481faa36566f14e38e,0,rag_selected_cf,3,3,10,0,0,1,0.6499999999999999,0.4307829160924544,0.175,776,49,0.6499999999999999,0.1999999999999999,0.0499999999999999,0.0999999999999999,0.4307829160924544,0.175,rag_3,0.2,0
355,f9006e264d482be4424fff8d0a43ab9d593d3541,0,rag_selected_cf,3,3,8,0,0,1,0.6,0.5108256237659907,0.225,724,49,0.6,0.15,0.2,0.05,0.5108256237659907,0.225,rag_3,0.2,0
578,d791fa96ef1d7565b87c678eee23e1f861d021ac,0,rag_selected_cf,3,3,11,1,1,1,0.75,0.2876820724517809,0.09,773,49,0.05,0.75,0.15,0.05,0.2876820724517809,0.09,rag_3,0.2,0
892,3e8336eb29ced72f8db6a8e869b10432d432b64d,1,rag_selected_cf,3,3,9,3,3,1,0.8,0.2231435513142097,0.0541999999999999,770,49,0.06,0.09,0.05,0.8,0.2231435513142097,0.0541999999999999,rag_3,0.2,0
351,f44cfd645e93535459e2f88f0f5bcb5cd91773ad,2,rag_selected_cf,3,3,16,2,1,0,0.38,0.9675840262617056,0.5688000000000001,804,49,0.12,0.4,0.38,0.1,0.9675840262617056,0.5688000000000001,rag_3,0.2,0
60,b792a7bcba08502c0b7e72bc6eb58f7ce96f146e,2,rag_selected_cf,3,3,13,1,1,1,0.5499999999999999,0.5978370007556205,0.305,693,49,0.0499999999999999,0.5499999999999999,0.2999999999999999,0.0999999999999999,0.5978370007556205,0.305,rag_3,0.2,0
377,cb8ee5b99d626e54da2775f6381658a0ae021499,2,rag_selected_cf,3,3,8,0,2,0,0.2,1.6094379124341005,1.0200000000000002,818,49,0.2,0.1,0.6,0.1,1.6094379124341005,1.0200000000000002,rag_3,0.2,0
67,e9a341fbd3f5ce7cb2d02204a7e80419d7db0692,2,rag_selected_cf,3,3,15,1,3,0,0.05,2.995732273553991,1.485,753,49,0.1,0.05,0.1,0.75,2.995732273553991,1.485,rag_3,0.2,0
529,09b1c68890589d79268494990e88d56b86e242bb,3,rag_selected_cf,3,3,14,3,3,1,0.53,0.6348782724359695,0.3838,801,49,0.05,0.4,0.02,0.53,0.6348782724359695,0.3838,rag_3,0.2,0
218,fc2c011f3e359ea72e80246089f159f4b051a9cd,5,rag_selected_cf,3,3,11,3,0,0,0.2,1.6094379124341005,1.02,879,49,0.6,0.1,0.1,0.2,1.6094379124341005,1.02,rag_3,0.2,0
737,47f5303fde52ec2623e54bcf440b3013c9c480d5,0,rag_selected_cf,3,3,8,0,3,0,0.05,2.995732273553991,1.6349999999999998,1071,49,0.05,0.0,0.1,0.85,2.995732273553991,1.6349999999999998,rag_3,0.2,0
649,a6be46aef2e5649fefd1180833a9610525d8fb15,1,rag_selected_cf,3,3,15,0,0,1,0.75,0.2876820724517809,0.0978,932,49,0.75,0.05,0.18,0.02,0.2876820724517809,0.0978,rag_3,0.2,0
363,9631230f119fd4ffd426d1fc008f4e392b95b5f8,1,rag_selected_cf,3,3,9,2,0,0,0.2,1.6094379124341005,1.135,746,49,0.7,0.05,0.2,0.05,1.6094379124341005,1.135,rag_3,0.2,0
328,ac8c5c7d5eb66d25f18cc4743fa936d493b3726c,1,rag_selected_cf,3,3,5,1,0,0,0.15,1.8971199848858813,1.075,1346,49,0.55,0.15,0.1,0.2,1.8971199848858813,1.075,rag_3,0.2,0
70,30c0f3c0c60b0fde0d67d80c356f6987be1c2db5,1,rag_selected_cf,3,3,10,0,0,1,0.55,0.5978370007556204,0.3049999999999999,853,49,0.55,0.05,0.1,0.3,0.5978370007556204,0.3049999999999999,rag_3,0.2,0
941,2ce04e3c7d254791cb381448e55c7f7a2b0feca4,1,rag_selected_cf,3,3,15,3,3,1,0.74,0.3011050927839216,0.1102,1057,49,0.05,0.01,0.2,0.74,0.3011050927839216,0.1102,rag_3,0.2,0
277,6194658364bc0b3745170aca143457f714410541,0,rag_selected_cf,3,3,5,3,0,0,0.1,2.302585092994045,1.14,1101,49,0.4,0.1,0.4,0.1,2.302585092994045,1.14,rag_3,0.2,0
494,1ff56db09942f410b3d9a5d3e7548a7c3bdac337,2,rag_selected_cf,3,3,11,2,1,0,0.4,0.916290731874155,0.5449999999999999,725,49,0.15,0.4,0.4,0.05,0.916290731874155,0.5449999999999999,rag_3,0.2,0
621,b574b0739cb3076d5d0d25f0b10996832b87db13,3,rag_selected_cf,3,3,7,3,3,1,0.6,0.5108256237659907,0.235,795,49,0.1,0.05,0.25,0.6,0.5108256237659907,0.235,rag_3,0.2,0
617,79b83d7298805df122f28d330f74467ddf4592be,3,rag_selected_cf,3,3,9,0,3,0,0.2,1.6094379124341005,0.9400000000000002,930,49,0.2,0.2,0.1,0.5,1.6094379124341005,0.9400000000000002,rag_3,0.2,0
589,f4b13977609c19d67e8ebd0298035a6c9b992734,0,rag_selected_cf,3,3,13,0,1,0,0.1,2.302585092994045,1.3200000000000005,785,49,0.1,0.7000000000000001,0.1,0.1,2.302585092994045,1.3200000000000005,rag_3,0.2,0
39,844f287eec9be7768f79c0b6f707f6cba3ba1335,4,rag_selected_cf,3,3,13,2,0,0,0.25,1.3862943611198906,0.795,821,49,0.4,0.1,0.25,0.25,1.3862943611198906,0.795,rag_3,0.2,0
107,26114b424cca3c7883dcd7e1e0b8ffcb17462698,3,rag_selected_cf,3,3,11,0,0,1,0.45,0.7985076962177715,0.415,740,49,0.45,0.25,0.2,0.1,0.7985076962177715,0.415,rag_3,0.2,0
365,aeddb350131244be3d40e3ced9aaa6157718979b,1,rag_selected_cf,3,3,11,1,1,1,0.85,0.1625189294977749,0.035,1018,49,0.05,0.85,0.0,0.1,0.1625189294977749,0.035,rag_3,0.2,0
499,9dfff3e88b638b76d62bc814b87e4f72a46d717e,1,rag_selected_cf,3,3,9,3,3,1,0.77,0.2613647641344075,0.0733999999999999,984,49,0.06,0.05,0.12,0.77,0.2613647641344075,0.0733999999999999,rag_3,0.2,0
697,ecf87cce25368001fdfbdcdb33ebb8fbb4acf5d4,3,rag_selected_cf,3,3,14,2,3,0,0.4,0.916290731874155,0.6338,803,49,0.05,0.03,0.4,0.52,0.916290731874155,0.6338,rag_3,0.2,1
826,95a24967de94e28d4874984164aea28f4ceedc03,2,rag_selected_cf,3,3,7,1,1,1,0.4,0.916290731874155,0.54,792,49,0.1,0.4,0.4,0.1,0.916290731874155,0.54,rag_3,0.2,1
208,12d91f3442693ede2087a77cb5c47ab47491215f,1,rag_selected_cf,3,3,7,2,2,1,0.5,0.6931471805599453,0.335,824,49,0.15,0.2,0.5,0.15,0.6931471805599453,0.335,rag_3,0.2,1
55,e921f8b24f6f46fcec008aad501a9889203c11af,2,rag_selected_cf,3,3,16,2,0,0,0.1,2.302585092994045,1.185,679,49,0.55,0.1,0.1,0.25,2.302585092994045,1.185,rag_3,0.2,1
281,05d0edb0a5e1188b4b690450c78d6ce6ca96c0fb,0,rag_selected_cf,3,3,4,1,1,1,0.45,0.7985076962177716,0.43,1348,49,0.25,0.45,0.05,0.25,0.7985076962177716,0.43,rag_3,0.2,1
802,f86d6f88e4a0bef9f43b173470f24f75b3366e3b,1,rag_selected_cf,3,3,11,3,0,0,0.3,1.203972804325936,0.7049999999999998,802,49,0.35,0.3,0.05,0.3,1.203972804325936,0.7049999999999998,rag_3,0.2,1
652,d6cd163fe7043a85088b81dfa19319510f3275ea,5,rag_selected_cf,3,3,17,2,2,1,0.55,0.5978370007556204,0.285,747,49,0.1,0.25,0.55,0.1,0.5978370007556204,0.285,rag_3,0.2,1
741,6c142cd76f67dbf48da58a4965ab84339d34dec3,5,rag_selected_cf,3,3,13,0,1,0,0.15,1.8971199848858813,1.09,819,49,0.15,0.55,0.05,0.25,1.8971199848858813,1.09,rag_3,0.2,1
811,a46218edbf2a12ef18e8986eb98b3e520c25ee87,3,rag_selected_cf,3,3,11,3,1,0,0.13,2.0402208285265546,1.3998,937,49,0.05,0.8,0.02,0.13,2.0402208285265546,1.3998,rag_3,0.2,1
198,5c55f738c692c6c3ef1474b990f48c4866aac9f6,2,rag_selected_cf,3,3,15,0,0,1,0.7000000000000001,0.3566749439387323,0.1199999999999999,799,49,0.7000000000000001,0.1,0.1,0.1,0.3566749439387323,0.1199999999999999,rag_3,0.2,1
823,237ca08155149e8acda5a65469b518bcf894589d,1,rag_selected_cf,3,3,10,1,2,0,0.18,1.7147984280919266,1.0118,769,49,0.12,0.18,0.55,0.15,1.7147984280919266,1.0118,rag_3,0.2,1
254,54f3689d85f689fa8dfdc44788e54becab4d0b5f,1,rag_selected_cf,3,3,10,3,1,0,0.05,2.995732273553991,1.5550000000000002,1218,49,0.05,0.8,0.1,0.05,2.995732273553991,1.5550000000000002,rag_3,0.2,1
312,0b57887962d0bf4a53adfdde9cd8c4765bf8c80f,1,rag_selected_cf,3,3,6,2,2,1,0.35,1.0498221244986778,0.5650000000000001,1254,49,0.25,0.2,0.35,0.2,1.0498221244986778,0.5650000000000001,rag_3,0.2,1
110,0a46ed8a37d51574b4e0fa90f700cb99d2da8a48,2,rag_selected_cf,3,3,13,3,0,0,0.35,1.0498221244986778,0.785,1082,49,0.6,0.05,0.0,0.35,1.0498221244986778,0.785,rag_3,0.2,1
534,57cb052806aa329ca522da802fc36008411beefc,3,rag_selected_cf,3,3,9,2,2,1,0.6,0.5108256237659907,0.22,876,49,0.2,0.1,0.6,0.1,0.5108256237659907,0.22,rag_3,0.2,1
787,76a5b42d09c020b10fc1a30200ec64c5e626e863,0,rag_selected_cf,3,3,13,0,1,0,0.0499999999999999,2.9957322735539917,1.5549999999999995,869,49,0.0499999999999999,0.7999999999999998,0.0499999999999999,0.0999999999999999,2.9957322735539917,1.5549999999999995,rag_3,0.2,1
327,da4e631638801286d04db8d26facee5217822d02,2,rag_selected_cf,3,3,9,2,2,1,0.5,0.6931471805599453,0.4538,992,49,0.02,0.45,0.5,0.03,0.6931471805599453,0.4538,rag_3,0.2,1
849,50dbfb40b2a6df86b5ab6cda7c111ce813a4e5d4,2,rag_selected_cf,3,3,13,3,2,0,0.05,2.995732273553991,1.63,748,49,0.05,0.05,0.85,0.05,2.995732273553991,1.63,rag_3,0.2,1
601,28f0ff41367b93d1bb4b7ac78086476ee8b5c9cb,4,rag_selected_cf,3,3,16,2,2,1,0.85,0.1625189294977749,0.03,1125,49,0.05,0.05,0.85,0.05,0.1625189294977749,0.03,rag_3,0.2,1
299,36a42f9af9674deb39c0ef4349a3553f7d162e83,0,rag_selected_cf,3,3,5,3,0,0,0.05,2.995732273553991,1.355,936,49,0.6,0.3,0.05,0.05,2.995732273553991,1.355,rag_3,0.2,1
76,fe788bf214f0b6eeb990f37f17a1409a6b49c338,2,rag_selected_cf,3,3,17,2,2,1,0.55,0.5978370007556204,0.2749999999999999,994,49,0.1,0.2,0.55,0.15,0.5978370007556204,0.2749999999999999,rag_3,0.2,1
767,2809b3717bcaa39e90a065fd0062d7d5bfa4a856,1,rag_selected_cf,3,3,7,3,2,0,0.1,2.302585092994045,1.3250000000000002,884,49,0.15,0.05,0.7000000000000001,0.1,2.302585092994045,1.3250000000000002,rag_3,0.2,1
184,71666ee6255df1b86589b2761ee4008df4d225e2,2,rag_selected_cf,3,3,14,0,0,1,0.5,0.6931471805599453,0.385,811,49,0.5,0.1,0.35,0.05,0.6931471805599453,0.385,rag_3,0.2,1
810,089b103e2058d47308528a10e1e6f2a1a5561f89,1,rag_selected_cf,3,3,10,0,1,0,0.2,1.6094379124341005,0.8600000000000001,760,49,0.2,0.3,0.3,0.2,1.6094379124341005,0.8600000000000001,rag_3,0.2,1
54,c657a31b6fee1c67c9dcc8da45d0054091ad1304,0,rag_selected_cf,3,3,11,3,0,0,0.1,2.302585092994045,1.2200000000000002,670,49,0.6000000000000001,0.1,0.2,0.1,2.302585092994045,1.2200000000000002,rag_3,0.2,1
235,c514a4d00d0b616432d19bc7f8700e17259cbbc1,4,rag_selected_cf,3,3,14,0,3,0,0.4,0.916290731874155,0.615,876,49,0.4,0.05,0.05,0.5,0.916290731874155,0.615,rag_3,0.2,1
319,9f4ea2918e27de880a773f4fc2abf1c26e20e5e9,2,rag_selected_cf,3,3,6,0,0,1,0.7,0.3566749439387324,0.135,1003,49,0.7,0.05,0.05,0.2,0.3566749439387324,0.135,rag_3,0.2,1
721,eb985ae2739f089aea33b8c4a7645ecaeeec47c1,6,rag_selected_cf,3,3,17,2,0,0,0.35,1.0498221244986778,0.685,809,49,0.5,0.1,0.35,0.05,1.0498221244986778,0.685,rag_3,0.2,1
210,50185a495ed10d7c0e84f4d0dd3674e04bb9d155,3,rag_selected_cf,3,3,14,0,0,1,0.35,1.0498221244986778,0.5650000000000001,871,49,0.35,0.25,0.2,0.2,1.0498221244986778,0.5650000000000001,rag_3,0.2,1
656,880fbafa219d96e9609842f9245ef73801bece6d,2,rag_selected_cf,3,3,12,1,3,0,0.25,1.3862943611198906,0.99,886,49,0.05,0.25,0.05,0.65,1.3862943611198906,0.99,rag_3,0.2,1
599,5296611133939388ae2c19aa7af4518bcffa7128,3,rag_selected_cf,3,3,9,0,1,0,0.05,2.995732273553991,1.565,882,49,0.05,0.8,0.0,0.15,2.995732273553991,1.565,rag_3,0.2,1
753,ec8cefda0969f7d9146ea1b31f1f161d74704180,3,rag_selected_cf,3,3,9,3,0,0,0.3,1.203972804325936,0.8049999999999999,1073,49,0.55,0.1,0.05,0.3,1.203972804325936,0.8049999999999999,rag_3,0.2,1
256,5b2dd4d6e43360200e92820c24ee76e1a045ba31,1,rag_selected_cf,3,3,4,0,3,0,0.1,2.302585092994045,1.455,1155,49,0.1,0.05,0.05,0.8,2.302585092994045,1.455,rag_3,0.2,1
636,4d77f1c87b7bd34f740efb4aa512958e842e4e4c,6,rag_selected_cf,3,3,15,1,3,0,0.1,2.302585092994045,1.5674,832,49,0.02,0.1,0.01,0.87,2.302585092994045,1.5674,rag_3,0.2,1
292,dbe00e045ce50ff85ea091b190f100d576a19e85,0,rag_selected_cf,3,3,5,3,3,1,0.95,0.0512932943875505,0.0034,1371,49,0.01,0.02,0.02,0.95,0.0512932943875505,0.0034,rag_3,0.2,1
978,6bc703de329eb46dd915f9f21d8bee9920699aa3,6,rag_selected_cf,3,3,17,3,1,0,0.3,1.203972804325936,0.6799999999999999,911,49,0.1,0.3,0.3,0.3,1.203972804325936,0.6799999999999999,rag_3,0.2,1
307,9b3ca95d2d7b6f600ba0ef4c7fa06405c724b5f3,3,rag_selected_cf,3,3,11,2,2,1,0.75,0.2876820724517809,0.09,1495,49,0.15,0.05,0.75,0.05,0.2876820724517809,0.09,rag_3,0.2,1
137,c85b2e053e1013a04c46906adeb7eaacb86395cd,0,rag_selected_cf,3,3,15,1,1,1,0.55,0.5978370007556204,0.2899999999999999,738,49,0.05,0.55,0.15,0.25,0.5978370007556204,0.2899999999999999,rag_3,0.2,1
947,2b3c9474821244b6a23d920a376d88ecbad11e9e,6,rag_selected_cf,3,3,17,3,1,0,0.1,2.302585092994045,1.265,921,49,0.1,0.65,0.15,0.1,2.302585092994045,1.265,rag_3,0.2,1
697,9ae6e08d05326b7e11cd7f0ae452d1d295031825,5,rag_selected_cf,3,3,14,3,2,0,0.15,1.8971199848858813,1.225,808,49,0.05,0.1,0.7,0.15,1.8971199848858813,1.225,rag_3,0.2,1
826,f572ffebcbaccccae073795c182db09732fa377b,1,rag_selected_cf,3,3,7,2,1,0,0.33,1.1086626245216111,0.8345999999999999,836,49,0.03,0.62,0.33,0.02,1.1086626245216111,0.8345999999999999,rag_3,0.2,1
208,3a06935af25fbcbdb6f7cb28f1ee2730de756b93,3,rag_selected_cf,3,3,7,1,1,1,0.45,0.7985076962177716,0.4750000000000001,909,49,0.05,0.45,0.1,0.4,0.7985076962177716,0.4750000000000001,rag_3,0.2,1
55,caafe8e36109d72159c297c970808d039b0cc725,4,rag_selected_cf,3,3,16,2,0,0,0.15,1.8971199848858813,1.015,807,49,0.4,0.35,0.15,0.1,1.8971199848858813,1.015,rag_3,0.2,1
281,35a2348c74c6912b6005cba4c510acdfd9882d24,1,rag_selected_cf,3,3,4,3,3,1,0.85,0.1625189294977749,0.03,938,49,0.05,0.05,0.05,0.85,0.1625189294977749,0.03,rag_3,0.2,1
802,f52fe8e313a664bea97b6ede7899d28ff554fc9c,2,rag_selected_cf,3,3,11,2,1,0,0.2,1.6094379124341005,0.8550000000000001,873,49,0.25,0.3,0.2,0.25,1.6094379124341005,0.8550000000000001,rag_3,0.2,1
652,5209017c8d8844f3f6086612d2d0264d1cb6cec3,6,rag_selected_cf,3,3,17,1,1,1,0.7,0.3566749439387324,0.1538,934,49,0.25,0.7,0.02,0.03,0.3566749439387324,0.1538,rag_3,0.2,1
741,ed1e720f56fc278634c24c1a0e8f2a280acb9607,3,rag_selected_cf,3,3,13,2,0,0,0.2,1.6094379124341005,0.8648000000000001,839,49,0.32,0.18,0.2,0.3,1.6094379124341005,0.8648000000000001,rag_3,0.2,1
811,c13626ac26e11aee2392bafaf7e82e8f26c5397d,0,rag_selected_cf,3,3,11,0,0,1,0.55,0.5978370007556204,0.2749999999999999,879,49,0.55,0.2,0.1,0.15,0.5978370007556204,0.2749999999999999,rag_3,0.2,1
198,5089eaa86cce6e8ac0dd7709d9d20a53d41ae469,0,rag_selected_cf,3,3,15,2,0,0,0.25,1.3862943611198906,0.77,859,49,0.35,0.25,0.25,0.15,1.3862943611198906,0.77,rag_3,0.2,1
823,cf7c71e984030cfe99165f2f6e465f1640346511,3,rag_selected_cf,3,3,10,1,1,1,0.35,1.0498221244986778,0.59,794,49,0.15,0.35,0.35,0.15,1.0498221244986778,0.59,rag_3,0.2,1
254,1b486c8b024a4a8fd9c4589c5aa593ff662faf95,2,rag_selected_cf,3,3,10,2,3,0,0.1,2.302585092994045,1.085,1252,49,0.3,0.25,0.1,0.35,2.302585092994045,1.085,rag_3,0.2,1
312,5cda83907de652ad97233ba2215cb4219c220479,0,rag_selected_cf,3,3,6,3,3,1,0.75,0.2876820724517809,0.09,1136,49,0.05,0.15,0.05,0.75,0.2876820724517809,0.09,rag_3,0.2,1
110,31da3912387825dbdc35e844bb820248fa87af29,5,rag_selected_cf,3,3,13,1,3,0,0.05,2.995732273553991,1.5550000000000002,913,49,0.1,0.05,0.05,0.8,2.995732273553991,1.5550000000000002,rag_3,0.2,1
534,b0898d2947aed20b04f9ebab07d9c335fe558eab,2,rag_selected_cf,3,3,9,3,3,1,0.35,1.0498221244986778,0.5650000000000001,837,49,0.2,0.25,0.2,0.35,1.0498221244986778,0.5650000000000001,rag_3,0.2,1
787,38a93e1822452012a6b1f64e963dacaed5c8fe61,5,rag_selected_cf,3,3,13,3,2,0,0.1,2.302585092994045,1.185,807,49,0.25,0.1,0.55,0.1,2.302585092994045,1.185,rag_3,0.2,1
327,e3a8bfc4a5061d5a3b23086ea3aa1969b7416064,1,rag_selected_cf,3,3,9,0,3,0,0.2,1.6094379124341005,1.135,994,49,0.2,0.05,0.05,0.7,1.6094379124341005,1.135,rag_3,0.2,1
849,a808c3ab6814ac340f53ba25743c59db6d9205b5,5,rag_selected_cf,3,3,13,2,0,0,0.1,2.302585092994045,1.4864,856,49,0.82,0.02,0.1,0.06,2.302585092994045,1.4864,rag_3,0.2,1
601,2b42eac586bab02f0c26baa30dae16cca63d994f,1,rag_selected_cf,3,3,16,0,1,0,0.1,2.302585092994045,1.455,1129,49,0.1,0.8,0.05,0.05,2.302585092994045,1.455,rag_3,0.2,1
299,9355fc9c3a13b99b3a7b8770098d0f42e0c4c392,1,rag_selected_cf,3,3,5,1,0,0,0.05,2.995732273553991,1.355,1108,49,0.6,0.05,0.05,0.3,2.995732273553991,1.355,rag_3,0.2,1
76,7e992cf32d26e3bf578caa8dc68b0377e50e5d1f,4,rag_selected_cf,3,3,17,2,0,0,0.25,1.3862943611198906,0.845,765,49,0.5,0.1,0.25,0.15,1.3862943611198906,0.845,rag_3,0.2,1
767,a8d2d9e006e3d65359af06482781cb7de9c0113b,2,rag_selected_cf,3,3,7,0,0,1,0.5,0.6931471805599453,0.365,751,49,0.5,0.3,0.05,0.15,0.6931471805599453,0.365,rag_3,0.2,1
184,30fb2ed1815cec5c2ed1d5db639cb1312150c74f,1,rag_selected_cf,3,3,14,0,2,0,0.35,1.0498221244986778,0.73,815,49,0.35,0.05,0.55,0.05,1.0498221244986778,0.73,rag_3,0.2,1
810,e3d208029116f7f4024cf97ca51208f6b77db0c6,2,rag_selected_cf,3,3,10,2,2,1,0.8,0.2231435513142097,0.0549999999999999,1010,49,0.05,0.1,0.8,0.05,0.2231435513142097,0.0549999999999999,rag_3,0.2,1
54,a876379051b672f0c76c0d9879369351be17a5e5,2,rag_selected_cf,3,3,11,1,1,1,0.45,0.7985076962177716,0.445,747,49,0.1,0.45,0.35,0.1,0.7985076962177716,0.445,rag_3,0.2,1
235,ef8010d270a3ecbfd7d79ad51de1747bd293c37c,1,rag_selected_cf,3,3,14,2,1,0,0.1,2.302585092994045,1.385,839,49,0.1,0.75,0.1,0.05,2.302585092994045,1.385,rag_3,0.2,1
319,4dfb289d15ff3e535bca06872a43231880ee31b9,1,rag_selected_cf,3,3,6,3,0,0,0.35,1.0498221244986778,0.7300000000000001,983,49,0.55,0.05,0.05,0.35,1.0498221244986778,0.7300000000000001,rag_3,0.2,1
721,91cd924adc11c97b1e374212dc17e5cbb0eedcbf,7,rag_selected_cf,3,3,17,2,1,0,0.2,1.6094379124341005,0.94,927,49,0.2,0.5000000000000001,0.2,0.1,1.6094379124341005,0.94,rag_3,0.2,1
210,cc7352e0b5328d4bd12d24922148c1e86b97235a,4,rag_selected_cf,3,3,14,2,3,0,0.25,1.3862943611198906,0.7891999999999999,818,49,0.09,0.31,0.25,0.35,1.3862943611198906,0.7891999999999999,rag_3,0.2,1
656,42e1b4c587a33be3da923a3aa68711b601bec21c,5,rag_selected_cf,3,3,12,1,0,0,0.1,2.302585092994045,1.205,769,49,0.55,0.1,0.3,0.05,2.302585092994045,1.205,rag_3,0.2,1
599,e1d19a0a92232d33d6991137b3f082781f3784b2,4,rag_selected_cf,3,3,9,3,1,0,0.05,2.995732273553991,1.215,729,49,0.25,0.4,0.3,0.05,2.995732273553991,1.215,rag_3,0.2,1
753,cd0dd3ff0eb9693696001a9bba02fc33f28ec82f,2,rag_selected_cf,3,3,9,2,0,0,0.1,2.302585092994045,1.32,869,49,0.7000000000000001,0.1,0.1,0.1,2.302585092994045,1.32,rag_3,0.2,1
256,ee4e685e4cd227f920cfe463d4daf635ef601ad8,0,rag_selected_cf,3,3,4,0,0,1,0.6,0.5108256237659907,0.2838,1554,49,0.6,0.35,0.03,0.02,0.5108256237659907,0.2838,rag_3,0.2,1
636,a29bfba62f7d92dd8c70419b567e1f306194b9d8,5,rag_selected_cf,3,3,15,3,2,0,0.03,3.506557897319982,1.825,840,49,0.02,0.01,0.94,0.03,3.506557897319982,1.825,rag_3,0.2,1
292,c44a2df4f2c325dcba906fc9b72e1f1a59d9cb6b,1,rag_selected_cf,3,3,5,2,1,0,0.12,2.120263536200091,1.3458,1077,49,0.05,0.75,0.12,0.08,2.120263536200091,1.3458,rag_3,0.2,1
978,12ea57014d0a2119cd2fa031a6e9b8fffc9421cb,2,rag_selected_cf,3,3,17,2,1,0,0.18,1.7147984280919266,1.0118000000000005,713,49,0.12,0.55,0.18,0.15,1.7147984280919266,1.0118000000000005,rag_3,0.2,1
307,d5fe37ca398821603c4b5219d5a299e1d2fbd116,4,rag_selected_cf,3,3,11,2,1,0,0.1,2.302585092994045,1.385,1033,49,0.1,0.75,0.1,0.05,2.302585092994045,1.385,rag_3,0.2,1
137,f69933a56b0e5621b31719408d13ca5d2530eb29,3,rag_selected_cf,3,3,15,3,0,0,0.15,1.8971199848858813,0.985,891,49,0.4,0.2,0.25,0.15,1.8971199848858813,0.985,rag_3,0.2,1
947,1524caec7207d906c9a79e43e47889a33fe62346,1,rag_selected_cf,3,3,17,2,2,1,0.55,0.5978370007556204,0.285,774,49,0.1,0.25,0.55,0.1,0.5978370007556204,0.285,rag_3,0.2,1
59,74e90bd34b447a3fb5dbec4864125adcdaa51234,0,rag_selected_cf,3,3,11,2,2,1,0.82,0.1984509387238383,0.0486,940,49,0.12,0.03,0.82,0.03,0.1984509387238383,0.0486,rag_3,0.2,2
215,063d838aad0107fca0f353f88190f9957bc2bfdc,0,rag_selected_cf,3,3,9,2,2,1,0.6,0.5108256237659907,0.2398,1133,49,0.02,0.25,0.6,0.13,0.5108256237659907,0.2398,rag_3,0.2,2
948,3050d23b078cb4a779e0438d0ef7bd1cdc5d982f,1,rag_selected_cf,3,3,7,2,0,0,0.2,1.6094379124341005,1.02,831,49,0.6000000000000001,0.1,0.2,0.1,1.6094379124341005,1.02,rag_3,0.2,2
521,91bb7f7d68cfe1b18da22afdebd979a3864c7051,4,rag_selected_cf,3,3,14,3,2,0,0.25,1.3862943611198906,0.935,738,49,0.1,0.05,0.6,0.25,1.3862943611198906,0.935,rag_3,0.2,2
158,689995c20cb1a50524c74d15c67d9b7605b310f4,0,rag_selected_cf,3,3,9,1,2,0,0.22,1.5141277326297755,0.8408000000000001,744,49,0.18,0.22,0.4,0.2,1.5141277326297755,0.8408000000000001,rag_3,0.2,2
583,d352c4600007adb9cef13a89507dfdd5beac7772,6,rag_selected_cf,3,3,15,0,0,1,0.7,0.3566749439387324,0.135,712,49,0.7,0.05,0.05,0.2,0.3566749439387324,0.135,rag_3,0.2,2
294,56e7001a6fd2174376ea0a3bf81f27904a7fc2b4,1,rag_selected_cf,3,3,7,1,0,0,0.05,2.995732273553991,1.4349999999999998,1132,49,0.7,0.05,0.05,0.2,2.995732273553991,1.4349999999999998,rag_3,0.2,2
883,46262da993c8006911c0968947379e638a593620,4,rag_selected_cf,3,3,11,2,2,1,0.84,0.1743533871447778,0.0382,1099,49,0.01,0.1,0.84,0.05,0.1743533871447778,0.0382,rag_3,0.2,2
816,82fe5864cf12e51e7c805958636aea899404845f,0,rag_selected_cf,3,3,8,0,0,1,0.35,1.0498221244986778,0.5750000000000001,816,49,0.35,0.15,0.3,0.2,1.0498221244986778,0.5750000000000001,rag_3,0.2,2
486,859cbcd38f7d10544dc3b779dd3748fc476fdacc,2,rag_selected_cf,3,3,9,1,1,1,0.7000000000000001,0.3566749439387323,0.1223999999999999,814,49,0.12,0.7000000000000001,0.06,0.12,0.3566749439387323,0.1223999999999999,rag_3,0.2,2
451,095c49214516829f53a0456c2b8b9b31a8a46200,4,rag_selected_cf,3,3,15,1,1,1,0.85,0.1625189294977749,0.03,1052,49,0.05,0.85,0.05,0.05,0.1625189294977749,0.03,rag_3,0.2,2
280,fc2fb719fc20073e3b72bdd03d2425b9cae56090,1,rag_selected_cf,3,3,6,2,0,0,0.05,2.995732273553991,1.7138,971,49,0.9,0.03,0.05,0.02,2.995732273553991,1.7138,rag_3,0.2,2
692,16fd43142b00071fe9233b0d69d45289a1304991,0,rag_selected_cf,3,3,17,1,1,1,0.7,0.3566749439387324,0.155,1045,49,0.05,0.7,0.0,0.25,0.3566749439387324,0.155,rag_3,0.2,2
346,c74dac5febc7c7634559f5eaa9160f89b82e0736,6,rag_selected_cf,3,3,14,2,2,1,0.78,0.2484613592984996,0.0649999999999999,870,49,0.07,0.06,0.78,0.09,0.2484613592984996,0.0649999999999999,rag_3,0.2,2
644,45ac582786a03dd49e379f302312e0c89fe8d2f3,3,rag_selected_cf,3,3,13,0,0,1,0.6,0.5108256237659907,0.225,862,49,0.6,0.15,0.2,0.05,0.5108256237659907,0.225,rag_3,0.2,2
261,52ab271c1f9bcb42d2a81ad7639d88505d63df17,3,rag_selected_cf,3,3,8,3,0,0,0.35,1.0498221244986778,0.685,1064,49,0.5,0.05,0.1,0.35,1.0498221244986778,0.685,rag_3,0.2,2
595,b46118b5d9e7791080551ce92ad20234fe91649b,7,rag_selected_cf,3,3,17,1,3,0,0.25,1.3862943611198906,0.815,771,49,0.3,0.25,0.05,0.4,1.3862943611198906,0.815,rag_3,0.2,2
899,864d90a659ff0f3ed87ef1be43822f06f7a0d65b,7,rag_selected_cf,3,3,17,1,1,1,0.5499999999999999,0.5978370007556205,0.275,1022,49,0.1499999999999999,0.5499999999999999,0.1999999999999999,0.0999999999999999,0.5978370007556205,0.275,rag_3,0.2,2
527,f7cec5941566e249d753c4a37f9b3f35de186b94,4,rag_selected_cf,3,3,11,0,2,0,0.3,1.203972804325936,0.8549999999999999,841,49,0.3,0.05,0.6,0.05,1.203972804325936,0.8549999999999999,rag_3,0.2,2
867,630dd71984128190e4a5cc909c6187f30e7e1a23,1,rag_selected_cf,3,3,14,0,2,0,0.18,1.7147984280919266,0.9768,729,49,0.18,0.12,0.5,0.2,1.7147984280919266,0.9768,rag_3,0.2,2
901,b02e8e5c15d0736e15a3fb3e761bdd782561da99,6,rag_selected_cf,3,3,15,3,3,1,0.9,0.1053605156578262,0.0149999999999999,935,49,0.05,0.05,0.0,0.9,0.1053605156578262,0.0149999999999999,rag_3,0.2,2
936,de4ddcc12c701a6bb695d92bfca7827f6a32ee10,0,rag_selected_cf,3,3,19,1,0,0,0.1,2.302585092994045,1.205,803,49,0.55,0.1,0.05,0.3,2.302585092994045,1.205,rag_3,0.2,2
985,57cdde9de7033b0440eea7fe4695a7422dc838d6,1,rag_selected_cf,3,3,11,3,3,1,0.55,0.5978370007556204,0.3049999999999999,787,49,0.3,0.05,0.1,0.55,0.5978370007556204,0.3049999999999999,rag_3,0.2,2
289,18f6fe2768a8b797f06a5dc7f0f523f8e502a5d8,3,rag_selected_cf,3,3,9,0,0,1,0.6,0.5108256237659907,0.225,1587,49,0.6,0.05,0.15,0.2,0.5108256237659907,0.225,rag_3,0.2,2
989,cb66013a704017f5b14b2e8bd631ffd3eb99c93d,2,rag_selected_cf,3,3,15,3,0,0,0.05,2.995732273553991,1.355,822,49,0.6,0.05,0.3,0.05,2.995732273553991,1.355,rag_3,0.2,2
371,572744aa0d991d5c62e85450f8dad097f3f52bd0,2,rag_selected_cf,3,3,13,1,1,1,0.7,0.3566749439387324,0.125,803,49,0.15,0.7,0.1,0.05,0.3566749439387324,0.125,rag_3,0.2,2
411,a9cdf3ee568365a3b9103a6ae35a4b9c47f9bec0,4,rag_selected_cf,3,3,9,2,0,0,0.05,2.995732273553991,1.335,773,49,0.6,0.1,0.05,0.25,2.995732273553991,1.335,rag_3,0.2,2
275,8e2bc980dc9b260a2c95d603f52b18b57ef63102,2,rag_selected_cf,3,3,5,0,3,0,0.12,2.120263536200091,1.4657999999999998,988,49,0.12,0.0,0.05,0.83,2.120263536200091,1.4657999999999998,rag_3,0.2,2
914,9e7daf7bc1561cf6be29ef0dfeefee79992f3fec,1,rag_selected_cf,3,3,6,1,1,1,0.65,0.4307829160924542,0.175,864,49,0.1,0.65,0.05,0.2,0.4307829160924542,0.175,rag_3,0.2,2
917,ecbb43f6ee1d6ea1c3925809f0f3ac2a09d38002,6,rag_selected_cf,3,3,14,2,1,0,0.35,1.0498221244986778,0.6250000000000001,843,49,0.05,0.4,0.35,0.2,1.0498221244986778,0.6250000000000001,rag_3,0.2,2
526,9264a32d331cc9e05e4abee89938ee36bd291bb4,3,rag_selected_cf,3,3,7,3,2,0,0.1,2.302585092994045,1.22,769,49,0.2,0.1,0.6,0.1,2.302585092994045,1.22,rag_3,0.2,2
174,936f7e92fea23551686630c9568fc91c130845a1,0,rag_selected_cf,3,3,7,3,1,0,0.2,1.6094379124341005,1.0750000000000002,777,49,0.1,0.65,0.05,0.2,1.6094379124341005,1.0750000000000002,rag_3,0.2,2
101,48261e8c81f425744486fe8f2ac9ac5c7fca8b35,0,rag_selected_cf,3,3,9,3,3,1,0.6,0.5108256237659907,0.22,767,49,0.1,0.1,0.2,0.6,0.5108256237659907,0.22,rag_3,0.2,2
837,356842f91557e18b6955548c2525be32cdee53e0,3,rag_selected_cf,3,3,13,0,0,1,0.4,0.916290731874155,0.515,885,49,0.4,0.35,0.15,0.1,0.916290731874155,0.515,rag_3,0.2,2
408,34d8953bc0af797c693a4781009136c0ab6fb9c2,4,rag_selected_cf,3,3,17,1,3,0,0.25,1.3862943611198906,0.8150000000000001,923,49,0.1,0.25,0.2,0.45,1.3862943611198906,0.8150000000000001,rag_3,0.2,2
613,111db66881ed6b2feb12a95c5da4e30aaef600b7,4,rag_selected_cf,3,3,10,2,3,0,0.15,1.8971199848858813,1.0718,880,49,0.18,0.12,0.15,0.55,1.8971199848858813,1.0718,rag_3,0.2,2
800,16c6112ff4f60f855973e3bbb686b20aafae790e,1,rag_selected_cf,3,3,13,3,0,0,0.15,1.8971199848858813,1.035,781,49,0.5,0.15,0.2,0.15,1.8971199848858813,1.035,rag_3,0.2,2
820,87dc838004e9be726ebb59ecae9dab6deea47d7e,0,rag_selected_cf,3,3,11,2,2,1,0.4,0.916290731874155,0.5408,816,49,0.08,0.12,0.4,0.4,0.916290731874155,0.5408,rag_3,0.2,2
479,2f90640bc5404c5fb53705aba8baaaa8c550db06,2,rag_selected_cf,3,3,9,2,0,0,0.25,1.3862943611198906,0.885,764,49,0.55,0.1,0.25,0.1,1.3862943611198906,0.885,rag_3,0.2,2
59,29f233fb9af903cac69999cdebca21a6a212c6fa,1,rag_selected_cf,3,3,11,1,0,0,0.35,1.0498221244986778,0.7318,907,49,0.55,0.35,0.08,0.02,1.0498221244986778,0.7318,rag_3,0.2,2
215,50e35f2789cbf4de7deba1b00babd5941e900dad,4,rag_selected_cf,3,3,9,1,2,0,0.35,1.0498221244986778,0.685,850,49,0.1,0.35,0.5,0.05,1.0498221244986778,0.685,rag_3,0.2,2
948,f9099a93ec00e556c8530bfcaf133e3fa8c30f32,2,rag_selected_cf,3,3,7,0,0,1,0.45,0.7985076962177715,0.425,748,49,0.45,0.15,0.3,0.1,0.7985076962177715,0.425,rag_3,0.2,2
521,15289efe3963d6d3049d236c5e852a20282db367,3,rag_selected_cf,3,3,14,2,0,0,0.05,2.995732273553991,1.4249999999999998,836,49,0.7,0.1,0.05,0.15,2.995732273553991,1.4249999999999998,rag_3,0.2,2
158,ded4dde6b7ea3e4deb1f63e5a46925712aebbc56,3,rag_selected_cf,3,3,9,0,1,0,0.18,1.7147984280919266,0.9614,816,49,0.18,0.45,0.28,0.09,1.7147984280919266,0.9614,rag_3,0.2,2
583,9c2538eef135bd31438c629e60d5407d400a23f9,5,rag_selected_cf,3,3,15,2,1,0,0.2,1.6094379124341005,0.9350000000000002,865,49,0.05,0.45,0.2,0.3,1.6094379124341005,0.9350000000000002,rag_3,0.2,2
294,243a8b36cfab3ddf5d1d288fdca40c2ed13a2ae5,0,rag_selected_cf,3,3,7,2,0,0,0.15,1.8971199848858813,1.17,1183,49,0.65,0.05,0.15,0.15,1.8971199848858813,1.17,rag_3,0.2,2
883,0c908a3670d8277fc208f4701688f8b29fefafbc,3,rag_selected_cf,3,3,11,3,2,0,0.12,2.120263536200091,1.4178000000000002,1016,49,0.03,0.05,0.8,0.12,2.120263536200091,1.4178000000000002,rag_3,0.2,2
816,0073fc5b9b9f336e2a5fe90bac18933c6b145765,1,rag_selected_cf,3,3,8,1,2,0,0.15,1.897119984885881,0.99,945,49,0.15,0.15,0.35,0.35,1.897119984885881,0.99,rag_3,0.2,2
486,1399a8cbab4fee4a0a00c07660c62b6dffa5cca3,1,rag_selected_cf,3,3,9,3,0,0,0.25,1.3862943611198906,0.935,842,49,0.6,0.1,0.05,0.25,1.3862943611198906,0.935,rag_3,0.2,2
451,5c53fa89a1a18b87abc3cb64df788ac927e2fffa,0,rag_selected_cf,3,3,15,2,2,1,0.62,0.4780358009429998,0.2158,810,49,0.08,0.05,0.62,0.25,0.4780358009429998,0.2158,rag_3,0.2,2
280,d4975b64bb2f2c8916b1faa99cd35ea2c7ff9957,2,rag_selected_cf,3,3,6,1,0,0,0.05,2.995732273553991,1.4349999999999998,1275,49,0.7,0.05,0.2,0.05,2.995732273553991,1.4349999999999998,rag_3,0.2,2
692,1b817a5dd39be69da99aed1476ebd65b8c971f5d,5,rag_selected_cf,3,3,17,2,2,1,0.88,0.1278333715098848,0.02,1126,49,0.02,0.06,0.88,0.04,0.1278333715098848,0.02,rag_3,0.2,2
346,aae2450770900b70c991923796fedb2844934979,5,rag_selected_cf,3,3,14,2,0,0,0.25,1.3862943611198904,0.785,803,49,0.35,0.3,0.25,0.1,1.3862943611198904,0.785,rag_3,0.2,2
644,633e0b1604020b60878a313c14d7df36170fa5f1,5,rag_selected_cf,3,3,13,0,0,1,0.35,1.0498221244986778,0.61,770,49,0.35,0.25,0.35,0.05,1.0498221244986778,0.61,rag_3,0.2,2
261,9a708ad2abe8bf839f398a6f38c3b07c53cc5012,2,rag_selected_cf,3,3,8,1,1,1,0.8,0.2231435513142097,0.0549999999999999,1205,49,0.1,0.8,0.05,0.05,0.2231435513142097,0.0549999999999999,rag_3,0.2,2
595,f242d0e0f8242e2eef22114b88d8fab2c589e3bd,6,rag_selected_cf,3,3,17,2,0,0,0.15,1.8971199848858813,1.1149999999999998,900,49,0.6,0.1,0.15,0.15,1.8971199848858813,1.1149999999999998,rag_3,0.2,2
899,16283e0737a07d0a31b3e6cc8e1222c6d02de9d0,2,rag_selected_cf,3,3,17,2,1,0,0.2,1.6094379124341005,0.985,851,49,0.2,0.55,0.2,0.05,1.6094379124341005,0.985,rag_3,0.2,2
527,88b331452c92cede891474574b4645dcfb8fac13,0,rag_selected_cf,3,3,11,2,2,1,0.5,0.6931471805599453,0.36,792,49,0.1,0.1,0.5,0.3,0.6931471805599453,0.36,rag_3,0.2,2
867,407e45db18b47fe60dc5f60c32d9f10f67c97443,5,rag_selected_cf,3,3,14,0,0,1,0.55,0.5978370007556204,0.29,855,49,0.55,0.25,0.05,0.15,0.5978370007556204,0.29,rag_3,0.2,2
901,5ab2a458bf8970068a2677ea9608c8ccaebd57b3,0,rag_selected_cf,3,3,15,3,1,0,0.2,1.6094379124341005,0.9750000000000002,794,49,0.1,0.55,0.15,0.2,1.6094379124341005,0.9750000000000002,rag_3,0.2,2
936,611fa2b5f2997228d37edb52ee4344e85f3d280e,2,rag_selected_cf,3,3,19,3,0,0,0.05,2.995732273553991,1.3050000000000002,834,49,0.55,0.1,0.3,0.05,2.995732273553991,1.3050000000000002,rag_3,0.2,2
985,ec9a9e9db0a27e021516a6b32b58bc4312ba254e,3,rag_selected_cf,3,3,11,0,3,0,0.15,1.8971199848858813,1.165,805,49,0.15,0.1,0.1,0.65,1.8971199848858813,1.165,rag_3,0.2,2
289,3705502e15e5be893f10cf10d279d71236840843,2,rag_selected_cf,3,3,9,0,3,0,0.1,2.302585092994045,1.265,1122,49,0.1,0.1,0.15,0.65,2.302585092994045,1.265,rag_3,0.2,2
989,79005e8b0c34bfc71d4e6c08e3e698e910ef61c8,1,rag_selected_cf,3,3,15,3,0,0,0.25,1.3862943611198906,0.8300000000000001,791,49,0.45,0.25,0.05,0.25,1.3862943611198906,0.8300000000000001,rag_3,0.2,2
371,330131be26b4b908ba9acb52357ee95597700adf,3,rag_selected_cf,3,3,13,2,0,0,0.35,1.0498221244986778,0.73,906,49,0.55,0.05,0.35,0.05,1.0498221244986778,0.73,rag_3,0.2,2
411,6eae369fd6eba467fdfdc5a4c4820a9c5c53020e,2,rag_selected_cf,3,3,9,0,2,0,0.05,2.995732273553991,1.4249999999999998,723,49,0.05,0.1,0.7,0.15,2.995732273553991,1.4249999999999998,rag_3,0.2,2
275,b351d308f74382d77906b3afc09e8db8f62eff0b,1,rag_selected_cf,3,3,5,0,1,0,0.1,2.302585092994045,1.185,1389,49,0.1,0.55,0.25,0.1,2.302585092994045,1.185,rag_3,0.2,2
914,23c9fb93158185dda4c8f04038f1806bd7eb588d,0,rag_selected_cf,3,3,6,0,0,1,0.5499999999999999,0.5978370007556205,0.305,726,49,0.5499999999999999,0.2999999999999999,0.0499999999999999,0.0999999999999999,0.5978370007556205,0.305,rag_3,0.2,2
917,68c89bcd38fe6e1c6023028efe73ab7a36e0d6d8,5,rag_selected_cf,3,3,14,2,3,0,0.12,2.120263536200091,1.4973999999999998,930,49,0.02,0.01,0.12,0.85,2.120263536200091,1.4973999999999998,rag_3,0.2,2
526,010c270c2cb394c09035ffae4034041084821d58,0,rag_selected_cf,3,3,7,1,1,1,0.55,0.5978370007556204,0.3299999999999999,766,49,0.05,0.55,0.05,0.35,0.5978370007556204,0.3299999999999999,rag_3,0.2,2
174,79d0db9c95d6d9d09d44d9529b7da26849041409,2,rag_selected_cf,3,3,7,3,2,0,0.25,1.3862943611198906,0.8300000000000001,715,49,0.05,0.25,0.45,0.25,1.3862943611198906,0.8300000000000001,rag_3,0.2,2
101,f1e1d02ec1c6eaa6f2e18d9add4b714674f16c6f,2,rag_selected_cf,3,3,9,3,2,0,0.2,1.6094379124341005,0.8650000000000001,891,49,0.25,0.2,0.35,0.2,1.6094379124341005,0.8650000000000001,rag_3,0.2,2
837,36ea74e04d9e4426fea0e64f53dbed1b422a30d2,1,rag_selected_cf,3,3,13,0,0,1,0.75,0.2876820724517809,0.1038,956,49,0.75,0.2,0.03,0.02,0.2876820724517809,0.1038,rag_3,0.2,2
408,700900e6e866ea5bc904b55977a4f54095910033,2,rag_selected_cf,3,3,17,2,1,0,0.15,1.8971199848858813,1.2899999999999998,810,49,0.05,0.75,0.15,0.05,1.8971199848858813,1.2899999999999998,rag_3,0.2,2
613,0c685175ab8380f51606916b12a8d1a82c1ce2e8,0,rag_selected_cf,3,3,10,0,2,0,0.15,1.8971199848858813,1.045,751,49,0.15,0.25,0.5,0.1,1.8971199848858813,1.045,rag_3,0.2,2
800,5286c690405550253ed02d2f0ddaf0bce235cb98,3,rag_selected_cf,3,3,13,2,2,1,0.6,0.5108256237659907,0.225,839,49,0.15,0.05,0.6,0.2,0.5108256237659907,0.225,rag_3,0.2,2
820,8e7d84375aa9ee472512f28ec4ea07dfb0d4c342,3,rag_selected_cf,3,3,11,3,0,0,0.15,1.8971199848858813,1.115,854,49,0.6,0.15,0.1,0.15,1.8971199848858813,1.115,rag_3,0.2,2
479,f049340ed2c23a5091046c3de6712194adb1c301,3,rag_selected_cf,3,3,9,0,0,1,0.75,0.2876820724517809,0.095,1059,49,0.75,0.0,0.1,0.15,0.2876820724517809,0.095,rag_3,0.2,2
670,363d3d7f8f181d401298c9b273b2acb87b117374,1,rag_selected_cf,3,3,12,3,3,1,0.45,0.7985076962177716,0.445,781,49,0.1,0.1,0.35,0.45,0.7985076962177716,0.445,rag_3,0.25,3
72,39fc84d6f94c707c58057cc0d72dd778c217278e,3,rag_selected_cf,3,3,19,2,0,0,0.2,1.6094379124341005,1.025,783,49,0.6,0.05,0.2,0.15,1.6094379124341005,1.025,rag_3,0.25,3
764,12ad1f646c5b0532282e04ac06520f595265c9f3,0,rag_selected_cf,3,3,13,1,1,1,0.9,0.1053605156578262,0.0141999999999999,1079,49,0.01,0.9,0.04,0.05,0.1053605156578262,0.0141999999999999,rag_3,0.25,3
977,863984a416f9a0fe5b9f4416fc00ce19a5e3580c,1,rag_selected_cf,3,3,5,1,1,1,0.7999999999999998,0.22314355131421,0.055,1021,49,0.0499999999999999,0.7999999999999998,0.0499999999999999,0.0999999999999999,0.22314355131421,0.055,rag_3,0.25,3
650,49b8e6878b1d9b7328dca49b48afa5884993022d,6,rag_selected_cf,3,3,16,1,1,1,0.62,0.4780358009429998,0.2246,1063,49,0.08,0.62,0.27,0.03,0.4780358009429998,0.2246,rag_3,0.25,3
199,23a3cad858a182d6029ee633b83e178a86b9d1c7,0,rag_selected_cf,3,3,7,0,0,1,0.72,0.3285040669720361,0.1414,768,49,0.72,0.25,0.01,0.02,0.3285040669720361,0.1414,rag_3,0.25,3
361,ff8f5ecaf19c84a626d4edff9ab190dc6ba0bddf,0,rag_selected_cf,3,3,11,1,1,1,0.4,0.916290731874155,0.485,779,49,0.2,0.4,0.15,0.25,0.916290731874155,0.485,rag_3,0.25,3
687,16451d43bbbccfc663f9adb24b5734392d0e9e69,1,rag_selected_cf,3,3,11,3,0,0,0.15,1.8971199848858813,0.99,780,49,0.35,0.35,0.15,0.15,1.8971199848858813,0.99,rag_3,0.25,3
959,995075b8b0c095b9c26e744fe20a1b1a012c2f2d,0,rag_selected_cf,3,3,18,2,1,0,0.25,1.3862943611198906,0.8150000000000001,802,49,0.05,0.4,0.25,0.3,1.3862943611198906,0.8150000000000001,rag_3,0.25,3
493,046dda9f5c594783ed33c73513fa9d4db66f8407,2,rag_selected_cf,3,3,10,0,0,1,0.55,0.5978370007556204,0.285,848,49,0.55,0.1,0.25,0.1,0.5978370007556204,0.285,rag_3,0.25,3
822,b6480b06d3b1ac684d89b160bc4d1a37a652d617,0,rag_selected_cf,3,3,17,1,1,1,0.7,0.3566749439387324,0.135,895,49,0.05,0.7,0.05,0.2,0.3566749439387324,0.135,rag_3,0.25,3
425,ab25605483644d009364011f08985f35a80cfd09,6,rag_selected_cf,3,3,15,1,0,0,0.1,2.302585092994045,1.325,750,49,0.7,0.1,0.05,0.15,2.302585092994045,1.325,rag_3,0.25,3
902,fa6a7eb12a490c6843852cb5cc4919e826f70bcf,2,rag_selected_cf,3,3,7,1,0,0,0.0,27.631021115928547,1.5400000000000005,913,49,0.7000000000000001,0.0,0.2,0.1,27.631021115928547,1.5400000000000005,rag_3,0.25,3
522,89b9a14fade733b87d0dac70816389a2c2cd698e,4,rag_selected_cf,3,3,14,0,2,0,0.25,1.3862943611198906,0.8150000000000001,827,49,0.25,0.2,0.45,0.1,1.3862943611198906,0.8150000000000001,rag_3,0.25,3
244,0494b0c229fb55196acee84fb249693e0c7ad29a,1,rag_selected_cf,3,3,9,3,2,0,0.05,2.995732273553991,1.63,871,49,0.05,0.05,0.85,0.05,2.995732273553991,1.63,rag_3,0.25,3
689,35cfbe44b8970249f0a9b6705be49d70926bc4ae,5,rag_selected_cf,3,3,14,0,0,1,0.55,0.5978370007556204,0.29,736,49,0.55,0.15,0.25,0.05,0.5978370007556204,0.29,rag_3,0.25,3
584,31a17fcda761673a7fc9edbf147398a11bdb9862,3,rag_selected_cf,3,3,11,3,0,0,0.25,1.3862943611198906,0.935,733,49,0.6,0.05,0.1,0.25,1.3862943611198906,0.935,rag_3,0.25,3
382,d86be374d9d89dc491187c61038cd83dfcdcc77b,2,rag_selected_cf,3,3,12,3,1,0,0.31,1.171182981502945,0.7145999999999999,688,49,0.06,0.45,0.18,0.31,1.171182981502945,0.7145999999999999,rag_3,0.25,3
30,d9711a2a10f2e9f98c25b5577f6041d8dc4f8e36,4,rag_selected_cf,3,3,13,0,0,1,0.6000000000000001,0.5108256237659905,0.2199999999999999,778,49,0.6000000000000001,0.1,0.2,0.1,0.5108256237659905,0.2199999999999999,rag_3,0.25,3
136,57f38d5b809c7e8a263f4074e05e61cfd538d6bc,1,rag_selected_cf,3,3,11,2,1,0,0.15,1.8971199848858813,1.225,919,49,0.1,0.7,0.15,0.05,1.8971199848858813,1.225,rag_3,0.25,3
986,27bacc6549538aa77c9b74a5a50750187694319a,0,rag_selected_cf,3,3,9,2,2,1,0.6,0.5108256237659907,0.22,768,49,0.2,0.1,0.6,0.1,0.5108256237659907,0.22,rag_3,0.25,3
10,5a0434e8b78c2490982c9fd5a17e85d42600ea2d,2,rag_selected_cf,3,3,13,0,0,1,0.7000000000000001,0.3566749439387323,0.1199999999999999,838,49,0.7000000000000001,0.1,0.1,0.1,0.3566749439387323,0.1199999999999999,rag_3,0.25,3
528,d9033843ea15627e72288700783caa58c6b17854,2,rag_selected_cf,3,3,11,1,0,0,0.1,2.302585092994045,1.215,753,49,0.6,0.1,0.15,0.15,2.302585092994045,1.215,rag_3,0.25,3
865,a25726a76255be13360fe1ef2b2456ec50b3deb1,3,rag_selected_cf,3,3,17,3,1,0,0.15,1.8971199848858813,1.225,880,49,0.1,0.7,0.05,0.15,1.8971199848858813,1.225,rag_3,0.25,3
679,b37ee53a204fa095bbbcf258c66f669a92fe2341,4,rag_selected_cf,3,3,12,2,0,0,0.4,0.916290731874155,0.575,790,49,0.45,0.1,0.4,0.05,0.916290731874155,0.575,rag_3,0.25,3
884,b6ac23b5a66ce030f2efb849625d17d8374c265a,4,rag_selected_cf,3,3,14,2,2,1,0.85,0.1625189294977749,0.03,931,49,0.05,0.05,0.85,0.05,0.1625189294977749,0.03,rag_3,0.25,3
866,0f45b06c751ba43ac597ca58af61d107a45500d3,4,rag_selected_cf,3,3,11,2,0,0,0.3,1.203972804325936,0.6649999999999999,731,49,0.3,0.15,0.3,0.25,1.203972804325936,0.6649999999999999,rag_3,0.25,3
321,7ee8fa57ee87dd71d79406a3e4989e04aca1d101,1,rag_selected_cf,3,3,5,1,0,0,0.05,2.995732273553991,1.4899999999999998,1147,49,0.75,0.05,0.05,0.15,2.995732273553991,1.4899999999999998,rag_3,0.25,3
209,78d6331f4ecae270ffe468b0d43f75de70e0a3d6,0,rag_selected_cf,3,3,13,0,0,1,0.55,0.5978370007556204,0.3049999999999999,866,49,0.55,0.05,0.1,0.3,0.5978370007556204,0.3049999999999999,rag_3,0.25,3
445,916e0554735692616d2cfaaa5fb211a6bf3a972a,6,rag_selected_cf,3,3,13,1,1,1,0.45,0.7985076962177715,0.425,698,49,0.15,0.45,0.3,0.1,0.7985076962177715,0.425,rag_3,0.25,3
879,4eda9ecd958f7f012d268bb7ff8746a5d09023b3,4,rag_selected_cf,3,3,11,2,2,1,0.78,0.2484613592984996,0.0737999999999999,835,49,0.05,0.02,0.78,0.15,0.2484613592984996,0.0737999999999999,rag_3,0.25,3
221,6cef8355e661178f64e94d7b0bdaacca259f1548,4,rag_selected_cf,3,3,12,2,2,1,0.45,0.7985076962177716,0.4182,720,49,0.09,0.2,0.45,0.26,0.7985076962177716,0.4182,rag_3,0.25,3
938,69cea1abb6ffcc43035e31c8730235a260ed1c59,1,rag_selected_cf,3,3,15,3,1,0,0.19,1.6607312068216509,1.2212,793,49,0.05,0.75,0.01,0.19,1.6607312068216509,1.2212,rag_3,0.25,3
314,7f87094a7a23b2480878bb0c51993069600afa07,2,rag_selected_cf,3,3,5,3,2,0,0.15,1.8971199848858813,1.1149999999999998,1393,49,0.15,0.1,0.6,0.15,1.8971199848858813,1.1149999999999998,rag_3,0.25,3
845,e9a11017e047de057d22d32e882ec65249db4c73,0,rag_selected_cf,3,3,9,0,2,0,0.12,2.120263536200091,1.1256000000000002,811,49,0.12,0.2,0.54,0.14,2.120263536200091,1.1256000000000002,rag_3,0.25,3
749,1b9d1783fcd6c9c95dfd7214fcade537c519a4b0,5,rag_selected_cf,3,3,13,0,0,1,0.55,0.5978370007556204,0.2749999999999999,760,49,0.55,0.1,0.15,0.2,0.5978370007556204,0.2749999999999999,rag_3,0.25,3
554,ab9a58bd79e76eec7701e516a6da52365d42429b,0,rag_selected_cf,3,3,5,2,0,0,0.1,2.302585092994045,1.22,793,49,0.6,0.2,0.1,0.1,2.302585092994045,1.22,rag_3,0.25,3
677,e98bdba5060fca7d276c92c56fb2dbf7109057c2,5,rag_selected_cf,3,3,12,2,3,0,0.25,1.3862943611198906,0.7699999999999999,931,49,0.25,0.15,0.25,0.35,1.3862943611198906,0.7699999999999999,rag_3,0.25,3
260,2285e464c95037290a11fc1b14df9b9b402734ec,2,rag_selected_cf,3,3,6,3,3,1,0.8,0.2231435513142097,0.0549999999999999,972,49,0.05,0.05,0.1,0.8,0.2231435513142097,0.0549999999999999,rag_3,0.25,3
670,5fcb0783d365c9a9c483233d02bdf665ee99ac34,3,rag_selected_cf,3,3,12,3,3,1,0.85,0.1625189294977749,0.035,986,49,0.0,0.05,0.1,0.85,0.1625189294977749,0.035,rag_3,0.25,3
72,4a191049e2e222b8059dfd571131e521a4216595,5,rag_selected_cf,3,3,19,1,1,1,0.85,0.1625189294977749,0.03,1017,49,0.05,0.85,0.05,0.05,0.1625189294977749,0.03,rag_3,0.25,3
764,78ccff7443f70e70db213f1f958b05cf5942b08b,3,rag_selected_cf,3,3,13,2,0,0,0.25,1.3862943611198906,1.055,841,49,0.7,0.05,0.25,0.0,1.3862943611198906,1.055,rag_3,0.25,3
977,9ac7e53a6f39db5da934245d1f48918b11da541a,0,rag_selected_cf,3,3,5,3,1,0,0.2,1.6094379124341005,1.0750000000000002,1002,49,0.05,0.65,0.1,0.2,1.6094379124341005,1.0750000000000002,rag_3,0.25,3
650,8bf30511ef99aed10e2085dd85096956449a40a6,1,rag_selected_cf,3,3,16,2,3,0,0.1,2.302585092994045,1.325,783,49,0.05,0.15,0.1,0.7,2.302585092994045,1.325,rag_3,0.25,3
199,033c713603cc50134296fe167309498f0047de66,3,rag_selected_cf,3,3,7,3,3,1,0.55,0.5978370007556204,0.285,827,49,0.1,0.25,0.1,0.55,0.5978370007556204,0.285,rag_3,0.25,3
361,8264125065871b23129f62f86698e70dd863330b,4,rag_selected_cf,3,3,11,3,0,0,0.04,3.218875824868201,1.388,736,49,0.62,0.06,0.28,0.04,3.218875824868201,1.388,rag_3,0.25,3
687,dc9506c38de1feb558ab84e7f0272768f3d994d0,2,rag_selected_cf,3,3,11,3,2,0,0.05,2.995732273553991,1.5550000000000002,867,49,0.05,0.1,0.8,0.05,2.995732273553991,1.5550000000000002,rag_3,0.25,3
959,2c2ae771d6b711d328a719bb1416fce9d1b55c88,1,rag_selected_cf,3,3,18,0,0,1,0.7,0.3566749439387324,0.125,1009,49,0.7,0.05,0.1,0.15,0.3566749439387324,0.125,rag_3,0.25,3
493,10526f0be3f62b060f46d5f43cee13de98e48654,1,rag_selected_cf,3,3,10,3,0,0,0.25,1.3862943611198906,0.99,852,49,0.65,0.05,0.05,0.25,1.3862943611198906,0.99,rag_3,0.25,3
822,6df31d0e0fd2f5b0c0c9059883954d63ba05897e,6,rag_selected_cf,3,3,17,3,0,0,0.3,1.203972804325936,0.725,797,49,0.45,0.15,0.1,0.3,1.203972804325936,0.725,rag_3,0.25,3
425,f61cc2035f1a112c16e7d6b6f4a857318e4260ee,1,rag_selected_cf,3,3,15,3,2,0,0.2,1.6094379124341005,0.915,764,49,0.25,0.1,0.45,0.2,1.6094379124341005,0.915,rag_3,0.25,3
902,0551ff3f7bfa48112cd866d1cb1b7aba1d784df1,1,rag_selected_cf,3,3,7,3,0,0,0.2,1.6094379124341005,1.0750000000000002,822,49,0.65,0.1,0.05,0.2,1.6094379124341005,1.0750000000000002,rag_3,0.25,3
522,052be3bfa06397c70a6215abc056096d97937bc8,2,rag_selected_cf,3,3,14,1,0,0,0.25,1.3862943611198906,1.0537999999999998,875,49,0.7,0.25,0.03,0.02,1.3862943611198906,1.0537999999999998,rag_3,0.25,3
244,3ac3cbd844b057b8f58548d0dcbe1dd8586a5dc5,2,rag_selected_cf,3,3,9,0,0,1,0.5,0.6931471805599453,0.385,661,49,0.5,0.1,0.35,0.05,0.6931471805599453,0.385,rag_3,0.25,3
689,e5996de1bc3810a74445e91a813fade1e94bd9f1,2,rag_selected_cf,3,3,14,1,1,1,0.78,0.2484613592984996,0.0697999999999999,833,49,0.06,0.78,0.03,0.13,0.2484613592984996,0.0697999999999999,rag_3,0.25,3
584,4db6d1b4998fd007b6104d256dbc65a013ee5a5b,0,rag_selected_cf,3,3,11,2,2,1,0.4,0.916290731874155,0.485,711,49,0.2,0.15,0.4,0.25,0.916290731874155,0.485,rag_3,0.25,3
382,5fefaa04061dde7cb0dbbb49b9c5ae265d73ea61,5,rag_selected_cf,3,3,12,3,1,0,0.1,2.302585092994045,1.1150000000000002,808,49,0.25,0.45,0.2,0.1,2.302585092994045,1.1150000000000002,rag_3,0.25,3
30,43b4532eef1f185ec65202174bb75c381f7fa550,5,rag_selected_cf,3,3,13,3,0,0,0.15,1.8971199848858813,1.145,916,49,0.6,0.0,0.25,0.15,1.8971199848858813,1.145,rag_3,0.25,3
136,e4871c8d79c1aaf0a85b7b85d4a49361ef4342ee,3,rag_selected_cf,3,3,11,0,0,1,0.6,0.5108256237659907,0.225,804,49,0.6,0.15,0.05,0.2,0.5108256237659907,0.225,rag_3,0.25,3
986,fb652ba26f02494415244b23e007806210e0b9fe,2,rag_selected_cf,3,3,9,1,1,1,0.65,0.4307829160924542,0.175,719,49,0.1,0.65,0.05,0.2,0.4307829160924542,0.175,rag_3,0.25,3
10,3d3c5f8c730ea8b347173bb1b14f1446c754b152,3,rag_selected_cf,3,3,13,3,2,0,0.14,1.9661128563728327,1.0424,708,49,0.18,0.2,0.48,0.14,1.9661128563728327,1.0424,rag_3,0.25,3
528,f6dd4afd0d69a1862bc08a0464c6cbccc2bb6a43,3,rag_selected_cf,3,3,11,3,2,0,0.1,2.302585092994045,1.185,800,49,0.25,0.1,0.55,0.1,2.302585092994045,1.185,rag_3,0.25,3
865,748b93996de27b17263d338a4b3f8f08f59b0896,4,rag_selected_cf,3,3,17,2,0,0,0.4,0.916290731874155,0.5449999999999999,991,49,0.4,0.05,0.4,0.15,0.916290731874155,0.5449999999999999,rag_3,0.25,3
679,35783fb6c88451ac9446e48cfd1c1aea5aac5925,0,rag_selected_cf,3,3,12,1,1,1,0.4,0.916290731874155,0.54,784,49,0.1,0.4,0.4,0.1,0.916290731874155,0.54,rag_3,0.25,3
884,f2fc7323bcf06ed6c74848bef3fb461c895f5ac5,5,rag_selected_cf,3,3,14,1,1,1,0.5499999999999999,0.5978370007556205,0.275,756,49,0.1499999999999999,0.5499999999999999,0.1999999999999999,0.0999999999999999,0.5978370007556205,0.275,rag_3,0.25,3
866,bc5c5f6f01a3e366a8c316429f673d3edcb695d6,1,rag_selected_cf,3,3,11,1,1,1,0.6,0.5108256237659907,0.255,842,49,0.05,0.6,0.05,0.3,0.5108256237659907,0.255,rag_3,0.25,3
321,15a9041f763c0e22e25c98a6cf3172eece50e862,0,rag_selected_cf,3,3,5,2,3,0,0.1,2.302585092994045,1.455,992,49,0.05,0.05,0.1,0.8,2.302585092994045,1.455,rag_3,0.25,3
209,fc9ac0cdf15103babc8d0aacfdd05c0af2970849,5,rag_selected_cf,3,3,13,3,1,0,0.15,1.8971199848858813,1.01,708,49,0.25,0.45,0.15,0.15,1.8971199848858813,1.01,rag_3,0.25,3
445,0c426ba68acc7d0bad5e08b0a9523989295eaecb,1,rag_selected_cf,3,3,13,3,2,0,0.25,1.3862943611198906,0.785,767,49,0.2,0.15,0.4,0.25,1.3862943611198906,0.785,rag_3,0.25,3
879,cbd688d719802be36d6848139e472ffc25a7d812,3,rag_selected_cf,3,3,11,2,1,0,0.35,1.0498221244986778,0.685,809,49,0.1,0.5,0.35,0.05,1.0498221244986778,0.685,rag_3,0.25,3
221,6dee65c5623f8a2d325a158d1496400a7ac67739,5,rag_selected_cf,3,3,12,0,2,0,0.15,1.8971199848858813,1.125,780,49,0.15,0.05,0.6,0.2,1.8971199848858813,1.125,rag_3,0.25,3
938,295fb99690fd4c6721d53a442caa7a48dd30be85,3,rag_selected_cf,3,3,15,3,2,0,0.05,2.995732273553991,1.4858,882,49,0.08,0.12,0.75,0.05,2.995732273553991,1.4858,rag_3,0.25,3
314,aff582e55feb1582247b77ddc68749b03e55814c,1,rag_selected_cf,3,3,5,3,3,1,0.8,0.2231435513142097,0.0549999999999999,1045,49,0.05,0.05,0.1,0.8,0.2231435513142097,0.0549999999999999,rag_3,0.25,3
845,1e2c96a5efb1c7408f6686993684bc20eeaf0619,4,rag_selected_cf,3,3,9,0,1,0,0.35,1.0498221244986778,0.6499999999999999,722,49,0.35,0.45,0.05,0.15,1.0498221244986778,0.6499999999999999,rag_3,0.25,3
749,3d88ca05c848f2dfee2f988ed5112599a20d0e80,1,rag_selected_cf,3,3,13,0,2,0,0.4,0.916290731874155,0.575,893,49,0.4,0.05,0.45,0.1,0.916290731874155,0.575,rag_3,0.25,3
554,37d42e75cafd2cb6adebfad8f6ce0fd9be61e304,1,rag_selected_cf,3,3,5,1,1,1,0.6,0.5108256237659907,0.235,740,49,0.05,0.6,0.25,0.1,0.5108256237659907,0.235,rag_3,0.25,3
677,328225860d4ff51a289792f2286e47bc91ddde1e,2,rag_selected_cf,3,3,12,0,0,1,0.45,0.7985076962177716,0.445,995,49,0.45,0.1,0.1,0.35,0.7985076962177716,0.445,rag_3,0.25,3
260,d03477215984e392f238796d2500fcb1ed041f8f,0,rag_selected_cf,3,3,6,1,3,0,0.05,2.995732273553991,1.5550000000000002,1055,49,0.05,0.05,0.1,0.8,2.995732273553991,1.5550000000000002,rag_3,0.25,3
668,937c08477fec222113ae0834d2191e4b29a2bb93,0,rag_selected_cf,5,5,13,2,2,1,0.55,0.5978370007556204,0.29,1045,49,0.05,0.25,0.55,0.15,0.5978370007556204,0.29,rag_5,0.2,4
590,5c928ee2c05277f7f6d48c548915a2f94068164e,5,rag_selected_cf,5,5,15,0,0,1,0.85,0.1625189294977749,0.0314,1338,49,0.85,0.02,0.06,0.07,0.1625189294977749,0.0314,rag_5,0.2,4
462,1c7f6f2b5ded7ece04bd8fa7a05c8f1c27eb2487,3,rag_selected_cf,5,5,11,1,0,0,0.05,2.995732273553991,1.29,1017,49,0.55,0.05,0.15,0.25,2.995732273553991,1.29,rag_5,0.2,4
543,554aa6348034584bbb38c8dd496dc6982e832f88,1,rag_selected_cf,5,5,14,3,2,0,0.25,1.3862943611198906,0.755,999,49,0.25,0.2,0.3,0.25,1.3862943611198906,0.755,rag_5,0.2,4
86,6e9a421cdd4ace13a8ad315c5d468025c0781a85,5,rag_selected_cf,5,5,17,1,2,0,0.25,1.3862943611198906,0.83,942,49,0.05,0.25,0.45,0.25,1.3862943611198906,0.83,rag_5,0.2,4
643,0941ee2f88ec4fc0d3737d7383d1f22b8e9eee8f,0,rag_selected_cf,5,5,17,1,3,0,0.3,1.203972804325936,0.7649999999999999,1027,49,0.05,0.3,0.15,0.5,1.203972804325936,0.7649999999999999,rag_5,0.2,4
429,2e90af2a8e60b398328f51296cb32023f1a66221,2,rag_selected_cf,5,5,19,3,0,0,0.05,2.995732273553991,1.3050000000000002,951,49,0.55,0.1,0.3,0.05,2.995732273553991,1.3050000000000002,rag_5,0.2,4
716,5810c7f0edf3eda0e396c74ed0e38fee4da2df03,3,rag_selected_cf,5,5,13,3,1,0,0.3,1.203972804325936,0.7607999999999999,1026,49,0.12,0.5,0.08,0.3,1.203972804325936,0.7607999999999999,rag_5,0.2,4
626,bc64526b2f1d66be7b56f0379bc41dc47b176808,6,rag_selected_cf,5,5,13,1,1,1,0.85,0.1625189294977749,0.035,1148,49,0.05,0.85,0.1,0.0,0.1625189294977749,0.035,rag_5,0.2,4
23,8530124db9ccb88cf0110c3091ee3b0717ba9e49,2,rag_selected_cf,5,5,15,2,0,0,0.35,1.0498221244986778,0.645,958,49,0.45,0.1,0.35,0.1,1.0498221244986778,0.645,rag_5,0.2,4
829,c66d323fcf3f50bbce06f0c3162f1e643d10dde8,0,rag_selected_cf,5,5,6,3,3,1,0.51,0.6733445532637656,0.4434,1149,49,0.02,0.45,0.02,0.51,0.6733445532637656,0.4434,rag_5,0.2,4
66,f53bcce8acae341cf849619f6ddaa48576f49caf,7,rag_selected_cf,5,5,18,0,0,1,0.75,0.2876820724517809,0.0964,1125,49,0.75,0.01,0.07,0.17,0.2876820724517809,0.0964,rag_5,0.2,4
265,71b2bb47db63430f33ffc689233491c94d900b33,1,rag_selected_cf,5,5,8,3,2,0,0.1,2.302585092994045,1.455,2028,49,0.05,0.05,0.8,0.1,2.302585092994045,1.455,rag_5,0.2,4
761,86b99edb484a0ed4dcc45d517e6bcd256ddf21ba,7,rag_selected_cf,5,5,16,0,0,1,0.5499999999999999,0.5978370007556205,0.305,929,49,0.5499999999999999,0.2999999999999999,0.0499999999999999,0.0999999999999999,0.5978370007556205,0.305,rag_5,0.2,4
44,c99910d80e652162dabaec778aa562c053b32b2d,1,rag_selected_cf,5,5,8,0,0,1,0.45,0.7985076962177716,0.45,965,49,0.45,0.05,0.35,0.15,0.7985076962177716,0.45,rag_5,0.2,4
559,2353dc5c0dce8d4cff0a5f314a3306090666f263,1,rag_selected_cf,5,5,7,1,3,0,0.2,1.6094379124341005,0.915,1111,49,0.1,0.2,0.25,0.45,1.6094379124341005,0.915,rag_5,0.2,4
213,052c06e042828dc95397638c58eb866fced8c5b0,5,rag_selected_cf,5,5,11,1,2,0,0.15,1.8971199848858813,1.075,924,49,0.1,0.15,0.55,0.2,1.8971199848858813,1.075,rag_5,0.2,4
740,d35768b67ce8ed7e0cb6cb2dcb96b4ded5cce9b5,4,rag_selected_cf,5,5,15,0,0,1,0.4499999999999999,0.7985076962177718,0.475,940,49,0.4499999999999999,0.3999999999999999,0.0499999999999999,0.0999999999999999,0.7985076962177718,0.475,rag_5,0.2,4
439,258e3721803ff45dd451e93be6e7e3509e2e3ae2,0,rag_selected_cf,5,5,19,2,2,1,0.45,0.7985076962177716,0.4398,1106,49,0.18,0.32,0.45,0.05,0.7985076962177716,0.4398,rag_5,0.2,4
332,eb0eaa08d2e81bf505acb790d37469ac8bcd201b,0,rag_selected_cf,5,4,4,1,0,0,0.05,2.995732273553991,1.63,1248,49,0.85,0.05,0.05,0.05,2.995732273553991,1.63,rag_5,0.2,4
570,f252309ca87d6f0deed2332f22d7578d174eba49,2,rag_selected_cf,5,5,9,3,0,0,0.2,1.6094379124341005,1.135,1036,49,0.7,0.05,0.05,0.2,1.6094379124341005,1.135,rag_5,0.2,4
549,946866779bdc258b9e28f4094e667700aedc1b51,2,rag_selected_cf,5,5,16,0,0,1,0.7,0.3566749439387324,0.125,1030,49,0.7,0.05,0.15,0.1,0.3566749439387324,0.125,rag_5,0.2,4
370,848fb2c25982a5d55d647baa834294f94aab01eb,1,rag_selected_cf,5,5,8,0,0,1,0.85,0.1625189294977749,0.035,1164,49,0.85,0.0,0.05,0.1,0.1625189294977749,0.035,rag_5,0.2,4
974,d370c390db0f5263748683aee24f6b7e87a0dd34,0,rag_selected_cf,5,5,8,1,2,0,0.15,1.8971199848858813,1.01,1065,49,0.25,0.15,0.45,0.15,1.8971199848858813,1.01,rag_5,0.2,4
247,058417b0ee7efdc1c695febf6f7ee24ee5c4383d,2,rag_selected_cf,5,5,18,1,2,0,0.18,1.7147984280919266,1.1727999999999998,944,49,0.02,0.18,0.7000000000000001,0.1,1.7147984280919266,1.1727999999999998,rag_5,0.2,4
859,75953f3e87340a34b01d8f8f1f21b67ee7ebfd3d,6,rag_selected_cf,5,5,13,3,3,1,0.4,0.916290731874155,0.5149999999999999,1045,49,0.15,0.1,0.35,0.4,0.916290731874155,0.5149999999999999,rag_5,0.2,4
995,79ca762a4da9fb23212277db5b340e78e2c3123a,2,rag_selected_cf,5,5,12,1,3,0,0.05,2.995732273553991,1.715,1166,49,0.05,0.05,0.0,0.9,2.995732273553991,1.715,rag_5,0.2,4
714,c9ce1b90b2f49ad47cca12fb2dd5549866dcdec7,4,rag_selected_cf,5,5,15,1,1,1,0.75,0.2876820724517809,0.0918,1078,49,0.02,0.75,0.15,0.08,0.2876820724517809,0.0918,rag_5,0.2,4
660,136b837817fe71f3d04075413620dbfec16fd6a7,1,rag_selected_cf,5,5,11,3,2,0,0.1,2.302585092994045,1.3200000000000005,1171,49,0.1,0.1,0.7000000000000001,0.1,2.302585092994045,1.3200000000000005,rag_5,0.2,4
120,8db1b1110ff9de5519383f78faa16b84d3216c7a,2,rag_selected_cf,5,5,17,2,1,0,0.05,2.995732273553991,1.63,1002,49,0.05,0.85,0.05,0.05,2.995732273553991,1.63,rag_5,0.2,4
604,f77e5b8be51c7030174f599e8602748412b6f36f,2,rag_selected_cf,5,5,13,2,2,1,0.3,1.203972804325936,0.6549999999999999,875,49,0.25,0.2,0.3,0.25,1.203972804325936,0.6549999999999999,rag_5,0.2,4
63,df16994c0babfb357e755603991782e75789c55e,5,rag_selected_cf,5,5,12,2,1,0,0.0499999999999999,2.9957322735539917,1.5549999999999995,1206,49,0.0499999999999999,0.7999999999999998,0.0499999999999999,0.0999999999999999,2.9957322735539917,1.5549999999999995,rag_5,0.2,4
542,231773b4225c53d0aceafc93df22a99720a2677e,0,rag_selected_cf,5,5,9,2,0,0,0.25,1.3862943611198906,0.855,1055,49,0.5,0.05,0.25,0.2,1.3862943611198906,0.855,rag_5,0.2,4
924,ecc8df2a8d060897db595558298acf78adc774b3,0,rag_selected_cf,5,5,11,2,0,0,0.3,1.203972804325936,0.7249999999999999,990,49,0.45,0.1,0.3,0.15,1.203972804325936,0.7249999999999999,rag_5,0.2,4
139,c0f826a0a41fd58cd4d492e7d1811453726fefd7,3,rag_selected_cf,5,5,15,2,1,0,0.2,1.6094379124341005,0.9850000000000002,1014,49,0.05,0.55,0.2,0.2,1.6094379124341005,0.9850000000000002,rag_5,0.2,4
513,e6562997bd47ea219f7610ec3d3d01a217feb470,0,rag_selected_cf,5,5,13,1,1,1,0.45,0.7985076962177715,0.415,997,49,0.25,0.45,0.2,0.1,0.7985076962177715,0.415,rag_5,0.2,4
432,98b753ed1c4ee5835547aed6fdc1577d9a5dbf18,2,rag_selected_cf,5,5,11,0,0,1,0.55,0.5978370007556204,0.3049999999999999,1020,49,0.55,0.05,0.1,0.3,0.5978370007556204,0.3049999999999999,rag_5,0.2,4
713,6c305b6f96311fe9b5c0e119a0551c955d3be2b0,2,rag_selected_cf,5,5,9,3,1,0,0.15,1.8971199848858813,1.075,979,49,0.2,0.55,0.1,0.15,1.8971199848858813,1.075,rag_5,0.2,4
88,a2852b3c45743d848897abcd9d3c21350515784e,0,rag_selected_cf,5,5,8,2,2,1,0.85,0.1625189294977749,0.03,1283,49,0.05,0.05,0.85,0.05,0.1625189294977749,0.03,rag_5,0.2,4
668,6b16b5190492f1e6ced76b8906068fdab8a1c642,3,rag_selected_cf,5,5,13,1,0,0,0.2999999999999999,1.203972804325936,0.8049999999999999,1149,49,0.5499999999999999,0.2999999999999999,0.0499999999999999,0.0999999999999999,1.203972804325936,0.8049999999999999,rag_5,0.2,4
590,3e4115a9bee522661add08cf0195f0c508a4894a,7,rag_selected_cf,5,5,15,0,0,1,0.45,0.7985076962177716,0.4750000000000001,1048,49,0.45,0.4,0.1,0.05,0.7985076962177716,0.4750000000000001,rag_5,0.2,4
462,543ad04db7b693999a49f0fbaeac5a3a06fe24c5,1,rag_selected_cf,5,5,11,0,0,1,0.75,0.2876820724517809,0.09,1043,49,0.75,0.15,0.05,0.05,0.2876820724517809,0.09,rag_5,0.2,4
543,7a5842cd101c53ec507cd35713384042bcd1387d,3,rag_selected_cf,5,5,14,1,1,1,0.55,0.5978370007556204,0.3299999999999999,1126,49,0.05,0.55,0.05,0.35,0.5978370007556204,0.3299999999999999,rag_5,0.2,4
86,ef68cbad3a2526d630c915d6408196445e3745cd,1,rag_selected_cf,5,5,17,1,1,1,0.45,0.7985076962177716,0.45,1099,49,0.05,0.45,0.35,0.15,0.7985076962177716,0.45,rag_5,0.2,4
643,c0093603518dc75c68364d80efbc6065c3b9fc5b,6,rag_selected_cf,5,5,17,3,1,0,0.1,2.302585092994045,1.1250000000000002,1034,49,0.15,0.45,0.3,0.1,2.302585092994045,1.1250000000000002,rag_5,0.2,4
429,b70e759013d964fda9b40f7d41d586f1f7153bfb,6,rag_selected_cf,5,5,19,3,3,1,0.35,1.0498221244986778,0.605,939,49,0.3,0.3,0.05,0.35,1.0498221244986778,0.605,rag_5,0.2,4
716,3ea4bbf4b53e93096cff89b3eade8762aba760f6,5,rag_selected_cf,5,5,13,1,1,1,0.55,0.5978370007556204,0.3049999999999999,943,49,0.1,0.55,0.05,0.3,0.5978370007556204,0.3049999999999999,rag_5,0.2,4
626,7ddf53186d337672c7a266bf4c44e15421373f1d,5,rag_selected_cf,5,5,13,0,0,1,0.45,0.7985076962177716,0.4778000000000001,1012,49,0.45,0.4,0.12,0.03,0.7985076962177716,0.4778000000000001,rag_5,0.2,4
23,6aac91cfdac337f09a9e2a72ef08980b0fe87d5b,7,rag_selected_cf,5,5,15,1,1,1,0.6,0.5108256237659907,0.235,1111,49,0.1,0.6,0.25,0.05,0.5108256237659907,0.235,rag_5,0.2,4
829,8d01bacd34c17dc85f01e988e3db14c02f3e719e,2,rag_selected_cf,5,5,6,0,0,1,0.85,0.1625189294977749,0.0374,1279,49,0.85,0.02,0.01,0.12,0.1625189294977749,0.0374,rag_5,0.2,4
66,c3dbc5969258a849cf624307fd69b39d64aa921e,3,rag_selected_cf,5,5,18,0,1,0,0.34,1.0788096613719298,0.6679999999999998,989,49,0.34,0.46,0.12,0.08,1.0788096613719298,0.6679999999999998,rag_5,0.2,4
265,c242e6706988242f5c7b46b7e8ad66c0dcf8f7a9,0,rag_selected_cf,5,5,8,0,1,0,0.05,2.995732273553991,1.4977999999999998,1173,49,0.05,0.75,0.02,0.18,2.995732273553991,1.4977999999999998,rag_5,0.2,4
761,05913997ed3ae6fc098793ab887d2b1ba1a917d3,1,rag_selected_cf,5,5,16,0,0,1,0.7,0.3566749439387324,0.125,957,49,0.7,0.1,0.05,0.15,0.3566749439387324,0.125,rag_5,0.2,4
44,11cca94cdd2f090e5ecf48c21a5c377c9b3e8d82,0,rag_selected_cf,5,5,8,2,1,0,0.3,1.203972804325936,0.695,926,49,0.15,0.4,0.3,0.15,1.203972804325936,0.695,rag_5,0.2,4
559,a15ce89252ab6b8fe6ca2aea2071861de284c77d,2,rag_selected_cf,5,5,7,0,0,1,0.45,0.7985076962177715,0.425,1028,49,0.45,0.15,0.3,0.1,0.7985076962177715,0.425,rag_5,0.2,4
213,95fc1e5ef3d942bdb5fe4062f15ba678ee2be988,1,rag_selected_cf,5,5,11,1,2,0,0.35,1.0498221244986778,0.65,1017,49,0.15,0.35,0.45,0.05,1.0498221244986778,0.65,rag_5,0.2,4
740,dc1ecf5d68b558c019aaada7f9724c2779f8e373,6,rag_selected_cf,5,5,15,2,0,0,0.3,1.203972804325936,0.6749999999999999,969,49,0.35,0.15,0.3,0.2,1.203972804325936,0.6749999999999999,rag_5,0.2,4
439,c6d6dc18e19aa5d7dcc32d1611a8c32b59b07833,2,rag_selected_cf,5,5,19,0,2,0,0.2,1.6094379124341005,0.895,918,49,0.2,0.1,0.35,0.35,1.6094379124341005,0.895,rag_5,0.2,4
332,2d1af8a9160a0d7eb22a7fab7937c5299f97d7fa,1,rag_selected_cf,5,4,4,1,0,0,0.1,2.302585092994045,1.085,1302,49,0.35,0.1,0.3,0.25,2.302585092994045,1.085,rag_5,0.2,4
570,7fb4f9bd178373f9f9dc42981f7f5ff014a63dc0,1,rag_selected_cf,5,5,9,2,2,1,0.55,0.5978370007556204,0.29,944,49,0.15,0.25,0.55,0.05,0.5978370007556204,0.29,rag_5,0.2,4
549,bf4a75c7f8fd75611320b36a869c0f04da60b5a6,6,rag_selected_cf,5,5,16,3,0,0,0.3,1.203972804325936,0.695,935,49,0.4,0.15,0.15,0.3,1.203972804325936,0.695,rag_5,0.2,4
370,d29409b9b094ba8c79d356ef9fd46908416d22f9,3,rag_selected_cf,5,5,8,0,2,0,0.05,2.995732273553991,1.63,964,49,0.05,0.05,0.85,0.05,2.995732273553991,1.63,rag_5,0.2,4
974,d217d8cefcf6e639498767d55c46fd6b9402d802,3,rag_selected_cf,5,5,8,1,1,1,0.45,0.7985076962177715,0.425,899,49,0.15,0.45,0.3,0.1,0.7985076962177715,0.425,rag_5,0.2,4
247,9981bb887e6447ec43686a68db0476a879367faa,0,rag_selected_cf,5,5,18,2,2,1,0.8,0.2231435513142097,0.0549999999999999,1171,49,0.05,0.1,0.8,0.05,0.2231435513142097,0.0549999999999999,rag_5,0.2,4
859,8cac86432c4d67c25fd945a10edd5bc068c4edc4,0,rag_selected_cf,5,5,13,3,1,0,0.15,1.8971199848858813,1.0337999999999998,994,49,0.18,0.5,0.17,0.15,1.8971199848858813,1.0337999999999998,rag_5,0.2,4
995,2af7e5a6cf44bf5bb456fafbfb12245cac6a5e14,1,rag_selected_cf,5,5,12,2,0,0,0.25,1.3862943611198906,0.89,1083,49,0.55,0.05,0.25,0.15,1.3862943611198906,0.89,rag_5,0.2,4
714,19fae5d0fac061621f6da7d7c28ebe30a6790af4,0,rag_selected_cf,5,5,15,0,0,1,0.86,0.1508228897345836,0.029,1131,49,0.86,0.03,0.02,0.09,0.1508228897345836,0.029,rag_5,0.2,4
660,b4e3a99d874ce21c04f67df28d60391a3650d4e7,3,rag_selected_cf,5,5,11,1,0,0,0.2,1.6094379124341005,0.8550000000000001,1203,49,0.3,0.2,0.25,0.25,1.6094379124341005,0.8550000000000001,rag_5,0.2,4
120,1ff3b54c7cd6cc3b08ffd692f93f6e1470a4d903,7,rag_selected_cf,5,5,17,2,3,0,0.1,2.302585092994045,1.455,945,49,0.05,0.05,0.1,0.8,2.302585092994045,1.455,rag_5,0.2,4
604,407ed79b52743885dda2f1babb9d06dbbd0135c0,0,rag_selected_cf,5,5,13,2,2,1,0.85,0.1625189294977749,0.045,819,49,0.15,0.0,0.85,0.0,0.1625189294977749,0.045,rag_5,0.2,4
63,c328adc20e1cfba2ab437ee9ffbffe4a267a4be7,1,rag_selected_cf,5,5,12,2,2,1,0.4,0.916290731874155,0.485,992,49,0.25,0.2,0.4,0.15,0.916290731874155,0.485,rag_5,0.2,4
542,992d96bc104eb74a5b3f29c4322b82e99275ef55,4,rag_selected_cf,5,5,9,0,2,0,0.2,1.6094379124341005,0.8850000000000001,1029,49,0.2,0.25,0.4,0.15,1.6094379124341005,0.8850000000000001,rag_5,0.2,4
924,0b6c7ad03ffc5e7ace9e98bb266dba1d879a2983,2,rag_selected_cf,5,5,11,0,0,1,0.6,0.5108256237659907,0.255,1026,49,0.6,0.05,0.05,0.3,0.5108256237659907,0.255,rag_5,0.2,4
139,558a428eef0141b6e98a8e9d56685c312133e497,5,rag_selected_cf,5,5,15,2,1,0,0.05,2.995732273553991,1.63,1056,49,0.05,0.85,0.05,0.05,2.995732273553991,1.63,rag_5,0.2,4
513,83301588c63dfa1998118b7b761d68fc9c28eb0f,5,rag_selected_cf,5,5,13,1,1,1,0.7,0.3566749439387324,0.1304,1111,49,0.08,0.7,0.18,0.04,0.3566749439387324,0.1304,rag_5,0.2,4
432,1926ef0c90396f13a830ab07200f253c23c28a81,1,rag_selected_cf,5,5,11,0,0,1,0.5499999999999999,0.5978370007556205,0.305,1064,49,0.5499999999999999,0.2999999999999999,0.0499999999999999,0.0999999999999999,0.5978370007556205,0.305,rag_5,0.2,4
713,6387d116b33a9930f7947ea8c6cdf5a52f99af5c,1,rag_selected_cf,5,5,9,2,3,0,0.35,1.0498221244986778,0.685,1057,49,0.05,0.1,0.35,0.5,1.0498221244986778,0.685,rag_5,0.2,4
88,cfd551cdbdd4e6952bc69b55ce9b0f28ca41c8a0,3,rag_selected_cf,5,5,8,2,2,1,0.45,0.7985076962177716,0.415,1036,49,0.2,0.1,0.45,0.25,0.7985076962177716,0.415,rag_5,0.2,4
