persona_id,old_pref,new_pref,p_new_pre,p_old_pre,stable_final_disp,change_1_disp,change_2_disp,change_4_disp,change_8_disp,excess_change_final,sustained_minus_oneoff,p_new_1,p_new_2,p_new_4,p_new_8,delta_p_new_final,p_old_final,delta_p_old_final,alpha_new_1,alpha_new_8,shock_disp,recovery_disp,recovery_fraction
644,Plays tennis instead of cricket,Plays cricket instead of tennis,0.3995327949523926,0.38527411222457886,2.601729393005371,1.0088313817977905,1.7963546514511108,2.9306459426879883,4.253602981567383,1.6518735885620117,3.2447715997695923,0.3948688209056854,0.39014607667922974,0.3820503056049347,0.37314876914024353,-0.026384025812149048,0.345676064491272,-0.039598047733306885,0.2708110213279724,0.2495725303888321,1.0088313817977905,1.891789436340332,-0.8752285768203045
626,Frequently visits museums and art galleries,Rarely visits museums and art galleries,0.3380933105945587,0.258402943611145,2.0276939868927,0.7936310172080994,1.4037950038909912,2.2670865058898926,3.216002941131592,1.1883089542388916,2.4223719239234924,0.33638858795166016,0.3356136679649353,0.3332732319831848,0.32888057827949524,-0.009212732315063477,0.2589547038078308,0.000551760196685791,0.2637247145175934,0.2716749310493469,0.7936310172080994,1.4133950471878052,-0.7809221370404131
314,Regularly supports local Black-owned businesses,Does not regularly support local Black-owned businesses,0.3072321116924286,0.27986112236976624,1.8929131031036377,1.3516972064971924,2.4561147689819336,4.060450077056885,5.711415767669678,3.81850266456604,4.359718561172485,0.3041972517967224,0.30102837085723877,0.2982438802719116,0.3032352924346924,-0.003996819257736206,0.2977913022041321,0.017930179834365845,0.28854918479919434,0.28985753655433655,1.3516972064971924,1.4425479173660278,-0.06721232420407763
382,Likes visiting art galleries,Dislikes visiting art galleries,0.21175985038280487,0.23179017007350922,1.9513581991195679,0.9017463326454163,1.5735384225845337,2.472473621368408,3.3578970432281494,1.4065388441085815,2.456150710582733,0.21532827615737915,0.21637800335884094,0.21629279851913452,0.21471427381038666,0.002954423427581787,0.2157488763332367,-0.016041293740272522,0.28021860122680664,0.2844260334968567,0.9017463326454163,1.3217144012451172,-0.4657275038398634
692,Likes listening to podcasts,Dislikes listening to podcasts,0.36268237233161926,0.22570547461509705,2.0055668354034424,0.8451105356216431,1.5347142219543457,2.6366920471191406,4.128503799438477,2.122936964035034,3.2833932638168335,0.36351004242897034,0.3617629408836365,0.35603728890419006,0.3489372432231903,-0.013745129108428955,0.22757357358932495,0.0018680989742279053,0.28889200091362,0.2858595848083496,0.8451105356216431,1.4476492404937744,-0.7129702914292961
884,Enjoys craft beer tasting,Does not enjoy craft beer tasting,0.23994946479797363,0.3081510663032532,1.8283429145812988,1.1923753023147583,2.0905864238739014,3.2995400428771973,4.5305328369140625,2.7021899223327637,3.338157534599304,0.23786449432373047,0.23754440248012543,0.23847486078739166,0.2401690036058426,0.00021953880786895752,0.2745893895626068,-0.03356167674064636,0.2779845595359802,0.2756941020488739,1.1923753023147583,1.4648890495300293,-0.22854695722583318
493,Mild gastritis episode resolved with dietary adjustments,Mild gastritis episode persisted despite dietary adjustments,0.34990382194519043,0.3638935983181,1.5768647193908691,0.4619966447353363,0.8540363311767578,1.4746490716934204,2.2994532585144043,0.7225885391235352,1.837456613779068,0.354459285736084,0.3586808145046234,0.36595386266708374,0.37599343061447144,0.026089608669281006,0.3924558758735657,0.028562277555465698,0.22819927334785461,0.23658812046051025,0.4619966447353363,1.1153603792190552,-1.4142174882200949
668,Enjoys casual cycling around the city,Enjoys competitive cycling and racing,0.22123470902442932,0.36727970838546753,1.5987192392349243,0.7787835597991943,1.4040969610214233,2.318671464920044,3.387237787246704,1.7885185480117798,2.6084542274475098,0.21792975068092346,0.2158641368150711,0.2144511640071869,0.21613506972789764,-0.005099639296531677,0.3619135618209839,-0.005366146564483643,0.23459631204605103,0.2335330843925476,0.7787835597991943,1.1570897102355957,-0.4857654552106183
823,Follows European football (soccer),Does not follow European football (soccer),0.128521129488945,0.5738335847854614,1.8455144166946411,1.241024374961853,2.227692127227783,3.736212730407715,5.439695835113525,3.5941814184188843,4.198671460151672,0.11889620870351791,0.11235310882329941,0.10829952359199524,0.10310275107622147,-0.02541837841272354,0.47387439012527466,-0.09995919466018677,0.21435782313346863,0.2348221093416214,1.241024374961853,1.469152569770813,-0.18382249326567202
522,Regularly attends exclusive art gallery openings,Rarely attends exclusive art gallery openings,0.2614282965660095,0.3050748109817505,2.2571256160736084,1.0381323099136353,1.8893682956695557,3.141767978668213,4.490940093994141,2.2338144779205322,3.4528077840805054,0.2614641785621643,0.2613215744495392,0.26102587580680847,0.25878432393074036,-0.002643972635269165,0.28383421897888184,-0.021240592002868652,0.24873338639736176,0.2574746310710907,1.0381323099136353,1.6216496229171753,-0.5620837608378495
451,Borderline high cholesterol detected during routine screening,Normal cholesterol levels detected during routine screening,0.27451273798942566,0.2014298290014267,2.613692283630371,0.761341392993927,1.4093618392944336,2.414602041244507,3.609337568283081,0.99564528465271,2.847996175289154,0.27647557854652405,0.2769226133823395,0.27518653869628906,0.26861950755119324,-0.005893230438232422,0.20042628049850464,-0.001003548502922058,0.16121242940425873,0.15321609377861023,0.761341392993927,2.0035665035247803,-1.6316269179137644
479,Collects small souvenir magnets from travels,Does not collect souvenir magnets from travels,0.25774723291397095,0.20774151384830475,1.7063453197479248,0.7884215116500854,1.3933653831481934,2.2460291385650635,3.22360897064209,1.517263650894165,2.4351874589920044,0.25901374220848083,0.26029863953590393,0.2625606656074524,0.2656591236591339,0.007911890745162964,0.2091887891292572,0.0014472752809524536,0.278044730424881,0.27769583463668823,0.7884215116500854,1.266464352607727,-0.6063290180364902
977,Has a taste for olive oil-based skincare products,Has a taste for non-olive oil-based skincare products,0.15592142939567566,0.3218046724796295,1.403961181640625,0.5593665838241577,1.0113588571548462,1.6653494834899902,2.3808486461639404,0.9768874645233154,1.8214820623397827,0.15558256208896637,0.1554831713438034,0.15568393468856812,0.1565808802843094,0.000659450888633728,0.3166227340698242,-0.005181938409805298,0.27853405475616455,0.2813495397567749,0.5593665838241577,1.0943843126296997,-0.9564706657087867
697,Reads extensively about medieval European history,Does not read about medieval European history,0.21264676749706268,0.18168073892593384,2.337872266769409,0.3601534068584442,0.6986618638038635,1.3192553520202637,2.36588454246521,0.02801227569580078,2.0057311356067657,0.21159519255161285,0.21074062585830688,0.20971837639808655,0.2104450911283493,-0.002201676368713379,0.1836457997560501,0.001965060830116272,0.13740748167037964,0.15135997533798218,0.3601534068584442,1.4493271112442017,-3.024193811982596
590,Family history of type 2 diabetes on her maternal side,No family history of type 2 diabetes on her maternal side,0.2979799509048462,0.3301464915275574,1.7930350303649902,0.12761971354484558,0.2512807250022888,0.4857046902179718,0.9035634994506836,-0.8894715309143066,0.775943785905838,0.29777413606643677,0.2975788712501526,0.2972145974636078,0.2965112328529358,-0.0014687180519104004,0.3177053928375244,-0.012441098690032959,0.04149211198091507,0.041756078600883484,0.12761971354484558,1.1181893348693848,-7.7618856351409455
849,Appreciates fresh flowers in living spaces,Prefers not to have fresh flowers in living spaces,0.3849589228630066,0.2871542274951935,1.512610912322998,0.8518481850624084,1.5245977640151978,2.4783589839935303,3.4876701831817627,1.9750592708587646,2.6358219981193542,0.3832009732723236,0.38089868426322937,0.3757210969924927,0.3653661608695984,-0.019592761993408203,0.2921183705329895,0.0049641430377960205,0.2836020290851593,0.28492164611816406,0.8518481850624084,1.2645007371902466,-0.4844202985507402
583,Prays regularly in alignment with her moderate Muslim faith,Does not pray regularly and is non-religious or secular.,0.21964681148529053,0.32270780205726624,1.5170687437057495,1.3472182750701904,2.4499313831329346,4.072865009307861,5.812555313110352,4.295486569404602,4.465337038040161,0.2252279371023178,0.22792567312717438,0.23131340742111206,0.23606333136558533,0.0164165198802948,0.3353061079978943,0.012598305940628052,0.24315260350704193,0.23407818377017975,1.3472182750701904,1.3778321743011475,-0.022723785593958157
23,Joining local political debates,Avoiding local political debates,0.24721969664096832,0.31896114349365234,1.5501022338867188,0.8164581656455994,1.5240463018417358,2.6175649166107178,3.801860809326172,2.251758575439453,2.9854026436805725,0.2471616566181183,0.24672725796699524,0.24525558948516846,0.24297672510147095,-0.0042429715394973755,0.30066555738449097,-0.018295586109161377,0.16135412454605103,0.18252530694007874,0.8164581656455994,1.164737582206726,-0.4265734990668275
721,Enjoys going for morning runs,Does not enjoy going for morning runs,0.20719222724437714,0.30467408895492554,2.1613845825195312,1.0631303787231445,1.861991047859192,2.9219436645507812,3.924612045288086,1.7632274627685547,2.8614816665649414,0.20448170602321625,0.20327377319335938,0.20335739850997925,0.2070903331041336,-0.00010189414024353027,0.2592182457447052,-0.04545584321022034,0.27522504329681396,0.27238166332244873,1.0631303787231445,1.747645616531372,-0.6438676304503248
72,Follows Formula 1 racing,Does not follow Formula 1 racing,0.14727286994457245,0.3369552195072174,1.9434155225753784,0.5142097473144531,0.9995318651199341,1.8548026084899902,3.1113476753234863,1.167932152748108,2.597137928009033,0.14580650627613068,0.14457903802394867,0.1429968774318695,0.14318759739398956,-0.004085272550582886,0.35819748044013977,0.021242260932922363,0.086673304438591,0.10891662538051605,0.5142097473144531,1.2029606103897095,-1.3394356421136968
60,Likes visiting art exhibitions occasionally,Dislikes visiting art exhibitions.,0.1827630251646042,0.1488756537437439,2.1862704753875732,0.775434136390686,1.3738542795181274,2.242143154144287,3.2789015769958496,1.0926311016082764,2.5034674406051636,0.18438278138637543,0.1852937638759613,0.1853611171245575,0.18390734493732452,0.001144319772720337,0.16838425397872925,0.01950860023498535,0.2834019660949707,0.28677260875701904,0.775434136390686,1.6364575624465942,-1.1103759631522077
494,Watches science documentaries,Watches science fiction movies,0.25808897614479065,0.10395317524671555,2.4968385696411133,1.5484627485275269,2.6801865100860596,4.115691661834717,5.3556928634643555,2.858854293823242,3.8072301149368286,0.25220662355422974,0.24678806960582733,0.23718996345996857,0.22553783655166626,-0.03255113959312439,0.09554578363895416,-0.008407391607761383,0.27030301094055176,0.26623058319091797,1.5484627485275269,1.9787664413452148,-0.27789089096710584
521,Practices yoga and meditation daily,Does not practice yoga or meditation.,0.14202871918678284,0.38786816596984863,1.545362949371338,1.2066830396652222,2.181136131286621,3.5275371074676514,4.8484625816345215,3.3030996322631836,3.6417795419692993,0.14446552097797394,0.15405799448490143,0.17325513064861298,0.1874050796031952,0.045376360416412354,0.38136452436447144,-0.006503641605377197,0.2478248029947281,0.258373498916626,1.2066830396652222,1.3529722690582275,-0.12123252302741516
978,Enjoys watching sunsets from her porch,Prefers not to watch sunsets from her porch,0.2215839922428131,0.29468658566474915,1.5639760494232178,0.5907229781150818,1.076331377029419,1.8115745782852173,2.700218915939331,1.1362428665161133,2.1094959378242493,0.22147829830646515,0.22143468260765076,0.2214193195104599,0.2215149998664856,-6.899237632751465e-05,0.29200756549835205,-0.0026790201663970947,0.2751111388206482,0.26888662576675415,0.5907229781150818,1.2619131803512573,-1.1362182056602133
59,Family history of type 2 diabetes on maternal side,No family history of type 2 diabetes on maternal side,0.28712424635887146,0.2526380717754364,1.4733352661132812,1.3147588968276978,2.3343067169189453,3.693754196166992,4.908525466918945,3.435190200805664,3.5937665700912476,0.29786816239356995,0.30451011657714844,0.31072577834129333,0.3146134614944458,0.02748921513557434,0.3025656044483185,0.04992753267288208,0.22709153592586517,0.2266322672367096,1.3147588968276978,1.6732889413833618,-0.2726964201731128
829,Loves ice fishing in winter,Hates ice fishing in winter,0.2352079153060913,0.3204580545425415,1.4864532947540283,0.2987974286079407,0.5573594570159912,0.974166989326477,1.527916669845581,0.041463375091552734,1.2291192412376404,0.23639105260372162,0.23776748776435852,0.24051377177238464,0.2445617914199829,0.009353876113891602,0.3202474117279053,-0.00021064281463623047,0.20100480318069458,0.20466282963752747,0.2987974286079407,1.0202105045318604,-2.414388501550672
25,Family history of type 2 diabetes on his mother's side,No family history of type 2 diabetes on his mother's side,0.3665294349193573,0.29039955139160156,1.4946091175079346,0.9174667596817017,1.6338192224502563,2.636416435241699,3.66462779045105,2.1700186729431152,2.747161030769348,0.3743065893650055,0.3786473572254181,0.3819288909435272,0.38136693835258484,0.014837503433227539,0.3063267171382904,0.015927165746688843,0.2696300745010376,0.25412073731422424,0.9174667596817017,1.107335090637207,-0.20694845775271098
429,Loves contemporary art exhibitions,Dislikes contemporary art exhibitions,0.18623776733875275,0.25663474202156067,1.720935583114624,0.6155251860618591,1.102867841720581,1.8020803928375244,2.5918426513671875,0.8709070682525635,1.9763174653053284,0.1791502833366394,0.17520812153816223,0.17179237306118011,0.1691971868276596,-0.01704058051109314,0.2753949761390686,0.018760234117507935,0.2906104028224945,0.29039549827575684,0.6155251860618591,1.210180640220642,-0.9660944306168833
294,Prefers bread and pasta over rice some days,Prefers rice over bread and pasta some days,0.27104759216308594,0.22257567942142487,1.4398165941238403,1.150316834449768,2.0290112495422363,3.2222185134887695,4.433652877807617,2.993836283683777,3.283336043357849,0.2731856405735016,0.27407801151275635,0.27396124601364136,0.27265748381614685,0.001609891653060913,0.2582997679710388,0.03572408854961395,0.27644994854927063,0.26919859647750854,1.150316834449768,1.3220024108886719,-0.14925068580868528
70,History of hormone replacement therapy as part of gender transition,History of non-medical gender transition practices without hormone therapy,0.46409252285957336,0.4210003912448883,1.8979398012161255,1.4599202871322632,2.5820415019989014,4.063587188720703,5.5292229652404785,3.631283164024353,4.069302678108215,0.43330517411231995,0.4283386468887329,0.43381643295288086,0.4418714642524719,-0.02222105860710144,0.4685496687889099,0.047549277544021606,0.25956612825393677,0.21531635522842407,1.4599202871322632,1.7696254253387451,-0.21213838929167772
826,Watches the occasional romantic comedy,Rarely watches romantic comedies,0.21112489700317383,0.1687159389257431,1.4215900897979736,0.5775079131126404,1.0514017343521118,1.764606237411499,2.6051700115203857,1.183579921722412,2.0276620984077454,0.21157121658325195,0.21172402799129486,0.2119394838809967,0.21299466490745544,0.0018697679042816162,0.15596212446689606,-0.012753814458847046,0.21484361588954926,0.22120189666748047,0.5775079131126404,1.0857864618301392,-0.8801239553203513
613,Seasonal pollen allergies causing mild respiratory irritation,No seasonal pollen allergies or respiratory irritation,0.3763095736503601,0.24375665187835693,1.5959867238998413,0.5050110816955566,0.9399775266647339,1.6560182571411133,2.653231620788574,1.057244896888733,2.1482205390930176,0.371021032333374,0.36598968505859375,0.35719266533851624,0.3457818925380707,-0.03052768111228943,0.22271355986595154,-0.021043092012405396,0.1516912281513214,0.16317442059516907,0.5050110816955566,1.1507569551467896,-1.2786766406851195
120,Past knee strain from a minor jogging injury,No history of knee strain or jogging-related injuries,0.4669337272644043,0.45990216732025146,2.010883092880249,1.0668823719024658,1.8946595191955566,3.0542595386505127,4.266376972198486,2.2554938793182373,3.1994946002960205,0.4740365147590637,0.47924095392227173,0.48526594042778015,0.48816853761672974,0.02123481035232544,0.49876371026039124,0.03886154294013977,0.27475666999816895,0.2667229175567627,1.0668823719024658,1.7532589435577393,-0.6433479357535226
650,Has more houseplants than outdoor plants,Has more outdoor plants than houseplants,0.35366183519363403,0.31676575541496277,1.8396267890930176,0.4880375266075134,0.8876294493675232,1.5070796012878418,2.3402953147888184,0.5006685256958008,1.852257788181305,0.35108819603919983,0.3485393524169922,0.34400761127471924,0.33784887194633484,-0.015812963247299194,0.3194165527820587,0.0026507973670959473,0.2870756983757019,0.2844576835632324,0.4880375266075134,1.25778329372406,-1.5772265966251955
296,Family history of type 2 diabetes on maternal side,No family history of type 2 diabetes on maternal side,0.4130531847476959,0.4870682656764984,1.6839380264282227,0.8246535062789917,1.5191611051559448,2.600907802581787,3.9622421264648438,2.278304100036621,3.137588620185852,0.41842132806777954,0.42224669456481934,0.4271211326122284,0.4322306513786316,0.01917746663093567,0.5077102780342102,0.020642012357711792,0.22892317175865173,0.24987384676933289,0.8246535062789917,1.1324090957641602,-0.3731938167265252
914,Favors vegetarian cooking classes,Favors non-vegetarian cooking classes,0.19826222956180573,0.394664466381073,2.374277114868164,1.2025384902954102,2.126392364501953,3.337735652923584,4.384621620178223,2.0103445053100586,3.1820831298828125,0.19719251990318298,0.19561856985092163,0.19530314207077026,0.19928640127182007,0.0010241717100143433,0.34834474325180054,-0.04631972312927246,0.284524142742157,0.2857201099395752,1.2025384902954102,1.684430480003357,-0.4007289526255142
678,Appreciates modern dance performances,Does not appreciate modern dance performances,0.3226031959056854,0.1855224370956421,2.1755223274230957,0.7674790620803833,1.3674044609069824,2.2090229988098145,3.1211581230163574,0.9456357955932617,2.353679060935974,0.32904955744743347,0.3334747552871704,0.3386973440647125,0.3420996367931366,0.019496440887451172,0.21589455008506775,0.03037211298942566,0.23311366140842438,0.23834335803985596,0.7674790620803833,1.520461916923523,-0.9811119182874524
260,Follows wildlife conservation projects,Does not follow wildlife conservation projects,0.23317046463489532,0.25,1.9009120464324951,0.6891317963600159,1.233561635017395,2.035595417022705,3.026606559753418,1.1256945133209229,2.337474763393402,0.23190529644489288,0.2311794012784958,0.23080575466156006,0.23147276043891907,-0.0016977041959762573,0.25,0.0,0.22773772478103638,0.2469327598810196,0.6891317963600159,1.3868049383163452,-1.0123943571337568
679,Likes learning new languages casually,Dislikes learning new languages casually,0.15178796648979187,0.3429907262325287,1.5526132583618164,0.8443132638931274,1.5555554628372192,2.6633737087249756,4.037510395050049,2.4848971366882324,3.1931971311569214,0.15683798491954803,0.1616508662700653,0.17031387984752655,0.18309110403060913,0.03130313754081726,0.2647341191768646,-0.07825660705566406,0.27242493629455566,0.2757530212402344,0.8443132638931274,1.2190457582473755,-0.4438311114838549
184,Seasonal allergic rhinitis triggered by dust and pollen,No seasonal allergic rhinitis triggered by dust and pollen,0.19906550645828247,0.1945832520723343,1.5905756950378418,0.831222653388977,1.501271367073059,2.480691432952881,3.611692190170288,2.0211164951324463,2.780469536781311,0.19529291987419128,0.19108958542346954,0.18164153397083282,0.1611495167016983,-0.03791598975658417,0.13740131258964539,-0.057181939482688904,0.2543456256389618,0.26196208596229553,0.831222653388977,1.2262282371520996,-0.47521032078787284
327,Slight nearsightedness corrected with glasses for reading,Slight farsightedness corrected with glasses for distance,0.2903907299041748,0.1861056238412857,1.7078834772109985,1.0369541645050049,1.8834242820739746,3.174241781234741,4.838186740875244,3.1303032636642456,3.8012325763702393,0.29542386531829834,0.30043235421180725,0.31154265999794006,0.33592167496681213,0.04553094506263733,0.20584851503372192,0.019742891192436218,0.2411002218723297,0.25556036829948425,1.0369541645050049,1.3319729566574097,-0.28450514232057067
811,Enjoys swimming at community pools,Prefers not to swim at community pools,0.27063488960266113,0.3598345220088959,1.8593599796295166,0.27156463265419006,0.5138384103775024,0.9233148694038391,1.5441161394119263,-0.31524384021759033,1.2725515067577362,0.27193620800971985,0.27283191680908203,0.27364057302474976,0.2728232741355896,0.002188384532928467,0.36034467816352844,0.0005101561546325684,0.11243100464344025,0.11172915250062943,0.27156463265419006,1.2334530353546143,-3.542023839036843
110,Keeps indoor plants for ambiance,Does not keep indoor plants for ambiance,0.37721964716911316,0.3939651548862457,2.176750421524048,0.679524302482605,1.2282410860061646,2.049809217453003,3.0697851181030273,0.8930346965789795,2.3902608156204224,0.3755400478839874,0.3739855885505676,0.37162312865257263,0.36933985352516174,-0.007879793643951416,0.39399755001068115,3.2395124435424805e-05,0.2823677361011505,0.27792423963546753,0.679524302482605,1.5507103204727173,-1.2820527754596585
973,Participates in church community events regularly,Does not participate in church community events regularly,0.29661911725997925,0.425780326128006,1.8212600946426392,0.9863763451576233,1.831687331199646,3.1339852809906006,4.588852405548096,2.7675923109054565,3.6024760603904724,0.3011656403541565,0.3056826889514923,0.31364455819129944,0.32505977153778076,0.028440654277801514,0.36567237973213196,-0.06010794639587402,0.16562829911708832,0.17928224802017212,0.9863763451576233,1.4542115926742554,-0.4742969048409933
198,Follows baseball more than football,Follows football more than baseball,0.4145471453666687,0.21375513076782227,1.716492772102356,0.9883078932762146,1.847477912902832,3.237957239151001,5.0930094718933105,3.3765166997909546,4.104701578617096,0.421954870223999,0.4285983443260193,0.43721112608909607,0.44056305289268494,0.026015907526016235,0.19530586898326874,-0.018449261784553528,0.20152634382247925,0.20559221506118774,0.9883078932762146,1.323043704032898,-0.3386958791222874
67,Favors Mediterranean cuisine over Mexican food on most days,Favors Mexican food over Mediterranean cuisine on most days.,0.32598674297332764,0.2470475137233734,1.5134214162826538,1.0089101791381836,1.849574089050293,3.1715939044952393,4.892011642456055,3.378590226173401,3.883101463317871,0.33362895250320435,0.34202903509140015,0.358709454536438,0.3815610706806183,0.05557432770729065,0.15959617495536804,-0.08745133876800537,0.2507043778896332,0.27274081110954285,1.0089101791381836,1.2403132915496826,-0.22935947837216264
595,Past ankle sprain from a recreational hockey game,No history of ankle injury from recreational sports,0.2129393070936203,0.1924198418855667,1.7007683515548706,0.28707805275917053,0.5529052019119263,1.0313962697982788,1.8076868057250977,0.10691845417022705,1.5206087529659271,0.21254166960716248,0.2121461182832718,0.21136122941970825,0.20979642868041992,-0.0031428784132003784,0.1898275464773178,-0.0025922954082489014,0.06704968959093094,0.06930718570947647,0.28707805275917053,1.1216089725494385,-2.906982654262167
941,Prefers strong espresso over tea in the morning,Prefers tea over strong espresso in the morning.,0.28673291206359863,0.16369974613189697,1.504281759262085,0.8219369649887085,1.4918382167816162,2.487443447113037,3.605959415435791,2.101677656173706,2.7840224504470825,0.2841997742652893,0.2824772298336029,0.2803274095058441,0.27814632654190063,-0.008586585521697998,0.15840663015842438,-0.005293115973472595,0.2514529228210449,0.24284696578979492,0.8219369649887085,1.1428358554840088,-0.3904178838090202
318,Prefers high-intensity workouts like CrossFit over wrestling,Prefers wrestling over high-intensity workouts like CrossFit.,0.05616219341754913,0.2749515771865845,1.8296104669570923,1.2523853778839111,2.216242551803589,3.486792802810669,4.652115821838379,2.8225053548812866,3.3997304439544678,0.07818547636270523,0.09620371460914612,0.12026919424533844,0.14436589181423187,0.08820369839668274,0.2938024699687958,0.018850892782211304,0.24920034408569336,0.26222386956214905,1.2523853778839111,1.4097517728805542,-0.12565333145500035
687,Avoids watching soap operas altogether,Watches soap operas regularly,0.24718992412090302,0.3175622224807739,2.4031496047973633,0.30258020758628845,0.5928011536598206,1.1241804361343384,1.982971429824829,-0.4201781749725342,1.6803912222385406,0.2466437965631485,0.24648873507976532,0.24686342477798462,0.24841000139713287,0.0012200772762298584,0.3186523914337158,0.0010901689529418945,0.1008169949054718,0.11611802875995636,0.30258020758628845,1.604382872581482,-4.302339123169355
893,Enjoys open-water swimming in cool lakes,Prefers avoiding open-water swimming in cool lakes.,0.3960129916667938,0.2600962817668915,1.5617907047271729,0.5155895352363586,0.9077547192573547,1.450075626373291,2.02506947517395,0.46327877044677734,1.5094799399375916,0.39895105361938477,0.4006860554218292,0.4024907946586609,0.40350541472435,0.007492423057556152,0.25837159156799316,-0.0017246901988983154,0.17988121509552002,0.17238125205039978,0.5155895352363586,1.1618459224700928,-1.253431931929097
985,Collects quirky souvenir magnets when traveling,Does not collect souvenir magnets when traveling,0.21963410079479218,0.26939713954925537,1.7472641468048096,0.39549580216407776,0.7580662965774536,1.383014440536499,2.293081283569336,0.5458171367645264,1.8975854814052582,0.21944916248321533,0.219379261136055,0.21950271725654602,0.22027157247066498,0.0006374716758728027,0.27080610394477844,0.0014089643955230713,0.16794568300247192,0.18451035022735596,0.39549580216407776,1.2541481256484985,-2.17107822329855
689,Past wrist strain from over-practice on drums,No history of wrist strain from drumming practice,0.14823272824287415,0.4009186923503876,1.7401103973388672,1.1096417903900146,1.948387622833252,3.0461790561676025,4.052125930786133,2.3120155334472656,2.942484140396118,0.1502639651298523,0.15230698883533478,0.155392587184906,0.15923048555850983,0.010997757315635681,0.4218626618385315,0.02094396948814392,0.27894431352615356,0.28166908025741577,1.1096417903900146,1.4553608894348145,-0.31155919147861866
883,Family history of cardiovascular disease on paternal side,Family history of cardiovascular disease on maternal side,0.1403287798166275,0.19683481752872467,1.9789446592330933,0.5001153349876404,0.9193258881568909,1.576936960220337,2.4104714393615723,0.431526780128479,1.9103561043739319,0.1430099606513977,0.14610165357589722,0.1523786336183548,0.160714790225029,0.02038601040840149,0.19405825436115265,-0.0027765631675720215,0.28446176648139954,0.2861204147338867,0.5001153349876404,1.4298115968704224,-1.8589637166509965
289,Likes attending jazz and blues concerts,Dislikes attending jazz and blues concerts,0.24297791719436646,0.28451046347618103,1.7484244108200073,1.0298237800598145,1.819464087486267,2.881894588470459,3.9522886276245117,2.2038642168045044,2.9224648475646973,0.2399769276380539,0.2379031926393509,0.23546050488948822,0.23404234647750854,-0.00893557071685791,0.28241726756095886,-0.002093195915222168,0.2819424271583557,0.2820591926574707,1.0298237800598145,1.2923420667648315,-0.25491573586479954
365,Seasonal allergic rhinitis triggered by pollen,Seasonal allergic rhinitis not triggered by pollen,0.29299476742744446,0.215323805809021,1.355970025062561,0.6173142790794373,1.1093058586120605,1.832669973373413,2.6964473724365234,1.3404773473739624,2.079133093357086,0.29949820041656494,0.30635160207748413,0.3195718228816986,0.3395693302154541,0.046574562788009644,0.23906828463077545,0.023744478821754456,0.28949445486068726,0.2883577346801758,0.6173142790794373,1.0955268144607544,-0.7746662463315217
643,Uses a prescribed inhaler for mild exercise-induced asthma,Does not use a prescribed inhaler for mild exercise-induced asthma.,0.20001356303691864,0.3541463613510132,2.065056324005127,0.5732953548431396,1.0632939338684082,1.8408007621765137,2.849123954772949,0.7840676307678223,2.2758285999298096,0.20096434652805328,0.20173139870166779,0.20281201601028442,0.20422257483005524,0.004209011793136597,0.3811832070350647,0.027036845684051514,0.07916592061519623,0.08753898739814758,0.5732953548431396,1.3791751861572266,-1.40569747252633
107,"Past minor knee injury from hiking, leading to occasional discomfort",No history of knee injuries or discomfort.,0.43263620138168335,0.31018713116645813,1.8060741424560547,0.644636869430542,1.173059344291687,1.9824963808059692,3.0321638584136963,1.2260897159576416,2.3875269889831543,0.42778173089027405,0.4237389862537384,0.4180585741996765,0.41356155276298523,-0.01907464861869812,0.28580647706985474,-0.024380654096603394,0.23840457201004028,0.2381518930196762,0.644636869430542,1.4361821413040161,-1.22789326737192
656,Studies foreign languages for personal growth,Studies foreign languages for professional advancement,0.22228233516216278,0.3473513424396515,2.1448020935058594,1.2564345598220825,2.2623884677886963,3.7107717990875244,5.314225196838379,3.1694231033325195,4.057790637016296,0.22131173312664032,0.22013385593891144,0.21853448450565338,0.22884638607501984,0.006564050912857056,0.20447944104671478,-0.1428719013929367,0.2547324597835541,0.2681295573711395,1.2564345598220825,1.345299243927002,-0.07072766616472492
917,Seasonal allergies to pollen causing mild sinus issues,No seasonal allergies to pollen and no sinus issues,0.2493101954460144,0.31179338693618774,1.6596627235412598,0.6275525093078613,1.1410622596740723,1.9163299798965454,2.8737857341766357,1.214123010635376,2.2462332248687744,0.24757663905620575,0.24654710292816162,0.24599894881248474,0.248958557844162,-0.000351637601852417,0.3216375708580017,0.009844183921813965,0.2448974847793579,0.24499765038490295,0.6275525093078613,1.231932282447815,-0.9630744267225297
235,Past episode of gastritis after food poisoning,No history of gastritis or food poisoning,0.33630824089050293,0.2386208474636078,1.7662054300308228,1.0228029489517212,1.848542332649231,3.062964916229248,4.41016149520874,2.6439560651779175,3.387358546257019,0.33950215578079224,0.34066203236579895,0.34158608317375183,0.34295251965522766,0.0066442787647247314,0.29495757818222046,0.05633673071861267,0.2740406095981598,0.26891782879829407,1.0228029489517212,1.3709880113601685,-0.34042242717945315
462,Favors chocolate desserts over matcha,Favors matcha desserts over chocolate,0.2586548924446106,0.2595256268978119,1.4142146110534668,0.8501079678535461,1.6030126810073853,2.804367780685425,4.2924885749816895,2.8782739639282227,3.4423806071281433,0.25468361377716064,0.25094059109687805,0.24478551745414734,0.2396903783082962,-0.018964514136314392,0.30316048860549927,0.04363486170768738,0.10826840251684189,0.1570369005203247,0.8501079678535461,1.3572031259536743,-0.5965067700523998
96,Prefers reading biographies of tech entrepreneurs,Prefers reading fiction unrelated to technology,0.25339704751968384,0.38600677251815796,1.9187839031219482,1.4088894128799438,2.4915997982025146,3.9795408248901367,5.484065055847168,3.5652811527252197,4.075175642967224,0.2606770992279053,0.26777538657188416,0.2804972231388092,0.3014208972454071,0.04802384972572327,0.3823970854282379,-0.003609687089920044,0.28588855266571045,0.28443220257759094,1.4088894128799438,1.7735099792480469,-0.2587999902865148
714,Prefers in-person business meetings over virtual,Prefers virtual business meetings over in-person.,0.2998094856739044,0.3237581253051758,1.3396432399749756,1.4613666534423828,2.5183968544006348,3.928617000579834,5.415276050567627,4.075632810592651,3.953909397125244,0.29124554991722107,0.2836480438709259,0.2672922611236572,0.24653588235378265,-0.053273603320121765,0.29832759499549866,-0.025430530309677124,0.2767099440097809,0.2681325674057007,1.4613666534423828,1.0909733772277832,0.2534567730433046
312,Follows NBA basketball instead of football,Follows football instead of NBA basketball,0.43588772416114807,0.332675963640213,2.6248037815093994,0.6270373463630676,1.1535724401474,1.9766590595245361,3.0302541255950928,0.40545034408569336,2.403216779232025,0.4384382665157318,0.43995076417922974,0.4405823051929474,0.4364970028400421,0.000609278678894043,0.3135700225830078,-0.0191059410572052,0.08305446803569794,0.09863899648189545,0.6270373463630676,1.5454338788986206,-1.4646600204316735
486,Uses simple drugstore skincare products,Uses high-end luxury skincare products,0.39230823516845703,0.24428755044937134,1.7728936672210693,0.8622198104858398,1.5106638669967651,2.3873138427734375,3.2730395793914795,1.5001459121704102,2.4108197689056396,0.39293479919433594,0.3933406174182892,0.3931654393672943,0.39106935262680054,-0.0012388825416564941,0.24147740006446838,-0.002810150384902954,0.2905784547328949,0.2895299196243286,0.8622198104858398,1.329566478729248,-0.5420272911382884
995,Volunteers for local charity events,Does not volunteer for local charity events,0.09620543569326401,0.19768284261226654,2.205087423324585,0.7138308882713318,1.2611353397369385,2.018211841583252,2.8319990634918213,0.6269116401672363,2.1181681752204895,0.10398703068494797,0.1118115484714508,0.12412077933549881,0.13599157333374023,0.03978613764047623,0.2236195057630539,0.025936663150787354,0.27514123916625977,0.28131863474845886,0.7138308882713318,1.7088193893432617,-1.3938714581004912
237,Supports Israeli sports teams,Supports Palestinian sports teams,0.2171335220336914,0.4269248843193054,2.522941827774048,1.2413333654403687,2.2608227729797363,3.7589125633239746,5.420693874359131,2.897752046585083,4.179360508918762,0.22619551420211792,0.23334643244743347,0.24048830568790436,0.2426036149263382,0.02547009289264679,0.42309850454330444,-0.0038263797760009766,0.24898841977119446,0.2553468346595764,1.2413333654403687,1.8389267921447754,-0.4814125224873882
578,Takes short afternoon naps on weekends,Does not take afternoon naps on weekends,0.42839252948760986,0.28286588191986084,1.838478684425354,0.8365645408630371,1.500655174255371,2.46359920501709,3.567469835281372,1.728991150856018,2.730905294418335,0.40829187631607056,0.3932770788669586,0.3760510981082916,0.36237064003944397,-0.0660218894481659,0.28636372089385986,0.0034978389739990234,0.2679421007633209,0.2622048258781433,0.8365645408630371,1.380983829498291,-0.6507797809283271
936,Finds walking in nature relaxing,Finds walking in nature stressful,0.2984192371368408,0.24570287764072418,1.9121700525283813,0.8828994631767273,1.6020152568817139,2.6899125576019287,3.973651170730591,2.0614811182022095,3.0907517075538635,0.30228281021118164,0.3065245747566223,0.3136744797229767,0.31819966435432434,0.01978042721748352,0.2530127167701721,0.007309839129447937,0.26484251022338867,0.26194465160369873,0.8828994631767273,1.5034289360046387,-0.7028314080010964
534,Enjoys improvisational theater performances,Dislikes improvisational theater performances,0.1933252364397049,0.25240859389305115,1.9228789806365967,1.0841970443725586,1.9268461465835571,3.1050870418548584,4.405608177185059,2.482729196548462,3.3214111328125,0.1940375566482544,0.19590742886066437,0.20270943641662598,0.21961219608783722,0.026286959648132324,0.255770742893219,0.0033621490001678467,0.27185481786727905,0.271383672952652,1.0841970443725586,1.5076429843902588,-0.39056179152633175
63,Past episode of mild gastritis after work travel,No history of gastritis after work travel,0.20663386583328247,0.35885635018348694,1.8020503520965576,1.3876631259918213,2.4552533626556396,3.8980841636657715,5.251707077026367,3.4496567249298096,3.864043951034546,0.20707908272743225,0.20468616485595703,0.19791428744792938,0.19058696925640106,-0.01604689657688141,0.40297818183898926,0.04412183165550232,0.23281022906303406,0.25396227836608887,1.3876631259918213,1.3040448427200317,0.06025834491496196
361,Frequently experiments with Latin American cuisine at home,Rarely experiments with Latin American cuisine at home,0.13292783498764038,0.140896275639534,1.7673263549804688,0.7027717232704163,1.2874119281768799,2.198570728302002,3.3778820037841797,1.610555648803711,2.6751102805137634,0.13175038993358612,0.13108374178409576,0.13119922578334808,0.13438011705875397,0.0014522820711135864,0.12267068773508072,-0.018225587904453278,0.29069098830223083,0.28985100984573364,0.7027717232704163,1.322397232055664,-0.8816881617003036
713,Past knee injury from cycling accident requiring minor surgery,No history of knee injury or surgery from cycling accidents,0.25705352425575256,0.3336690068244934,1.7630566358566284,0.9131592512130737,1.6178157329559326,2.615638256072998,3.714963436126709,1.9519068002700806,2.8018041849136353,0.2584322392940521,0.25976458191871643,0.26185086369514465,0.26387158036231995,0.006818056106567383,0.33937591314315796,0.005706906318664551,0.28820887207984924,0.2874733805656433,0.9131592512130737,1.304453730583191,-0.4285062861163673
902,Uses a mild antidepressant to assist with seasonal affective symptoms,Does not use antidepressants for seasonal affective symptoms.,0.2618851065635681,0.23276041448116302,1.6586962938308716,0.5597947239875793,1.0340628623962402,1.7564929723739624,2.5728018283843994,0.9141055345535278,2.01300710439682,0.2610742747783661,0.26056626439094543,0.26008543372154236,0.2599855363368988,-0.0018995702266693115,0.24224166572093964,0.009481251239776611,0.2140716016292572,0.22863271832466125,0.5597947239875793,1.283097505569458,-1.2920857424835739
218,Likes long walks in the park,Dislikes long walks in the park,0.26555582880973816,0.3156868815422058,1.5553321838378906,0.852405309677124,1.5525517463684082,2.619866371154785,3.9119410514831543,2.3566088676452637,3.0595357418060303,0.263753741979599,0.26213961839675903,0.2595865726470947,0.2571962773799896,-0.008359551429748535,0.3322974741458893,0.01661059260368347,0.28042179346084595,0.28133267164230347,0.852405309677124,1.30562162399292,-0.5316910971465747
761,Enjoys visiting museums,Does not enjoy visiting museums,0.26059505343437195,0.4077973961830139,1.841888666152954,0.9997742772102356,1.7417857646942139,2.7453877925872803,3.851990222930908,2.010101556777954,2.8522159457206726,0.26982736587524414,0.2749329209327698,0.27481719851493835,0.26540014147758484,0.004805088043212891,0.361142635345459,-0.04665476083755493,0.2533760070800781,0.25740939378738403,0.9997742772102356,1.3730477094650269,-0.37335770759813025
554,"Up-to-date on all vaccinations, including annual flu shots",Not up-to-date on vaccinations and does not receive annual flu shots.,0.26293429732322693,0.22848275303840637,1.6351089477539062,0.8351901173591614,1.496903419494629,2.4442877769470215,3.517319440841675,1.8822104930877686,2.6821293234825134,0.26602697372436523,0.26822954416275024,0.2711021602153778,0.27407875657081604,0.011144459247589111,0.23147308826446533,0.00299033522605896,0.28983017802238464,0.28974175453186035,0.8351901173591614,1.198651671409607,-0.4351842131462198
265,Enjoys petting dogs while out walking,Avoids petting dogs while out walking,0.07100057601928711,0.11357507854700089,1.934679388999939,0.3601073622703552,0.696799099445343,1.290597677230835,2.179295301437378,0.24461591243743896,1.8191879391670227,0.07043100893497467,0.06991619616746902,0.06910258531570435,0.06812620908021927,-0.0028743669390678406,0.10293664038181305,-0.010638438165187836,0.1508154720067978,0.1774788349866867,0.3601073622703552,1.1868175268173218,-2.2957324708243627
247,Enjoys drawing or sketching,Does not enjoy drawing or sketching,0.13853025436401367,0.20698213577270508,1.815783143043518,1.142098307609558,2.0047717094421387,3.1389365196228027,4.244958400726318,2.4291752576828003,3.1028600931167603,0.14099445939064026,0.1474933922290802,0.1574176847934723,0.16447210311889648,0.025941848754882812,0.23487767577171326,0.02789553999900818,0.2695917785167694,0.2755793333053589,1.142098307609558,1.411316156387329,-0.23572213266058606
355,Occasional migraines managed with prescription medication,No history of migraines.,0.24905915558338165,0.2595852017402649,1.4133599996566772,0.6214516162872314,1.142078161239624,1.9304641485214233,2.8302512168884277,1.4168912172317505,2.2087996006011963,0.2511853575706482,0.2528749406337738,0.25506624579429626,0.25676825642585754,0.007709100842475891,0.28264328837394714,0.02305808663368225,0.2220732867717743,0.23393654823303223,0.6214516162872314,1.1067506074905396,-0.7809119462954388
280,Enjoys mariachi music at special events,Does not enjoy mariachi music at special events,0.2724837064743042,0.42500725388526917,1.7197803258895874,0.6785356402397156,1.2926208972930908,2.356273651123047,3.9173521995544434,2.197571873664856,3.238816559314728,0.27140775322914124,0.27036696672439575,0.2688868045806885,0.2695069909095764,-0.002976715564727783,0.4050009548664093,-0.020006299018859863,0.17068549990653992,0.20777466893196106,0.6785356402397156,1.174895167350769,-0.7315157785016242
601,Allergic reaction to certain shellfish,No allergic reaction to shellfish,0.4826579689979553,0.26797065138816833,1.789868950843811,0.826740562915802,1.4693708419799805,2.372511625289917,3.3322181701660156,1.5423492193222046,2.5054776072502136,0.48180052638053894,0.48027169704437256,0.4783598780632019,0.47669968008995056,-0.005958288908004761,0.2924845516681671,0.02451390027999878,0.27059507369995117,0.27197399735450745,0.826740562915802,1.4769041538238525,-0.7864179164198883
974,Likes to volunteer at literacy events,Does not like to volunteer at literacy events.,0.22102247178554535,0.18248480558395386,2.1844708919525146,0.8574462532997131,1.5355863571166992,2.516758441925049,3.6809310913085938,1.496460199356079,2.8234848380088806,0.22825121879577637,0.23697999119758606,0.25375449657440186,0.27383074164390564,0.05280826985836029,0.2068602591753006,0.02437545359134674,0.26661938428878784,0.2734881639480591,0.8574462532997131,1.6529805660247803,-0.927794960516312
749,Enjoys beach walks during vacations,Enjoys mountain hikes during vacations,0.3551929295063019,0.4945712089538574,1.4616928100585938,0.9038007259368896,1.645175576210022,2.777310609817505,4.161578178405762,2.699885368347168,3.257777452468872,0.35032108426094055,0.3443892002105713,0.33215996623039246,0.31671398878097534,-0.03847894072532654,0.448662132024765,-0.04590907692909241,0.26277005672454834,0.2559427320957184,0.9038007259368896,1.1590311527252197,-0.2823967933017042
859,Values time alone for reflection,Values social interaction for stimulation,0.18292248249053955,0.41745492815971375,1.5560128688812256,1.035590648651123,1.879502534866333,3.1434662342071533,4.658246994018555,3.102234125137329,3.6226563453674316,0.16911844909191132,0.16160127520561218,0.1579195261001587,0.16141624748706818,-0.021506235003471375,0.37254706025123596,-0.04490786790847778,0.2471168339252472,0.2563948333263397,1.035590648651123,1.3138563632965088,-0.26870242118141197
44,Carries a reusable water bottle,Does not carry a reusable water bottle,0.21067892014980316,0.3323846757411957,1.5096147060394287,0.6807476282119751,1.233590841293335,2.0524086952209473,3.0032966136932373,1.4936819076538086,2.322548985481262,0.21171517670154572,0.2130601704120636,0.21545034646987915,0.21772974729537964,0.007050827145576477,0.31136783957481384,-0.021016836166381836,0.28650933504104614,0.28500762581825256,0.6807476282119751,1.2244547605514526,-0.7986911886385226
604,Enjoys family trips to Baja California,Does not enjoy family trips to Baja California,0.2519040107727051,0.3679203987121582,1.6257383823394775,0.9332533478736877,1.701816201210022,2.8295388221740723,4.0656023025512695,2.439863920211792,3.132348954677582,0.2533867657184601,0.2554454505443573,0.25856223702430725,0.26144111156463623,0.009537100791931152,0.40179428458213806,0.03387388586997986,0.28970032930374146,0.288274884223938,0.9332533478736877,1.2958829402923584,-0.38856500568134167
526,Loves exploring second-hand bookstores,Dislikes exploring second-hand bookstores,0.40569189190864563,0.43017736077308655,1.9703431129455566,0.7661024928092957,1.406284213066101,2.3911733627319336,3.620335817337036,1.6499927043914795,2.8542333245277405,0.40327540040016174,0.4006059169769287,0.39553990960121155,0.38799551129341125,-0.017696380615234375,0.42003631591796875,-0.010141044855117798,0.27075842022895813,0.27022355794906616,0.7661024928092957,1.4013211727142334,-0.8291562628592848
275,Keeps a collection of postcards from different countries,Does not keep a collection of postcards from different countries.,0.14084675908088684,0.1606426239013672,2.066413402557373,0.9808862209320068,1.794795274734497,3.0150198936462402,4.377142906188965,2.310729503631592,3.396256685256958,0.14061373472213745,0.13990850746631622,0.1387793868780136,0.13825508952140808,-0.0025916695594787598,0.1736091822385788,0.012966558337211609,0.17125171422958374,0.20330096781253815,0.9808862209320068,1.3724985122680664,-0.39924334033764075
346,Mild eczema flare-ups during winter months,No eczema flare-ups during winter months,0.3620351254940033,0.2801450788974762,1.5257402658462524,0.6913347244262695,1.2697879076004028,2.1771349906921387,3.337596893310547,1.8118566274642944,2.6462621688842773,0.36949363350868225,0.3738212287425995,0.3782891035079956,0.3815303444862366,0.019495218992233276,0.2816079556941986,0.0014628767967224121,0.15801261365413666,0.15106892585754395,0.6913347244262695,1.3789697885513306,-0.9946485252794457
787,"Collects sports memorabilia, especially baseball cards","Does not collect sports memorabilia, especially baseball cards.",0.35925599932670593,0.2921903431415558,2.2811474800109863,0.7615931034088135,1.35312020778656,2.196054458618164,3.135802984237671,0.8546555042266846,2.3742098808288574,0.35168078541755676,0.3458814322948456,0.3378625214099884,0.32859113812446594,-0.03066486120223999,0.27574393153190613,-0.016446411609649658,0.26900550723075867,0.2665618062019348,0.7615931034088135,1.6779602766036987,-1.2032240957715068
55,Decorates her studio with industrial metal and exposed brick,Decorates her studio with soft fabrics and pastel-colored walls,0.2846229374408722,0.18289418518543243,1.4736932516098022,0.4687249958515167,0.8564593195915222,1.448843240737915,2.1604902744293213,0.686797022819519,1.6917652785778046,0.28472772240638733,0.28478485345840454,0.2849057614803314,0.28523388504981995,0.0006109476089477539,0.18164052069187164,-0.001253664493560791,0.2777697443962097,0.2777920365333557,0.4687249958515167,1.1458144187927246,-1.4445344902316606
88,Enjoys reading poetry from Mahmoud Darwish and Taras Shevchenko,Does not enjoy reading poetry from Mahmoud Darwish and Taras Shevchenko.,0.27809202671051025,0.26219984889030457,2.6771631240844727,0.5817534327507019,1.115767002105713,2.019674301147461,3.2097887992858887,0.532625675201416,2.6280353665351868,0.2695218026638031,0.2624988853931427,0.2522296607494354,0.24035297334194183,-0.03773905336856842,0.27761590480804443,0.015416055917739868,0.12381333112716675,0.1458795815706253,0.5817534327507019,1.9488143920898438,-2.3498975379917817
408,Values respect for elders,Does not value respect for elders,0.29924535751342773,0.2581334710121155,2.29472279548645,1.1871213912963867,2.1110117435455322,3.3737289905548096,4.58978271484375,2.2950599193573,3.4026613235473633,0.3001287877559662,0.30146169662475586,0.3043912351131439,0.3081865608692169,0.008941203355789185,0.2527232766151428,-0.005410194396972656,0.22384163737297058,0.24903419613838196,1.1871213912963867,1.8395382165908813,-0.5495788636931458
299,Enjoys watching thunderstorms,Dislikes watching thunderstorms,0.2779026925563812,0.3025971055030823,1.6852869987487793,0.9188832640647888,1.6860913038253784,2.8269095420837402,4.046841621398926,2.3615546226501465,3.127958357334137,0.28749531507492065,0.2940586805343628,0.30123037099838257,0.305755615234375,0.027852922677993774,0.29584136605262756,-0.006755739450454712,0.2855808734893799,0.28490445017814636,0.9188832640647888,1.3563919067382812,-0.4761308207291981
740,Practicing meditation for relaxation over religious services,Attending religious services over practicing meditation for relaxation,0.3994973301887512,0.3955495357513428,1.6875396966934204,0.49314048886299133,0.9361494779586792,1.7108690738677979,2.9490275382995605,1.2614878416061401,2.455887049436569,0.40075117349624634,0.4004542827606201,0.3965607285499573,0.380341112613678,-0.019156217575073242,0.4127940833568573,0.017244547605514526,0.20028027892112732,0.2037781924009323,0.49314048886299133,1.2066372632980347,-1.4468428177132973
332,Loves eating spicy Tex-Mex cuisine,Hates eating spicy Tex-Mex cuisine.,0.2686588764190674,0.1556422859430313,1.5515522956848145,0.9355630874633789,1.6706962585449219,2.7648816108703613,4.1068243980407715,2.555272102355957,3.1712613105773926,0.2660793364048004,0.2652871608734131,0.2652372121810913,0.2655142843723297,-0.003144592046737671,0.1701173633337021,0.014475077390670776,0.28589701652526855,0.2868514657020569,0.9355630874633789,1.2502329349517822,-0.3363427348780694
865,Mild pollen allergy developed in his late 30s.,No pollen allergy.,0.22258587181568146,0.43222445249557495,1.7529875040054321,0.7305153012275696,1.378927230834961,2.4327263832092285,3.810068130493164,2.057080626487732,3.0795528292655945,0.2209034413099289,0.21895918250083923,0.21539318561553955,0.21077373623847961,-0.011812135577201843,0.38134998083114624,-0.05087447166442871,0.1810535192489624,0.20392575860023499,0.7305153012275696,1.3572218418121338,-0.857896528014453
76,Takes a daily statin prescription for cholesterol management,Does not take a daily statin prescription for cholesterol management.,0.1985819786787033,0.16469481587409973,2.0770018100738525,1.1696988344192505,2.0955159664154053,3.4475696086883545,4.96556282043457,2.8885610103607178,3.79586398601532,0.20732462406158447,0.21289785206317902,0.21777082979679108,0.2196536660194397,0.02107168734073639,0.16568513214588165,0.0009903162717819214,0.2848953306674957,0.2855272889137268,1.1696988344192505,1.6382460594177246,-0.40057082319920867
942,Likes cold weather destinations,Likes warm weather destinations,0.17548756301403046,0.1868094801902771,1.8658418655395508,1.2513928413391113,2.2096071243286133,3.5117950439453125,4.809564590454102,2.943722724914551,3.5581717491149902,0.18416166305541992,0.19008910655975342,0.19632351398468018,0.19736769795417786,0.0218801349401474,0.20703132450580597,0.02022184431552887,0.24805590510368347,0.2559891939163208,1.2513928413391113,1.6501243114471436,-0.31863013510717475
256,Mild lactose intolerance managed through diet adjustments,"No lactose intolerance, no dietary restrictions needed.",0.29631975293159485,0.15281054377555847,1.9631930589675903,0.7487146854400635,1.3478928804397583,2.2697815895080566,3.539400339126587,1.5762072801589966,2.7906856536865234,0.2995861768722534,0.3019358217716217,0.3053355813026428,0.30852895975112915,0.012209206819534302,0.15599678456783295,0.003186240792274475,0.16205507516860962,0.1612488031387329,0.7487146854400635,1.580615758895874,-1.1111055915336476
439,Experienced a minor concussion from a biking accident in childhood,Never experienced a concussion.,0.21140483021736145,0.33803942799568176,2.5557005405426025,1.2704315185546875,2.2368106842041016,3.528303861618042,4.72971248626709,2.1740119457244873,3.4592809677124023,0.22268791496753693,0.22700485587120056,0.22821812331676483,0.22705121338367462,0.01564638316631317,0.3112948536872864,-0.026744574308395386,0.2376956045627594,0.24534660577774048,1.2704315185546875,2.1973514556884766,-0.7296103123986597
584,Enjoys winter getaways in snowy mountains,Enjoys summer vacations on sunny beaches,0.32187506556510925,0.17737451195716858,2.3814778327941895,1.3624546527862549,2.402122735977173,3.8163444995880127,5.200284004211426,2.8188061714172363,3.837829351425171,0.32321301102638245,0.32308638095855713,0.3225674629211426,0.32291683554649353,0.0010417699813842773,0.14929817616939545,-0.028076335787773132,0.2663338780403137,0.26821208000183105,1.3624546527862549,1.6010178327560425,-0.17509806985643128
261,Recovered fully from an appendectomy in early twenties,Never had an appendectomy.,0.2870343327522278,0.29872220754623413,1.7996140718460083,0.4591895341873169,0.8648824095726013,1.5450036525726318,2.527235269546509,0.7276211977005005,2.068045735359192,0.2834750711917877,0.2813076674938202,0.2798820436000824,0.282049298286438,-0.004985034465789795,0.2944886386394501,-0.004233568906784058,0.21876196563243866,0.24396578967571259,0.4591895341873169,1.2752046585083008,-1.7770769226375864
649,Uses Spanish idioms unconsciously in daily speech,Does not use Spanish idioms in daily speech,0.38439926505088806,0.30021098256111145,1.4793611764907837,0.8239659070968628,1.4793438911437988,2.4386000633239746,3.5539326667785645,2.0745714902877808,2.7299667596817017,0.37749359011650085,0.3709981441497803,0.3598783016204834,0.3448854386806488,-0.03951382637023926,0.2978317439556122,-0.0023792386054992676,0.19275438785552979,0.16544175148010254,0.8239659070968628,1.1886621713638306,-0.442610866694628
899,Enjoys high-end steakhouse dining,"Prefers casual, budget-friendly dining",0.2296217381954193,0.30151116847991943,1.8447209596633911,1.090345859527588,1.9246549606323242,3.0534465312957764,4.181972026824951,2.33725106716156,3.0916261672973633,0.2388879656791687,0.24618065357208252,0.2556218206882477,0.2653413414955139,0.035719603300094604,0.31335538625717163,0.011844217777252197,0.28903234004974365,0.2894015908241272,1.090345859527588,1.3460813760757446,-0.23454531817909485
753,Experiences occasional acid reflux treated with over-the-counter remedies.,Does not experience acid reflux.,0.12610533833503723,0.3708574175834656,1.3823424577713013,0.6162505149841309,1.1658262014389038,2.0629727840423584,3.222738027572632,1.8403955698013306,2.606487512588501,0.13062435388565063,0.13392050564289093,0.1379348188638687,0.14134766161441803,0.015242323279380798,0.3639642894268036,-0.006893128156661987,0.19462725520133972,0.22158505022525787,0.6162505149841309,0.9160354137420654,-0.48646596062585745
259,Buys fresh produce daily from neighborhood markets,Buys produce in bulk from supermarkets.,0.1556958556175232,0.1891016662120819,2.170543670654297,0.8944042325019836,1.5800760984420776,2.5097575187683105,3.4364023208618164,1.2658586502075195,2.5419980883598328,0.1535048484802246,0.15229138731956482,0.15139004588127136,0.1514606922864914,-0.004235163331031799,0.19733481109142303,0.008233144879341125,0.29184311628341675,0.29171222448349,0.8944042325019836,1.4910805225372314,-0.6671214964693546
527,Past laparoscopic appendectomy at age 25,No history of laparoscopic appendectomy.,0.4287218451499939,0.33184999227523804,2.1481144428253174,0.1630357801914215,0.32064342498779297,0.6253973245620728,1.199013113975525,-0.9491013288497925,1.0359773337841034,0.4303496181964874,0.4318931996822357,0.4348268210887909,0.44020262360572815,0.011480778455734253,0.33207398653030396,0.00022399425506591797,0.03733193501830101,0.03682267665863037,0.1630357801914215,1.3969695568084717,-7.568484507929973
599,Attends church services regularly,Does not attend church services regularly,0.19122838973999023,0.2678830027580261,1.4547063112258911,1.1555711030960083,2.0642576217651367,3.336674928665161,4.660215854644775,3.2055095434188843,3.504644751548767,0.18819303810596466,0.18814846873283386,0.19313986599445343,0.20765119791030884,0.016422808170318604,0.23709982633590698,-0.03078317642211914,0.2759230136871338,0.2756011486053467,1.1555711030960083,1.250225305557251,-0.08191118850899337
800,Uses a smartwatch for fitness tracking,Does not use a smartwatch for fitness tracking,0.3415316045284271,0.18672601878643036,1.7568861246109009,0.7424066066741943,1.3739831447601318,2.351853370666504,3.5331270694732666,1.7762409448623657,2.7907204627990723,0.3394780158996582,0.33805420994758606,0.33687788248062134,0.33781448006629944,-0.0037171244621276855,0.200298011302948,0.01357199251651764,0.2792600393295288,0.2770933508872986,0.7424066066741943,1.297851324081421,-0.7481677997121918
802,Likes going to trivia nights at local cafes,Dislikes going to trivia nights at local cafes,0.23260022699832916,0.45173171162605286,1.8536251783370972,1.0492167472839355,1.8896909952163696,3.080573797225952,4.3304009437561035,2.4767757654190063,3.281184196472168,0.22894057631492615,0.22611042857170105,0.22221314907073975,0.21850451827049255,-0.014095708727836609,0.5042176246643066,0.052485913038253784,0.2445361614227295,0.24932952225208282,1.0492167472839355,1.3567287921905518,-0.29308724408246434
901,"Past fracture of the wrist from a fall, fully healed",No history of wrist fracture from a fall.,0.25488653779029846,0.25996074080467224,1.9504057168960571,0.1470308005809784,0.29005569219589233,0.5645769834518433,1.071069598197937,-0.8793361186981201,0.9240387976169586,0.2551831305027008,0.25543463230133057,0.25581297278404236,0.2561735510826111,0.001287013292312622,0.2715217173099518,0.011560976505279541,0.03315168619155884,0.03313977271318436,0.1470308005809784,1.2280516624450684,-7.352342894091153
716,Low vitamin D levels requiring supplements,Normal vitamin D levels without need for supplements,0.2126910239458084,0.30117514729499817,1.4471135139465332,0.8896546959877014,1.6232244968414307,2.73181414604187,4.052796363830566,2.605682849884033,3.163141667842865,0.20652896165847778,0.2014649361371994,0.1936555802822113,0.1841864436864853,-0.02850458025932312,0.29310163855552673,-0.008073508739471436,0.28408777713775635,0.2823176383972168,0.8896546959877014,1.2362239360809326,-0.38955478081129824
570,Vitamin D deficiency addressed through supplementation,Vitamin D deficiency not addressed through supplementation,0.2750200033187866,0.23584134876728058,1.79593026638031,0.5980900526046753,1.106435775756836,1.9198142290115356,2.985503911972046,1.1895736455917358,2.3874138593673706,0.27463698387145996,0.27423152327537537,0.2735375761985779,0.27350515127182007,-0.0015148520469665527,0.22787818312644958,-0.007963165640830994,0.04862642288208008,0.0491313710808754,0.5980900526046753,1.1813464164733887,-0.9751982353303463
528,Mild seasonal pollen allergy,No seasonal pollen allergy,0.29729336500167847,0.20133019983768463,1.7968546152114868,0.6589390635490417,1.2178181409835815,2.104130506515503,3.2642009258270264,1.4673463106155396,2.6052618622779846,0.3005618751049042,0.3025793731212616,0.30383092164993286,0.2990928888320923,0.0017995238304138184,0.18546825647354126,-0.01586194336414337,0.17255699634552002,0.18207480013370514,0.6589390635490417,1.343652367591858,-1.0391147557028333
30,Plays ice hockey recreationally,Does not play ice hockey recreationally,0.26828208565711975,0.14758852124214172,1.6323349475860596,1.1307581663131714,2.010713815689087,3.27170991897583,4.682915687561035,3.0505807399749756,3.5521575212478638,0.2666162848472595,0.26477453112602234,0.2604445517063141,0.2502383589744568,-0.018043726682662964,0.1304216831922531,-0.01716683804988861,0.24614454805850983,0.24732109904289246,1.1307581663131714,1.251160979270935,-0.10647972001859252
549,Prefers herbal teas from East Asia over coffee,Prefers coffee over herbal teas from East Asia.,0.2909388840198517,0.5022234916687012,1.6265455484390259,0.8291332721710205,1.547946572303772,2.669475793838501,3.9789063930511475,2.3523608446121216,3.149773120880127,0.2866121232509613,0.2824992537498474,0.27657634019851685,0.27162301540374756,-0.019315868616104126,0.5249370336532593,0.022713541984558105,0.2832046449184418,0.28096818923950195,0.8291332721710205,1.251896619796753,-0.509885879406045
136,Loves skiing in the winter months,Dislikes skiing in the winter months,0.1263924092054367,0.479348748922348,1.9222853183746338,1.4837849140167236,2.643958568572998,4.14908504486084,5.478611469268799,3.556326150894165,3.994826555252075,0.12999682128429413,0.13943886756896973,0.1596960574388504,0.17846937477588654,0.05207696557044983,0.4272669851779938,-0.05208176374435425,0.24855457246303558,0.26934945583343506,1.4837849140167236,1.6019744873046875,-0.07965411440126813
370,Seasonal allergic rhinitis triggered by spring pollen,Seasonal allergic rhinitis triggered by autumn pollen,0.3435623049736023,0.3891787827014923,1.5358304977416992,0.6417794227600098,1.1491013765335083,1.8771939277648926,2.6858177185058594,1.1499872207641602,2.0440382957458496,0.34908008575439453,0.35267534852027893,0.3567753732204437,0.36002591252326965,0.01646360754966736,0.4036611318588257,0.014482349157333374,0.2325538694858551,0.2373153418302536,0.6417794227600098,1.2898427248001099,-1.0097913380473718
292,Learns indigenous languages via online courses,Learns indigenous languages via in-person classes,0.22306044399738312,0.17407146096229553,1.5768126249313354,0.7361181974411011,1.3749780654907227,2.437893867492676,3.935849666595459,2.3590370416641235,3.199731469154358,0.2213020771741867,0.2194974273443222,0.21694017946720123,0.21637065708637238,-0.006689786911010742,0.17499946057796478,0.0009279996156692505,0.10927660018205643,0.10899589955806732,0.7361181974411011,1.1386430263519287,-0.5468209185835742
986,Avoids wine in favor of craft beers,Prefers wine over craft beers,0.5299797654151917,0.20147673785686493,2.158334970474243,1.0364887714385986,1.8365907669067383,2.98089337348938,4.255312919616699,2.096977949142456,3.2188241481781006,0.5414381623268127,0.5463913679122925,0.5492125749588013,0.5475968718528748,0.017617106437683105,0.20369969308376312,0.0022229552268981934,0.2823750376701355,0.2802300453186035,1.0364887714385986,1.6086790561676025,-0.5520467760927406
86,Occasionally does simple DIY home projects,Rarely does DIY home projects,0.25816670060157776,0.2553451955318451,1.657047986984253,0.5769892334938049,1.0142980813980103,1.618460774421692,2.2841343879699707,0.6270864009857178,1.7071451544761658,0.2565498352050781,0.25492873787879944,0.25233376026153564,0.24993717670440674,-0.00822952389717102,0.26249757409095764,0.007152378559112549,0.28803157806396484,0.2883046269416809,0.5769892334938049,1.2100907564163208,-1.0972501498666412
215,Enjoys European mythological theatre productions,Does not enjoy European mythological theatre productions,0.2730768024921417,0.17891189455986023,2.520364284515381,0.6330404281616211,1.1326369047164917,1.8615310192108154,2.6993348598480225,0.1789705753326416,2.0662944316864014,0.27389878034591675,0.27455228567123413,0.2755608558654785,0.27667638659477234,0.0035995841026306152,0.1972530037164688,0.01834110915660858,0.19797363877296448,0.18591080605983734,0.6330404281616211,1.7023472785949707,-1.6891604435733538
10,Shops for groceries at local markets,Shops for groceries at supermarkets,0.4910891354084015,0.3864017724990845,2.021744966506958,0.7696225643157959,1.3924349546432495,2.311372995376587,3.360905647277832,1.339160680770874,2.591283082962036,0.4976247549057007,0.5006009936332703,0.5026834607124329,0.5027139186859131,0.011624783277511597,0.4061565399169922,0.019754767417907715,0.28546684980392456,0.2824755907058716,0.7696225643157959,1.4929149150848389,-0.9398013835678778
328,Collects vintage board games,Does not collect vintage board games,0.2545848488807678,0.1801110953092575,1.6435863971710205,1.8410370349884033,3.3071842193603516,5.337433338165283,7.244570732116699,5.600984334945679,5.403533697128296,0.25030261278152466,0.24417629837989807,0.23715625703334808,0.23371995985507965,-0.02086488902568817,0.19376002252101898,0.013648927211761475,0.23800687491893768,0.2605535089969635,1.8410370349884033,1.4649906158447266,0.2042579328916354
822,Mild lactose intolerance managed through diet adjustments,No lactose intolerance and no dietary restrictions related to dairy,0.4795423150062561,0.40312761068344116,1.4198569059371948,0.38752689957618713,0.7396131157875061,1.3473758697509766,2.2499747276306152,0.8301178216934204,1.862447828054428,0.4823320508003235,0.48486238718032837,0.4891912341117859,0.49678993225097656,0.01724761724472046,0.42724117636680603,0.024113565683364868,0.049340248107910156,0.06002683565020561,0.38752689957618713,1.0382291078567505,-1.6791149440005166
363,Presbyopia requiring reading glasses,"No presbyopia, no reading glasses needed",0.3160032629966736,0.4179023504257202,1.787442922592163,0.810104250907898,1.5160795450210571,2.6398112773895264,4.017993450164795,2.230550527572632,3.207889199256897,0.31685304641723633,0.3178466260433197,0.3177165389060974,0.31275975704193115,-0.0032435059547424316,0.39615973830223083,-0.02174261212348938,0.17068660259246826,0.1704864799976349,0.810104250907898,1.202436923980713,-0.4842989931643007
371,Listens to gospel music regularly,Does not listen to gospel music regularly,0.19174811244010925,0.2563929855823517,1.9721527099609375,0.5495557188987732,0.9754291772842407,1.5896880626678467,2.3805387020111084,0.4083859920501709,1.8309829831123352,0.19294342398643494,0.1938658207654953,0.19511927664279938,0.19658274948596954,0.0048346370458602905,0.2648204267024994,0.008427441120147705,0.28258800506591797,0.2809368669986725,0.5495557188987732,1.363332986831665,-1.48079119177138
319,Occasional migraines related to screen time and stress,"No migraines, even with extended screen time and stress.",0.28371134400367737,0.2783079445362091,1.5940989255905151,0.6799788475036621,1.2464896440505981,2.1180472373962402,3.1854658126831055,1.5913668870925903,2.5054869651794434,0.2921294569969177,0.2986922860145569,0.3076942563056946,0.3149573802947998,0.031246036291122437,0.27179059386253357,-0.006517350673675537,0.27859199047088623,0.27554044127464294,0.6799788475036621,1.3409857749938965,-0.9720992497294916
168,Prefers printed books or newspapers over e-readers for leisure reading,Prefers e-readers over printed books or newspapers for leisure reading.,0.17018257081508636,0.3008923828601837,1.8947622776031494,0.57790207862854,1.1240854263305664,2.0620875358581543,3.31853985786438,1.4237775802612305,2.74063777923584,0.17221546173095703,0.17447338998317719,0.17889747023582458,0.18418926000595093,0.014006689190864563,0.2796468436717987,-0.02124553918838501,0.13866408169269562,0.14353960752487183,0.57790207862854,1.3196321725845337,-1.2834874996751098
411,Drinks a lot of water during the day,Drinks little water during the day,0.3153360188007355,0.3717898428440094,1.915985345840454,0.6359923481941223,1.1527259349822998,1.9221861362457275,2.853252649307251,0.9372673034667969,2.2172603011131287,0.323485404253006,0.32965347170829773,0.33730027079582214,0.3420396149158478,0.026703596115112305,0.3689407706260681,-0.002849072217941284,0.2223290055990219,0.1864832043647766,0.6359923481941223,1.3781217336654663,-1.1668841418903764
213,Volunteers in occasional local charity drives,Does not volunteer in occasional local charity drives,0.24967461824417114,0.33141767978668213,1.7083690166473389,0.6651557087898254,1.202799677848816,2.0033929347991943,2.9903111457824707,1.2819421291351318,2.3251554369926453,0.24790436029434204,0.24551858007907867,0.23974743485450745,0.22843320667743683,-0.021241411566734314,0.3102206885814667,-0.021196991205215454,0.21700622141361237,0.23491258919239044,0.6651557087898254,1.328741192817688,-0.9976393125080145
66,Wants to learn chess strategy,Does not want to learn chess strategy,0.21071857213974,0.2825673818588257,1.7909672260284424,1.7123311758041382,3.042210340499878,4.868958473205566,6.635054588317871,4.844087362289429,4.922723412513733,0.21648001670837402,0.22113828361034393,0.22367745637893677,0.22465407848358154,0.013935506343841553,0.3346441388130188,0.052076756954193115,0.2848174571990967,0.27898865938186646,1.7123311758041382,1.6595863103866577,0.030802958074223397
307,Collects sports memorabilia,Does not collect sports memorabilia,0.2669731378555298,0.20525072515010834,1.823469877243042,0.8083908557891846,1.5579242706298828,2.8982772827148438,4.955215930938721,3.1317460536956787,4.146825075149536,0.2669067084789276,0.2667540907859802,0.26635056734085083,0.26523131132125854,-0.0017418265342712402,0.17248599231243134,-0.032764732837677,0.21277666091918945,0.2660987675189972,0.8083908557891846,1.3844637870788574,-0.7126168327662323
548,Enjoys surfing during summer vacations,Prefers not to surf during summer vacations,0.2946312129497528,0.3254891037940979,1.842987060546875,0.771000325679779,1.352196216583252,2.1315481662750244,2.9126076698303223,1.0696206092834473,2.141607344150543,0.30056697130203247,0.304605633020401,0.30934828519821167,0.31336620450019836,0.018734991550445557,0.328571081161499,0.003081977367401123,0.23938068747520447,0.23889952898025513,0.771000325679779,1.3347750902175903,-0.7312250666570599
660,Collects bookmarks from different places traveled,Does not collect bookmarks from different places traveled.,0.2607819437980652,0.27685725688934326,1.8692420721054077,0.5263102054595947,0.9440277218818665,1.5609978437423706,2.3318450450897217,0.46260297298431396,1.805534839630127,0.2572418451309204,0.2544812858104706,0.25060853362083435,0.24644625186920166,-0.014335691928863525,0.2932272255420685,0.01636996865272522,0.26342326402664185,0.27029508352279663,0.5263102054595947,1.3126139640808105,-1.4939929920883532
767,History of mild hypertension managed with lifestyle adjustments.,No history of hypertension.,0.2740711569786072,0.21009814739227295,1.9021365642547607,0.9266843199729919,1.730441927909851,3.0196189880371094,4.605080604553223,2.702944040298462,3.6783962845802307,0.2786169946193695,0.2813538908958435,0.2833837568759918,0.2804400324821472,0.006368875503540039,0.2180383950471878,0.007940247654914856,0.17215512692928314,0.22933465242385864,0.9266843199729919,1.6107836961746216,-0.7382226735222708
662,Occasional migraine headaches triggered by stress,"No history of migraine headaches, even during periods of stress.",0.32500407099723816,0.26719534397125244,1.6519471406936646,0.5529932379722595,1.0045801401138306,1.6805107593536377,2.479879379272461,0.8279322385787964,1.9268861413002014,0.32659220695495605,0.32759371399879456,0.3284188508987427,0.3280740976333618,0.0030700266361236572,0.26837506890296936,0.001179724931716919,0.2755836546421051,0.27641940116882324,0.5529932379722595,1.2286620140075684,-1.2218391286535102
244,Received preventive vaccinations for yellow fever and typhoid before South America travel,Did not receive preventive vaccinations for yellow fever and typhoid before South America travel.,0.6359543800354004,0.3129746615886688,2.1893019676208496,0.949497640132904,1.695590853691101,2.7603976726531982,3.9063374996185303,1.7170355319976807,2.956839859485626,0.6494898200035095,0.6571970582008362,0.6659222841262817,0.6757417321205139,0.039787352085113525,0.329698771238327,0.016724109649658203,0.2883132994174957,0.28624430298805237,0.949497640132904,1.5799366235733032,-0.6639710903885498
959,Travels during summer vacations,Travels during winter vacations,0.2267375886440277,0.3624741733074188,1.5834064483642578,0.5750296711921692,1.014771819114685,1.6186754703521729,2.260653257369995,0.6772468090057373,1.685623586177826,0.22234494984149933,0.21906153857707977,0.21467278897762299,0.21088732779026031,-0.015850260853767395,0.36329856514930725,0.0008243918418884277,0.2823101282119751,0.2831486761569977,0.5750296711921692,1.0854392051696777,-0.8876229515588505
208,Frequently donates to literacy charities,Rarely donates to literacy charities,0.418821781873703,0.2960796058177948,1.9145634174346924,0.7252073884010315,1.3032915592193604,2.1507980823516846,3.124894142150879,1.2103307247161865,2.3996867537498474,0.41167470812797546,0.40932533144950867,0.41055381298065186,0.4164997935295105,-0.002321988344192505,0.3039618134498596,0.00788220763206482,0.2824760675430298,0.2831433117389679,0.7252073884010315,1.5014172792434692,-1.0703281616502265
810,Likes to share books with friends,Likes to keep books to oneself,0.3599887192249298,0.22309711575508118,1.4533617496490479,1.6066803932189941,2.761720657348633,4.177778720855713,5.272486209869385,3.819124460220337,3.6658058166503906,0.36872148513793945,0.3736974000930786,0.3789670169353485,0.3834221065044403,0.023433387279510498,0.21597672998905182,-0.007120385766029358,0.26964569091796875,0.27085718512535095,1.6066803932189941,1.8871415853500366,-0.17455941661747465
529,History of eczema flare-ups during winter months,History of eczema flare-ups during summer months,0.2543329894542694,0.2869444191455841,1.6263428926467896,0.2911173105239868,0.5444610118865967,0.957603394985199,1.5320028066635132,-0.09434008598327637,1.2408854961395264,0.25388476252555847,0.2535715103149414,0.2532884478569031,0.2536170184612274,-0.0007159709930419922,0.28282034397125244,-0.004124075174331665,0.1382683366537094,0.12981513142585754,0.2911173105239868,1.2021172046661377,-3.1293223082558272
866,Enjoys swimming at local pools,Prefers not to swim at local pools,0.24007855355739594,0.3022608458995819,1.9006766080856323,0.5113462805747986,0.9362918138504028,1.5851784944534302,2.394591808319092,0.4939152002334595,1.8832455277442932,0.2385152280330658,0.2372264713048935,0.2352377474308014,0.2322603464126587,-0.007818207144737244,0.3008539080619812,-0.001406937837600708,0.21954505145549774,0.2253059595823288,0.5113462805747986,1.3573802709579468,-1.654522624926754
158,Enjoys birdwatching in local parks,Dislikes birdwatching in local parks,0.19564057886600494,0.21533405780792236,1.482711672782898,0.9211627244949341,1.6519659757614136,2.7192938327789307,3.9860236644744873,2.5033119916915894,3.0648609399795532,0.19358821213245392,0.19146829843521118,0.1873263120651245,0.18180017173290253,-0.013840407133102417,0.22610343992710114,0.010769382119178772,0.2655973434448242,0.26795434951782227,0.9211627244949341,1.1328240633010864,-0.22977627424319036
210,Occasional acid reflux managed with over-the-counter medication,No history of acid reflux.,0.17308636009693146,0.2891995310783386,1.8126057386398315,0.8320603966712952,1.4970444440841675,2.447514057159424,3.4927914142608643,1.6801856756210327,2.660731017589569,0.180744469165802,0.18708360195159912,0.19554217159748077,0.20329007506370544,0.030203714966773987,0.2942444980144501,0.00504496693611145,0.2663871645927429,0.2717140316963196,0.8320603966712952,1.5075486898422241,-0.811826035553739
199,Mild eczema flare-ups linked to dry winter air,Mild eczema improvements during humid summer months,0.3057098090648651,0.20257876813411713,1.7204314470291138,0.22538362443447113,0.4251807630062103,0.7693448066711426,1.2940053939819336,-0.4264260530471802,1.0686217695474625,0.30618882179260254,0.3065599799156189,0.3070859909057617,0.30762621760368347,0.0019164085388183594,0.190837100148201,-0.011741667985916138,0.05465632677078247,0.05240830034017563,0.22538362443447113,1.2126656770706177,-4.3804515750131285
174,Travels using budget airlines for short trips,Travels using full-service airlines for short trips,0.33199790120124817,0.42721250653266907,1.9023469686508179,1.0018669366836548,1.7369601726531982,2.7109367847442627,3.6998450756073,1.797498106956482,2.697978138923645,0.3331497013568878,0.3332005441188812,0.33187204599380493,0.32835158705711365,-0.0036463141441345215,0.4098036289215088,-0.01740887761116028,0.28256481885910034,0.28347986936569214,1.0018669366836548,1.44820237159729,-0.4455037076990278
309,Enjoys loud punk rock concerts,Enjoys quiet acoustic music sessions,0.2689841091632843,0.19270703196525574,1.964309811592102,1.028821349143982,1.821260690689087,2.9267523288726807,4.099402904510498,2.135093092918396,3.070581555366516,0.2654488682746887,0.26319748163223267,0.2617200016975403,0.26349812746047974,-0.005485981702804565,0.1906500905752182,-0.0020569413900375366,0.28003984689712524,0.28155043721199036,1.028821349143982,1.5240392684936523,-0.48134490964997023
867,Enjoys star-gazing on clear nights,Prefers staying indoors at night,0.22133471071720123,0.2564220130443573,1.6531922817230225,0.7044548392295837,1.283923625946045,2.1677253246307373,3.266021490097046,1.6128292083740234,2.561566650867462,0.22932851314544678,0.23645514249801636,0.24843323230743408,0.2637557089328766,0.042420998215675354,0.2368142455816269,-0.019607767462730408,0.2683679461479187,0.2624223232269287,0.7044548392295837,1.2984139919281006,-0.8431472390027035
542,Enjoys dancing at parties,Dislikes dancing at parties,0.296468585729599,0.3306894302368164,1.580019474029541,0.1882222294807434,0.369669109582901,0.7128859162330627,1.3270314931869507,-0.25298798084259033,1.1388092637062073,0.2999642491340637,0.3033141493797302,0.3094506561756134,0.31925755739212036,0.022788971662521362,0.36606621742248535,0.035376787185668945,0.033672623336315155,0.03333642706274986,0.1882222294807434,0.9850159287452698,-4.23326034051703
277,Family history of type 2 diabetes on maternal side,No family history of type 2 diabetes on maternal side,0.5930788516998291,0.6993094086647034,1.947703242301941,0.09444351494312286,0.1886744499206543,0.37611502408981323,0.7455472946166992,-1.2021559476852417,0.6511037796735764,0.5930511951446533,0.5929960012435913,0.5927953720092773,0.5920370817184448,-0.0010417699813842773,0.6991098523139954,-0.0001995563507080078,0.03873274475336075,0.039609797298908234,0.09444351494312286,1.221044659614563,-11.928835403361662
998,Prefers text-based communication to voice calls,Prefers voice calls to text-based communication,0.15494504570960999,0.17908424139022827,1.7395435571670532,1.2301357984542847,2.171049118041992,3.47629976272583,4.9299092292785645,3.1903656721115112,3.69977343082428,0.14922434091567993,0.1457972675561905,0.14354343712329865,0.1471213549375534,-0.00782369077205658,0.1774156391620636,-0.0016686022281646729,0.2551208734512329,0.2541666030883789,1.2301357984542847,1.1807140111923218,0.04017587921924015
209,Enjoys reading mystery novels,Enjoys reading romance novels,0.24622532725334167,0.18939948081970215,2.02420973777771,1.35618257522583,2.358829975128174,3.6176769733428955,4.687894344329834,2.663684606552124,3.331711769104004,0.23392046988010406,0.2324681580066681,0.23690660297870636,0.24607153236865997,-0.00015379488468170166,0.1719798445701599,-0.017419636249542236,0.25854605436325073,0.2710855007171631,1.35618257522583,1.989908218383789,-0.4672863777595959
559,Family history of type 2 diabetes on maternal side,No family history of type 2 diabetes on maternal side,0.3761686682701111,0.2172214686870575,1.8528542518615723,1.0215402841567993,1.8039143085479736,2.8905293941497803,4.020905017852783,2.168050765991211,2.999364733695984,0.3869485557079315,0.3944389224052429,0.4022918939590454,0.40792393684387207,0.031755268573760986,0.23766469955444336,0.020443230867385864,0.2809542119503021,0.2703498601913452,1.0215402841567993,1.4001878499984741,-0.37066337149319417
101,Keeps up with current events,Uninterested in current events,0.4061230421066284,0.13192211091518402,2.1163790225982666,1.3968548774719238,2.415860176086426,3.7728030681610107,5.166744232177734,3.0503652095794678,3.7698893547058105,0.4183708429336548,0.431711882352829,0.4522430896759033,0.4762154221534729,0.07009238004684448,0.1378006786108017,0.005878567695617676,0.2859653830528259,0.2856006622314453,1.3968548774719238,1.4634521007537842,-0.047676551341103046
879,Enjoys exploring bookstores,Does not enjoy exploring bookstores,0.290340393781662,0.18187466263771057,2.0253195762634277,0.9227696657180786,1.6557177305221558,2.735085964202881,4.040622234344482,2.0153026580810547,3.117852568626404,0.2846152186393738,0.27696579694747925,0.25870588421821594,0.22504517436027527,-0.06529521942138672,0.20749951899051666,0.02562485635280609,0.2391911745071411,0.25490280985832214,0.9227696657180786,1.3640140295028687,-0.47817389341837924
351,Occasional acid reflux controlled through diet adjustments,Frequent acid reflux requiring medical management,0.29736950993537903,0.23678447306156158,1.4439435005187988,0.43960654735565186,0.7875913977622986,1.292245626449585,1.8874799013137817,0.4435364007949829,1.4478733539581299,0.29669860005378723,0.29621753096580505,0.2956501543521881,0.29548126459121704,-0.0018882453441619873,0.2370373159646988,0.00025284290313720703,0.2661951184272766,0.2697891294956207,0.43960654735565186,1.1063923835754395,-1.5167786745458605
837,Maintains a bird feeder in the backyard,Does not maintain a bird feeder in the backyard,0.27237439155578613,0.23537644743919373,1.451830506324768,0.6550696492195129,1.1921896934509277,2.0189783573150635,3.078411102294922,1.6265805959701538,2.423341453075409,0.272621214389801,0.27279067039489746,0.2730097770690918,0.2732965350151062,0.0009221434593200684,0.23080575466156006,-0.004570692777633667,0.2673816978931427,0.268268346786499,0.6550696492195129,1.1552035808563232,-0.7634820697809739
989,Enjoys watching hockey games on TV,Does not enjoy watching hockey games on TV.,0.21491916477680206,0.28661271929740906,1.1986387968063354,1.4872838258743286,2.5982179641723633,4.065528392791748,5.463164806365967,4.264526009559631,3.975880980491638,0.2316311001777649,0.24241940677165985,0.2504911720752716,0.25136318802833557,0.03644402325153351,0.28935590386390686,0.0027431845664978027,0.25766316056251526,0.25665825605392456,1.4872838258743286,1.0370445251464844,0.302725877129177
764,Likes pop music from K-pop and J-pop groups,Dislikes pop music from K-pop and J-pop groups,0.2374005913734436,0.1565360575914383,1.4391294717788696,0.8661440014839172,1.5197778940200806,2.406562089920044,3.307731866836548,1.8686023950576782,2.4415878653526306,0.23230618238449097,0.22790822386741638,0.22230994701385498,0.21843022108078003,-0.018970370292663574,0.1525692194700241,-0.003966838121414185,0.2723221182823181,0.2675076127052307,0.8661440014839172,1.141869306564331,-0.31833656367535723
670,Keeps indoor plants for air purification,Does not keep indoor plants for air purification.,0.2648581862449646,0.12648794054985046,1.998474359512329,0.8680168390274048,1.5787895917892456,2.6500704288482666,3.9421308040618896,1.9436564445495605,3.074113965034485,0.2641851007938385,0.2635999917984009,0.26212504506111145,0.25879427790641785,-0.006063908338546753,0.10937393456697464,-0.017114005982875824,0.28789281845092773,0.28844916820526123,0.8680168390274048,1.4128923416137695,-0.6277245763997927
54,Keeps a small collection of houseplants,Does not keep houseplants,0.3376266658306122,0.38201484084129333,1.8195641040802002,0.5323296189308167,0.9755125045776367,1.674013376235962,2.6294991970062256,0.8099350929260254,2.097169578075409,0.336672306060791,0.3354838490486145,0.3329731225967407,0.3291438817977905,-0.008482784032821655,0.35663995146751404,-0.025374889373779297,0.28005701303482056,0.2798900008201599,0.5323296189308167,1.253676176071167,-1.355074997685032
636,Watches cooking shows on TV or online,Does not watch cooking shows on TV or online,0.33171215653419495,0.3981498181819916,1.9555050134658813,0.9686633944511414,1.7180111408233643,2.7797579765319824,4.0164594650268555,2.060954451560974,3.047796070575714,0.33965933322906494,0.3450492322444916,0.34911414980888367,0.342612087726593,0.010899931192398071,0.4197670817375183,0.021617263555526733,0.2464369535446167,0.2222416251897812,0.9686633944511414,1.6557377576828003,-0.7093014634056294
621,Enjoys photography as a hobby,Does not enjoy photography as a hobby,0.32126906514167786,0.3444552719593048,1.5297234058380127,1.241005539894104,2.2128660678863525,3.56973934173584,4.913559913635254,3.383836507797241,3.67255437374115,0.3251020312309265,0.3303605020046234,0.3403107821941376,0.35117387771606445,0.029904812574386597,0.2889966368675232,-0.055458635091781616,0.28090131282806396,0.271750271320343,1.241005539894104,1.334299921989441,-0.07517644288944747
617,Diagnosed with hypertension and taking daily medication,Not diagnosed with hypertension and not taking daily medication,0.20552456378936768,0.30486196279525757,2.154792070388794,0.9836307168006897,1.723504900932312,2.7165863513946533,3.7070655822753906,1.5522735118865967,2.723434865474701,0.20062948763370514,0.19560755789279938,0.18764594197273254,0.17972204089164734,-0.025802522897720337,0.27772751450538635,-0.027134448289871216,0.2655778229236603,0.2680622339248657,0.9836307168006897,1.7384856939315796,-0.7674170440570371
924,Volunteers at veterans’ organizations,Does not volunteer at veterans’ organizations,0.17679716646671295,0.16820505261421204,2.1077873706817627,0.990935206413269,1.751869797706604,2.8180999755859375,3.9794681072235107,1.871680736541748,2.9885329008102417,0.17469361424446106,0.17241981625556946,0.16752703487873077,0.15878893435001373,-0.01800823211669922,0.1753568798303604,0.0071518272161483765,0.277189701795578,0.2783823013305664,0.990935206413269,1.6458230018615723,-0.6608785228437859
221,Likes watching nature documentaries,Dislikes watching nature documentaries,0.2913138270378113,0.2585526704788208,1.568463921546936,1.1806318759918213,2.068251848220825,3.272747039794922,4.504619121551514,2.9361552000045776,3.3239872455596924,0.2879455089569092,0.28482142090797424,0.27882447838783264,0.2702585458755493,-0.021055281162261963,0.21735523641109467,-0.041197434067726135,0.25753629207611084,0.2387370467185974,1.1806318759918213,1.3066786527633667,-0.10676213249422606
938,Enjoys classical music performances,Dislikes classical music performances,0.3080331087112427,0.3574720025062561,2.2028472423553467,1.042881727218628,1.8687019348144531,3.039233446121216,4.342613220214844,2.139765977859497,3.299731492996216,0.31068599224090576,0.31343233585357666,0.31917673349380493,0.3296333849430084,0.021600276231765747,0.4203833341598511,0.06291133165359497,0.266374409198761,0.2712404131889343,1.042881727218628,1.4973629713058472,-0.43579365926692715
741,Enjoys abstract modern art over traditional landscapes,Enjoys traditional landscapes over abstract modern art,0.4901643395423889,0.2152021825313568,1.6870789527893066,1.211029291152954,2.1339685916900635,3.396763801574707,4.664299488067627,2.9772205352783203,3.453270196914673,0.4840485453605652,0.4784545600414276,0.46887511014938354,0.46041280031204224,-0.02975153923034668,0.2539381980895996,0.0387360155582428,0.2581835091114044,0.25959908962249756,1.211029291152954,1.14535653591156,0.05422887433124812
298,Plays video games with his kids occasionally,Does not play video games with his kids.,0.2975696325302124,0.2245425581932068,1.7142261266708374,1.4927583932876587,2.6068005561828613,4.023768424987793,5.228179454803467,3.5139533281326294,3.735421061515808,0.30551475286483765,0.30928146839141846,0.3111247718334198,0.30975592136383057,0.012186288833618164,0.18875186145305634,-0.03579069674015045,0.26619231700897217,0.276151180267334,1.4927583932876587,1.6771676540374756,-0.12353590613124799
137,Enjoys attending theater plays,Does not enjoy attending theater plays,0.24311396479606628,0.2109898030757904,1.8482370376586914,0.9432003498077393,1.7174537181854248,2.886704206466675,4.254743576049805,2.4065065383911133,3.3115432262420654,0.23845623433589935,0.23426461219787598,0.226241797208786,0.21169579029083252,-0.031418174505233765,0.1891368329524994,-0.021852970123291016,0.20610292255878448,0.19271665811538696,0.9432003498077393,1.323233723640442,-0.402919034020893
948,Previous right knee ligament strain from a cycling accident,Previous left knee ligament strain from a cycling accident,0.35226455330848694,0.23636887967586517,1.740185022354126,0.492199569940567,0.8888737559318542,1.4903603792190552,2.2744574546813965,0.5342724323272705,1.7822578847408295,0.3553296625614166,0.3586728572845459,0.365163654088974,0.3753666281700134,0.02310207486152649,0.2362203150987625,-0.00014856457710266113,0.26565831899642944,0.25783616304397583,0.492199569940567,1.316933512687683,-1.6756088243772798
432,Mild exercise-induced asthma managed without daily medication,Mild exercise-induced asthma requiring daily medication,0.28967687487602234,0.35117897391319275,1.8780598640441895,0.20841550827026367,0.40634018182754517,0.7680880427360535,1.3675003051757812,-0.5105595588684082,1.1590847969055176,0.2889326512813568,0.2882463335990906,0.2870178818702698,0.28493940830230713,-0.00473746657371521,0.3514831066131592,0.00030413269996643066,0.07228591293096542,0.07433928549289703,0.20841550827026367,1.279726505279541,-5.140265260971129
139,Follows North American baseball,Does not follow North American baseball,0.208060622215271,0.20350055396556854,2.210132598876953,1.2965055704116821,2.248751640319824,3.453211545944214,4.597582817077637,2.3874502182006836,3.3010772466659546,0.21985265612602234,0.2324620932340622,0.2469373643398285,0.25098538398742676,0.04292476177215576,0.2114557921886444,0.007955238223075867,0.26909077167510986,0.2674829661846161,1.2965055704116821,1.1558735370635986,0.10847005717332037
635,Likes karaoke with friends on weekends,Dislikes karaoke with friends on weekends,0.3106255829334259,0.18456323444843292,1.7954665422439575,0.45721256732940674,0.8530221581459045,1.5063637495040894,2.437206268310547,0.6417397260665894,1.9799937009811401,0.30952247977256775,0.3084954023361206,0.30629467964172363,0.3010559380054474,-0.009569644927978516,0.1735466569662094,-0.01101657748222351,0.15128517150878906,0.17047883570194244,0.45721256732940674,1.3279495239257812,-1.904446681512665
254,Follows Latin pop artists on social media,Does not follow Latin pop artists on social media,0.19831858575344086,0.1521449238061905,1.9362270832061768,1.1216754913330078,1.9629344940185547,3.0827910900115967,4.157351970672607,2.2211248874664307,3.0356764793395996,0.19802094995975494,0.19695065915584564,0.19345514476299286,0.1851576715707779,-0.013160914182662964,0.14337240159511566,-0.008772522211074829,0.28852835297584534,0.28998735547065735,1.1216754913330078,1.3476966619491577,-0.20150317303228626
39,Collects interesting postcards from travels,Does not collect postcards from travels,0.1528322696685791,0.15381984412670135,2.1228392124176025,0.5633426308631897,1.0059694051742554,1.6512223482131958,2.4098167419433594,0.28697752952575684,1.8464741110801697,0.15952378511428833,0.164627343416214,0.17066465318202972,0.1744871735572815,0.021654903888702393,0.16820009052753448,0.01438024640083313,0.28275662660598755,0.28643932938575745,0.5633426308631897,1.5432460308074951,-1.739444782374866
652,Keeps annual handwritten journals,Keeps digital annual journals,0.24763117730617523,0.2568143606185913,2.302083730697632,0.6515394449234009,1.1877877712249756,2.021620750427246,3.115797996520996,0.8137142658233643,2.464258551597595,0.24579636752605438,0.24406035244464874,0.24115461111068726,0.23738513886928558,-0.010246038436889648,0.261308878660202,0.004494518041610718,0.2677968442440033,0.27291178703308105,0.6515394449234009,1.777109980583191,-1.7275554756199285
513,Supports women’s empowerment campaigns,Does not support women’s empowerment campaigns,0.40387654304504395,0.2973596751689911,1.7547566890716553,0.7635915279388428,1.387837290763855,2.319201946258545,3.4179320335388184,1.663175344467163,2.6543405055999756,0.40649908781051636,0.40879279375076294,0.41294339299201965,0.41859376430511475,0.0147172212600708,0.311648428440094,0.014288753271102905,0.17415644228458405,0.1965360790491104,0.7635915279388428,1.511559009552002,-0.9795387379848786
78,Mild seasonal allergic rhinitis triggered by pollen,No seasonal allergic rhinitis triggered by pollen,0.32378825545310974,0.21281951665878296,1.820440411567688,0.5885142087936401,1.0966784954071045,1.9125757217407227,2.9756040573120117,1.1551636457443237,2.3870898485183716,0.32600411772727966,0.3282659649848938,0.3322056233882904,0.3374577462673187,0.013669490814208984,0.20465925335884094,-0.008160263299942017,0.20442038774490356,0.20833709836006165,0.5885142087936401,1.325236201286316,-1.2518338240343216
543,Knee pain from a past sports injury in college,No history of knee pain or past sports injuries,0.5290762782096863,0.47541067004203796,1.803537368774414,0.6700910329818726,1.283373475074768,2.3049564361572266,3.583488702774048,1.7799513339996338,2.9133976697921753,0.5335645079612732,0.5364121794700623,0.5396366715431213,0.5428276062011719,0.013751327991485596,0.49783384799957275,0.02242317795753479,0.15232746303081512,0.16600212454795837,0.6700910329818726,1.4632014036178589,-1.183586007869235
816,Follows cycling events for leisure,Does not follow cycling events for leisure,0.2136169672012329,0.35953009128570557,1.6645692586898804,1.1225697994232178,1.988682508468628,3.171717405319214,4.321023941040039,2.6564546823501587,3.1984541416168213,0.2108534872531891,0.20893920958042145,0.21009808778762817,0.213584303855896,-3.266334533691406e-05,0.34789568185806274,-0.011634409427642822,0.27591076493263245,0.2734643220901489,1.1225697994232178,1.4449392557144165,-0.28717096830578726
445,Likes attending wine tasting events,Dislikes attending wine tasting events,0.2018306404352188,0.562839686870575,1.7186942100524902,1.0079562664031982,1.8755542039871216,3.240746259689331,4.860748767852783,3.142054557800293,3.852792501449585,0.1984131634235382,0.19327190518379211,0.18326573073863983,0.18266360461711884,-0.019167035818099976,0.524480938911438,-0.03835874795913696,0.26949071884155273,0.27725106477737427,1.0079562664031982,1.3540831804275513,-0.34339477372314575
425,Attends agricultural fairs and exhibitions,Does not attend agricultural fairs and exhibitions,0.28289058804512024,0.4621884226799011,1.7685908079147339,1.6468043327331543,2.887773036956787,4.497666358947754,5.902271747589111,4.133680939674377,4.255467414855957,0.28010764718055725,0.2767896354198456,0.2701414227485657,0.26551932096481323,-0.017371267080307007,0.47194769978523254,0.009759277105331421,0.27571427822113037,0.27052778005599976,1.6468043327331543,1.5787371397018433,0.04133289649435268
589,Regularly donates books to the library,Does not donate books to the library,0.228779599070549,0.14941905438899994,2.0642755031585693,0.8102065920829773,1.5008131265640259,2.6133084297180176,4.043555736541748,1.9792802333831787,3.2333491444587708,0.22732123732566833,0.22540542483329773,0.22172880172729492,0.21575504541397095,-0.013024553656578064,0.15575458109378815,0.006335526704788208,0.22241896390914917,0.24830730259418488,0.8102065920829773,1.4044761657714844,-0.7334790650871981
892,Likes both sunny and rainy days for different moods,Dislikes both sunny and rainy days.,0.24221594631671906,0.15189188718795776,1.6381804943084717,1.1290602684020996,1.9961167573928833,3.207592725753784,4.540034294128418,2.9018537998199463,3.4109740257263184,0.23962658643722534,0.23811934888362885,0.23536403477191925,0.23148797452449799,-0.01072797179222107,0.15325553715229034,0.0013636499643325806,0.2871185839176178,0.28693950176239014,1.1290602684020996,1.2274665832519531,-0.08715771655761384
820,Enjoys watching boxing matches,Does not enjoy watching boxing matches,0.16975341737270355,0.46886420249938965,1.6952544450759888,0.643316388130188,1.1756682395935059,1.9825316667556763,2.9995810985565186,1.3043266534805298,2.3562647104263306,0.1727011501789093,0.17538917064666748,0.18024307489395142,0.18705624341964722,0.017302826046943665,0.517794132232666,0.04892992973327637,0.15791961550712585,0.16528131067752838,0.643316388130188,1.3105465173721313,-1.0371725974232695
377,Is a fan of contemporary American poetry,Is not a fan of contemporary American poetry,0.2757236659526825,0.149326890707016,2.4572556018829346,1.3779370784759521,2.3821728229522705,3.6390621662139893,4.73865270614624,2.2813971042633057,3.360715627670288,0.27241313457489014,0.27009832859039307,0.26634910702705383,0.2623938322067261,-0.013329833745956421,0.1347283273935318,-0.014598563313484192,0.27507850527763367,0.27858471870422363,1.3779370784759521,2.1712818145751953,-0.5757481589628977
947,Enjoys watching the waves at the beach,Enjoys spending time in the mountains,0.3779660165309906,0.2494419813156128,1.3891414403915405,0.94001704454422,1.6799954175949097,2.7481446266174316,3.951331853866577,2.5621904134750366,3.011314809322357,0.3778008222579956,0.37732911109924316,0.3758011758327484,0.37266793847084045,-0.0052980780601501465,0.26019030809402466,0.010748326778411865,0.2601582109928131,0.25726330280303955,0.94001704454422,1.0739786624908447,-0.1425097754600586
310,Attends yoga classes regularly,Does not attend yoga classes regularly.,0.36944228410720825,0.2561589777469635,1.8557026386260986,0.7806824445724487,1.4065130949020386,2.3246655464172363,3.3987436294555664,1.5430409908294678,2.6180611848831177,0.3736645579338074,0.3764497637748718,0.3797984719276428,0.3814743161201477,0.012032032012939453,0.24996517598628998,-0.006193801760673523,0.24824702739715576,0.24714705348014832,0.7806824445724487,1.456534504890442,-0.8657195573138994
845,Underwent laparoscopic surgery for gallstones in her late twenties,Has not undergone laparoscopic surgery for gallstones in her late twenties.,0.20938824117183685,0.2257169634103775,1.9207414388656616,0.6094537377357483,1.1112253665924072,1.9090147018432617,3.0812594890594482,1.1605180501937866,2.4718057513237,0.20815563201904297,0.20730066299438477,0.20616133511066437,0.20459236204624176,-0.004795879125595093,0.2063205987215042,-0.01939636468887329,0.19007635116577148,0.22027131915092468,0.6094537377357483,1.4153645038604736,-1.3223493699765583
499,History of gallbladder removal surgery in his late 30s,No history of gallbladder removal surgery in his late 30s,0.1744355708360672,0.24961602687835693,1.268811821937561,0.957129180431366,1.7725740671157837,3.0127806663513184,4.420581817626953,3.151769995689392,3.463452637195587,0.17356222867965698,0.17297516763210297,0.1719456911087036,0.17042307555675507,-0.004012495279312134,0.22248271107673645,-0.027133315801620483,0.12536317110061646,0.18667854368686676,0.957129180431366,1.2985020875930786,-0.35666335761266854
436,Enjoys photography during travels,Does not enjoy photography during travels,0.26343461871147156,0.41584911942481995,1.9414417743682861,1.5142693519592285,2.649400472640991,4.180065155029297,5.779215335845947,3.837773561477661,4.264945983886719,0.2593946158885956,0.2537602484226227,0.24864161014556885,0.24523957073688507,-0.018195047974586487,0.46057069301605225,0.0447215735912323,0.25584307312965393,0.25827017426490784,1.5142693519592285,1.437194585800171,0.050898980461656196
