user_id,query_index,mode,correct,nll,brier,p_true
521,0,reset,1,0.8718737038654254,0.4782291255505102,0.4181672930717468
521,1,reset,1,0.11291448543982281,0.017926825973649224,0.8932270407676697
521,2,reset,1,0.49288690935936014,0.22688567290796574,0.6108603477478027
521,3,reset,1,0.8189973519965843,0.426413138850668,0.44087347388267517
521,4,reset,0,0.9813284671572944,0.6143910933069491,0.3748128414154053
521,5,reset,1,0.16717707286388875,0.03907557678493339,0.8460497856140137
521,6,reset,1,0.5845462927032706,0.3513002692086458,0.5573586821556091
737,0,reset,1,0.9076051825185628,0.5265216825069263,0.403489351272583
737,1,reset,1,0.7033835628256868,0.46875798815973535,0.4949079155921936
737,2,reset,0,1.42771011715426,1.029558807433761,0.2398575395345688
737,3,reset,0,1.4168266035524195,0.9633066767536739,0.2424822896718979
740,0,reset,1,0.5847815911756542,0.3126782499242398,0.5572275519371033
740,1,reset,0,1.9096744708245121,1.0176700096202744,0.14812859892845154
740,2,reset,0,1.2421118889306502,0.9169331656043072,0.28877371549606323
740,3,reset,1,0.04960916925854815,0.003355988684676234,0.9516012668609619
740,4,reset,1,0.31835642381986695,0.11730012450107385,0.7273434996604919
740,5,reset,1,0.9609651717089637,0.5432066654449832,0.3825235068798065
740,6,reset,0,2.7067275773692296,1.2826590265065585,0.06675489991903305
740,7,reset,1,0.20807470180975604,0.049852949466121343,0.8121463656425476
660,0,reset,0,2.410641674295711,1.275483843145832,0.08975768089294434
660,1,reset,0,1.275126224185257,0.7290962797071139,0.2793956995010376
660,2,reset,1,0.5682277871967882,0.2599842052845187,0.5665285587310791
660,3,reset,0,1.4569321359663674,0.8381201402772314,0.23294983804225922
660,4,reset,1,0.18657048753056174,0.03871595148106681,0.8298000693321228
411,0,reset,0,1.398979851896904,1.0525571950705994,0.24684865772724152
411,1,reset,1,0.5719418663089119,0.25718466793710354,0.5644283294677734
411,2,reset,1,0.0651591105953463,0.005474242446576894,0.9369183778762817
411,3,reset,1,0.9174293666519787,0.4835374855235346,0.3995448052883148
411,4,reset,1,0.16871506254100935,0.03303683648149326,0.8447495698928833
678,0,reset,1,0.2854309168496008,0.0939240584998832,0.7516902685165405
678,1,reset,1,0.006193345968494621,7.316223952879292e-05,0.9938257932662964
678,2,reset,0,1.3664714170272596,0.7402902603509318,0.2550051808357239
678,3,reset,0,0.9744495383992408,0.5847519946285111,0.3774000406265259
678,4,reset,1,0.6680357600534594,0.31742157599044973,0.512714684009552
626,0,reset,1,0.6885924493710689,0.33917261626351475,0.5022825598716736
626,1,reset,0,0.9706343267436975,0.5668958068022107,0.37884265184402466
626,2,reset,1,0.4471636041413483,0.1775542289787258,0.6394392848014832
626,3,reset,1,0.3095523227158458,0.11380650299539927,0.7337753772735596
626,4,reset,1,0.6788522209379894,0.36116897138735604,0.5071988105773926
626,5,reset,0,1.6372792215137022,0.8952541717426616,0.19450853765010834
626,6,reset,1,1.1822323912707287,0.6512462943283541,0.30659353733062744
513,0,reset,1,0.6430173659256069,0.305746250440627,0.5257037878036499
513,1,reset,1,0.6073049364596543,0.3273072751295217,0.5448172092437744
513,2,reset,0,3.6894549386059095,1.858090550536142,0.02498561702668667
513,3,reset,0,1.128151336337359,0.6513006198324378,0.3236309885978699
513,4,reset,0,1.7830078898855184,1.2925697958902997,0.16813166439533234
513,5,reset,0,1.11709588789749,0.7737760005717984,0.32722872495651245
513,6,reset,0,1.8827228687588173,1.1811622002138948,0.1521751880645752
859,0,reset,1,0.7144088979813209,0.4149549498001966,0.4894813597202301
859,1,reset,1,0.23735174531952505,0.06908965037873227,0.788713812828064
859,2,reset,0,1.674681367826414,0.9581310312408404,0.18736787140369415
859,3,reset,1,0.03897040020775255,0.00221557221562646,0.9617791771888733
859,4,reset,1,0.739162551680915,0.39278631653613205,0.4775136411190033
859,5,reset,1,0.011322520239002863,0.00017834603611381551,0.9887413382530212
859,6,reset,1,0.0789128844713983,0.009043122144515097,0.9241204261779785
136,0,reset,0,1.0940843173715913,0.6896417780330308,0.3348460793495178
136,1,reset,0,2.524066148460556,1.1683076417628002,0.0801331102848053
136,2,reset,1,0.5990280470375148,0.2886986779324473,0.5493453145027161
136,3,reset,1,0.13746286748963873,0.02253075644747715,0.8715667128562927
136,4,reset,1,0.48628817361844817,0.2146642636488827,0.6149045825004578
136,5,reset,0,1.8106213740527943,1.0162843850307823,0.16355247795581818
811,0,reset,1,1.0091669551548268,0.5659221646490677,0.3645225167274475
811,1,reset,1,1.3862943611198906,0.75,0.25
811,2,reset,1,0.6835625798608396,0.3447835147838356,0.5048153400421143
811,3,reset,0,1.3862943611198906,0.75,0.25
811,4,reset,0,1.3212870699340433,0.7505487013982552,0.2667917013168335
811,5,reset,0,1.7449940114695943,1.0532334679825186,0.1746460348367691
76,0,reset,0,1.3862943611198906,0.75,0.25
76,1,reset,0,1.3293945390382063,0.777758257407283,0.26463744044303894
76,2,reset,1,1.0133289492692563,0.5644267642075276,0.3630085289478302
76,3,reset,1,1.381410263037406,0.7475699634160826,0.25122401118278503
76,4,reset,1,0.0855616729391073,0.01191651893586557,0.9179965257644653
76,5,reset,1,0.23514574109593545,0.07271599487137775,0.7904556393623352
76,6,reset,0,1.3984688068124873,0.7561601143774987,0.24697484076023102
76,7,reset,0,1.664094807398677,0.9312457491588813,0.18936198949813843
76,8,reset,1,0.3220569230032503,0.10181583101453151,0.7246569395065308
636,0,reset,1,0.20397159214620356,0.049398413319854007,0.8154855370521545
636,1,reset,1,0.03024136824849253,0.0015122913638420026,0.9702113270759583
636,2,reset,0,1.3862943611198906,0.75,0.25
636,3,reset,1,0.5094781358933653,0.2564929156939769,0.6008090376853943
636,4,reset,1,0.39556610112192003,0.16178009956320263,0.6732987761497498
636,5,reset,0,1.3694302504662692,0.7417133892961276,0.25425177812576294
636,6,reset,0,1.41429176615164,0.7643762682858695,0.243097722530365
973,0,reset,1,0.78195094654148,0.4327685509234409,0.4575125575065613
973,1,reset,1,0.45639483006966497,0.19138997113288486,0.6335636377334595
973,2,reset,0,1.5876349258329339,0.8886302190394233,0.20440848171710968
973,3,reset,1,0.8601228556777162,0.4993815083546004,0.42311009764671326
973,4,reset,1,0.6781724967909987,0.38882417374990275,0.507543683052063
973,5,reset,1,0.8029483120483247,0.4624075574524989,0.44800615310668945
938,0,reset,1,0.04084436886409146,0.0021623810091966735,0.9599785208702087
938,1,reset,0,2.171582515290911,1.1349541740202602,0.11399707198143005
938,2,reset,0,2.2366115482203406,1.1177950140355575,0.10681984573602676
938,3,reset,1,0.3676316886260646,0.1380630404951549,0.6923721432685852
938,4,reset,1,0.3073080185796538,0.11105862862644492,0.7354240417480469
938,5,reset,0,1.483905935595771,0.8385358204534958,0.22675028443336487
938,6,reset,0,1.6237445059659077,0.8615798989641192,0.1971590518951416
938,7,reset,1,0.2376921037482747,0.06689558813111368,0.7884454131126404
899,0,reset,1,0.5618557637670586,0.26884965275078115,0.5701500177383423
899,1,reset,0,1.3714790526938958,0.8132210649289349,0.2537313997745514
899,2,reset,1,0.5789184402829206,0.3141382031576617,0.5605042576789856
899,3,reset,1,0.3783659354474216,0.149526562841019,0.6849797964096069
899,4,reset,0,1.6332981108707414,1.0659328951483902,0.19528444111347198
899,5,reset,1,0.56291711485971,0.27350354879536926,0.5695452094078064
899,6,reset,1,0.4461401730725629,0.18209863174150842,0.6400940418243408
899,7,reset,0,1.2559054447032059,0.8248490785665645,0.2848178446292877
899,8,reset,0,1.2661800859714274,0.7040849422440589,0.2819064259529114
280,0,reset,1,0.05514257033726309,0.004917280811044195,0.9463502168655396
280,1,reset,0,2.455185451386188,1.1837270944173173,0.08584727346897125
280,2,reset,1,0.9515932830519611,0.5441209867400796,0.3861253261566162
883,0,reset,0,1.8526647099663511,1.1845094349858578,0.15681873261928558
883,1,reset,1,0.49752768829232674,0.21001827156325442,0.6080320477485657
883,2,reset,0,1.4250898879214147,0.7701123354863897,0.24048684537410736
883,3,reset,0,1.3696726820989231,0.7427537687872319,0.2541901469230652
883,4,reset,0,1.3862943611198906,0.75,0.25
883,5,reset,0,1.3862943611198906,0.75,0.25
761,0,reset,1,0.42628851548423224,0.1977316995380722,0.6529279351234436
761,1,reset,1,0.3706254707765143,0.1328592402886613,0.6903024315834045
761,2,reset,0,1.2912304113222326,0.7839665488265699,0.27493229508399963
761,3,reset,1,0.900702185399369,0.4763104971029417,0.40628427267074585
761,4,reset,1,0.19255962516271466,0.04252280941576492,0.8248451352119446
761,5,reset,0,1.230362170632219,0.6843493001774743,0.2921867370605469
761,6,reset,1,0.9033177165851481,0.5202458650294219,0.40522301197052
761,7,reset,1,0.5032047387483324,0.21924128938507814,0.6045899987220764
319,0,reset,0,1.4151511514809814,0.7680140835267535,0.2428888976573944
319,1,reset,0,1.705618818233313,0.8966707017590372,0.18165993690490723
319,2,reset,1,0.5767331803939321,0.27554427257752084,0.5617304444313049
549,0,reset,1,0.44508225402898827,0.1843070182155076,0.6407715678215027
549,1,reset,1,0.9080523660547377,0.4981907536625849,0.4033089578151703
549,2,reset,1,0.2465000353327667,0.0715731846505562,0.7815313339233398
549,3,reset,1,0.6231458144533563,0.3126329096088841,0.5362548232078552
549,4,reset,1,0.7184086622129559,0.37692986279650964,0.487527459859848
549,5,reset,1,0.2769249156276022,0.0867145664513696,0.7581114172935486
549,6,reset,1,0.05304351246863746,0.0038428587095302585,0.9483387470245361
549,7,reset,1,0.7487735197805355,0.4134260536790484,0.47294625639915466
174,0,reset,1,0.32682202536731597,0.10903485812223113,0.7212120890617371
174,1,reset,1,0.2206071508956304,0.05260748689517991,0.8020316958427429
174,2,reset,1,0.2968625893984669,0.10524533431781148,0.7431461215019226
174,3,reset,0,1.2516560972012287,0.7794604859786164,0.28603070974349976
371,0,reset,1,1.3862943611198906,0.75,0.25
371,1,reset,1,0.9671037093729241,0.5553109082209011,0.38018256425857544
371,2,reset,1,0.01977958440599898,0.0005234925967870945,0.9804147481918335
371,3,reset,0,1.1964583988129962,0.6782511991376401,0.3022628128528595
371,4,reset,1,0.6376832250797316,0.34438873586631824,0.5285154581069946
371,5,reset,1,0.27043825474461736,0.08185746938181239,0.7630450129508972
527,0,reset,0,1.0769413890855497,0.8064976021176239,0.3406358063220978
527,1,reset,0,1.6141115990663157,0.8602260979660061,0.19906744360923767
527,2,reset,1,0.5382262966879241,0.2649526391542129,0.5837827920913696
527,3,reset,1,0.7615011836804254,0.40358645628994255,0.4669649004936218
527,4,reset,1,0.3702788528809392,0.1890570339762278,0.6905417442321777
210,0,reset,1,0.7526919731841811,0.41811409493893026,0.4710966646671295
210,1,reset,0,1.379176494295896,0.7823380399786286,0.2517858147621155
210,2,reset,1,0.863962517586667,0.4775157046815613,0.42148861289024353
210,3,reset,0,1.6999996550234369,1.0006081986140605,0.18268358707427979
210,4,reset,0,1.053854510848316,0.6265771029067553,0.34859150648117065
210,5,reset,1,0.4292748092321056,0.17765704342367206,0.6509810090065002
210,6,reset,1,0.6867033859073222,0.3577598366857331,0.5032323002815247
235,0,reset,1,1.0938556946719569,0.6046160330120767,0.3349226415157318
235,1,reset,0,1.0158332842113262,0.6189331530871255,0.3621005713939667
235,2,reset,1,0.32058716935428283,0.10807746409733102,0.7257227897644043
235,3,reset,1,0.654051108486266,0.3876356040468018,0.5199351906776428
235,4,reset,1,0.34512009219874823,0.11891606768855557,0.7081353068351746
235,5,reset,0,1.3438434069047727,0.7538304814419752,0.2608412206172943
235,6,reset,0,0.874580807896089,0.6068480897355439,0.4170368015766144
101,0,reset,1,0.5873465099572807,0.33434811032882134,0.5558001399040222
101,1,reset,0,1.3088963853677849,0.7149750929618843,0.27011799812316895
101,2,reset,1,0.44788170233942437,0.18444376264802842,0.6389802694320679
101,3,reset,1,0.6133704366667915,0.291875627176548,0.5415226221084595
101,4,reset,0,1.1736678228374617,0.6538808862892369,0.30923065543174744
986,0,reset,1,0.054730741706557146,0.004155475200424856,0.9467400312423706
986,1,reset,0,1.8154632395790764,0.9529979158409949,0.16276249289512634
986,2,reset,1,0.045246757421983363,0.002636885390533729,0.9557616114616394
986,3,reset,1,0.30648903984300024,0.09513579847762604,0.7360265851020813
902,0,reset,1,0.6447321305152127,0.38448453223677587,0.524803102016449
902,1,reset,1,0.8495778417722291,0.48527868405348507,0.4275954067707062
902,2,reset,1,0.8001204672101935,0.4080785864303169,0.44927483797073364
902,3,reset,0,1.3125034167150709,0.772914445952565,0.2691454291343689
947,0,reset,0,1.2163704732217033,0.8324127770798486,0.2963036596775055
947,1,reset,1,0.7316310227064972,0.37420611848024393,0.4811236262321472
947,2,reset,0,1.3862943611198906,0.75,0.25
947,3,reset,1,0.828426140725654,0.44388685518560594,0.4367361068725586
947,4,reset,0,1.088924793363008,0.7502651499259838,0.3365781903266907
947,5,reset,0,1.0629011123859566,0.6361767242716545,0.3454521596431732
947,6,reset,1,0.7699369564555757,0.3874689079343341,0.4630422592163086
947,7,reset,1,0.15139773796231362,0.028342581270605533,0.8595057725906372
947,8,reset,1,0.9323187664507637,0.4991025395605919,0.3936398923397064
346,0,reset,1,0.6814775931335035,0.3706388706925573,0.5058689713478088
346,1,reset,0,1.6454810001760851,0.8951165987320739,0.1929197460412979
346,2,reset,1,1.0222079210801145,0.5762263588242562,0.35979965329170227
346,3,reset,0,1.3280540726318724,0.7729500991639087,0.2649924159049988
346,4,reset,1,0.22196391148361755,0.05346208440115997,0.8009442687034607
346,5,reset,1,0.8055825958230374,0.4740103725052648,0.4468275308609009
346,6,reset,1,0.49917720601352433,0.20988098412964523,0.607029914855957
139,0,reset,1,0.7157780540361756,0.36652770658184197,0.4888116419315338
139,1,reset,1,0.6594608367283791,0.3826902908768501,0.5171300768852234
139,2,reset,0,1.2844494799490553,0.838478977656224,0.2768029272556305
139,3,reset,1,0.5947637225859482,0.2734176778673916,0.5516929030418396
139,4,reset,0,1.3696505231891734,0.8295801486134844,0.25419577956199646
139,5,reset,0,1.4468705329844216,1.0177221913439296,0.235305517911911
139,6,reset,1,0.06877907970880916,0.006082738217095179,0.9335328936576843
139,7,reset,1,0.01258396103396311,0.00021140574978282265,0.9874948859214783
621,0,reset,0,1.3862943611198906,0.75,0.25
621,1,reset,1,0.307809426118511,0.09652729183303921,0.7350553870201111
621,2,reset,0,2.0142996534224054,1.4295000047574735,0.13341380655765533
621,3,reset,0,1.6344221031600674,1.1411294955991957,0.19506506621837616
499,0,reset,1,0.3022099869319146,0.09418960854816194,0.7391828298568726
499,1,reset,0,1.291761597946955,0.7077997319017995,0.2747862935066223
499,2,reset,1,0.743561548500115,0.3719093730914049,0.4754176735877991
499,3,reset,1,0.13496579338314446,0.023880796498861174,0.8737457990646362
499,4,reset,1,0.6432441529687837,0.3022017671944444,0.5255845785140991
370,0,reset,1,0.6671227767513663,0.3537969395718917,0.5131829977035522
370,1,reset,1,1.3862943611198906,0.75,0.25
370,2,reset,1,0.8763112581218275,0.455241568966261,0.4163157641887665
370,3,reset,1,0.019864458297795106,0.0005690753020917384,0.980331540107727
198,0,reset,1,0.4802741436077272,0.2174305850781909,0.6186137795448303
198,1,reset,1,0.20372618271902826,0.04854453850906565,0.8156856894493103
198,2,reset,0,1.4800669462775806,0.9153660292817061,0.22762244939804077
198,3,reset,1,0.8855110681550284,0.5128051093145706,0.41250330209732056
198,4,reset,1,0.6905805632776977,0.34442484892152925,0.5012849569320679
198,5,reset,1,0.3427453284528312,0.11456447541941328,0.709818959236145
198,6,reset,1,0.9141647201907424,0.5034619022329792,0.400851309299469
687,0,reset,0,1.2932493154372102,0.8003832934613018,0.2743777930736542
687,1,reset,0,1.3427286745557412,0.975207018857128,0.261132150888443
687,2,reset,0,1.2778066235271008,0.7120120698185088,0.2786478102207184
687,3,reset,0,1.3571124979274558,0.9124969774493668,0.2574029564857483
687,4,reset,0,1.2364043614548326,0.6887585075962193,0.2904266119003296
584,0,reset,1,0.6319548909896562,0.3040100296068694,0.5315516591072083
584,1,reset,1,0.6282290350004637,0.3007736954465785,0.5335358381271362
584,2,reset,1,0.4536695212643828,0.18943178340736044,0.635292649269104
584,3,reset,0,1.0971226865106594,0.7223596107471916,0.33383023738861084
584,4,reset,1,0.4872984364982919,0.22351237581847427,0.6142836809158325
584,5,reset,0,1.2467084700804374,0.7533564683585356,0.2874493896961212
901,0,reset,1,0.4541762903017306,0.19199807843103822,0.6349707841873169
901,1,reset,1,0.2942176940116116,0.11317573515230495,0.745114266872406
901,2,reset,0,1.1897311010541194,0.7211214613190231,0.3043030798435211
901,3,reset,0,1.1695519065636122,0.7717250482217559,0.31050604581832886
901,4,reset,0,1.8789191210544318,1.2476299417274956,0.15275512635707855
901,5,reset,0,1.706259332163003,0.9117180656518997,0.18154361844062805
901,6,reset,0,1.3936915887841088,0.777833615266019,0.24815751612186432
901,7,reset,0,1.6426118616186793,0.9524203480072163,0.19347405433654785
59,0,reset,0,1.3862943611198906,0.75,0.25
59,1,reset,1,1.336666381824123,0.7250786269912237,0.2627200186252594
59,2,reset,0,1.4715584435659865,0.7931925146858694,0.22956743836402893
59,3,reset,0,1.349324342286609,0.7322328661820976,0.25941547751426697
59,4,reset,1,1.3646705615810841,0.7394287272531521,0.2554648220539093
328,0,reset,0,1.3523850131870636,0.7830324710643906,0.2586227059364319
328,1,reset,0,1.9013192543035946,0.9899624148384902,0.1493714302778244
96,0,reset,1,0.4834804756316408,0.24489492497579834,0.6166334748268127
96,1,reset,0,1.0826944690997138,0.7975538543593356,0.33868172764778137
96,2,reset,1,0.7609394584623391,0.38007457136548184,0.4672272801399231
96,3,reset,1,0.31869960069935904,0.10674706681722275,0.7270939350128174
96,4,reset,1,0.5043000471524979,0.2128957661537343,0.6039281487464905
96,5,reset,0,2.1868936110845265,1.0992790504590737,0.11226494610309601
96,6,reset,1,0.4676528217147832,0.22570964057739906,0.6264709830284119
312,0,reset,1,0.5735400530742244,0.2571780365941448,0.56352698802948
312,1,reset,0,2.644011866120465,1.264004717965846,0.07107555121183395
312,2,reset,0,1.3394671036517665,0.8267598537024856,0.26198524236679077
974,0,reset,1,0.06970952922275118,0.00798830397255327,0.932664692401886
974,1,reset,0,1.2227843876816629,0.728743459646527,0.29440927505493164
974,2,reset,0,0.9546519340654469,0.5683567342813982,0.3849461078643799
974,3,reset,1,0.9314552927113423,0.503020718133516,0.39397993683815
299,0,reset,0,3.1507716784214277,1.6784113107989054,0.0428190715610981
299,1,reset,0,1.524051271554024,0.887374683382292,0.21782761812210083
277,0,reset,1,0.9381939468701255,0.4996749613249283,0.3913339674472809
277,1,reset,1,0.8195583052694039,0.4283418872006135,0.44062623381614685
277,2,reset,0,1.3862943611198906,0.75,0.25
924,0,reset,0,1.1900473874296278,0.8352395328013467,0.30420684814453125
924,1,reset,1,0.6875472972123539,0.3925527251609915,0.5028077960014343
924,2,reset,1,0.9883427988451208,0.5604251180266484,0.37219297885894775
924,3,reset,1,0.762931420912213,0.4185136437188571,0.4662975072860718
924,4,reset,0,1.7085031332567946,0.9100412736537005,0.18113672733306885
924,5,reset,0,2.311724244644122,1.3614484907628293,0.09909024834632874
601,0,reset,0,1.4990986154071437,0.8119054832105193,0.22333137691020966
601,1,reset,0,1.4630740322337612,0.7910496754600256,0.23152346909046173
601,2,reset,1,0.7727596054807834,0.4129136247635226,0.46173709630966187
601,3,reset,1,0.5289508164364823,0.23036274542387347,0.5892228484153748
601,4,reset,0,1.3890725745791732,0.7515997270801815,0.24930641055107117
601,5,reset,0,1.3682977669504308,0.7411675785094236,0.2545398771762848
601,6,reset,0,1.801333222390633,1.153701988207042,0.16507865488529205
601,7,reset,1,0.1652631446856221,0.032698097406471754,0.8476706147193909
439,0,reset,1,0.7244379739476144,0.39518088512002303,0.484596848487854
439,1,reset,0,1.3836043293950242,0.7679764206735493,0.25067341327667236
439,2,reset,1,0.35810155089263934,0.12178193427124728,0.6990020871162415
439,3,reset,0,1.7989824551316904,1.0019149034208397,0.16546717286109924
439,4,reset,1,0.1312000625178124,0.02334776955844356,0.877042293548584
439,5,reset,0,1.363599387400397,0.7389179555198633,0.25573861598968506
439,6,reset,1,0.7802714876347662,0.45443558030372555,0.45828157663345337
439,7,reset,1,0.7855082375911726,0.4056622561408499,0.45588794350624084
439,8,reset,1,0.3940566282846823,0.1616084086231977,0.674315869808197
837,0,reset,1,0.8778721167797013,0.4576777171078217,0.41566646099090576
837,1,reset,0,1.4129138399043277,0.7641814622995622,0.2434329241514206
837,2,reset,0,1.3862943611198906,0.75,0.25
837,3,reset,1,1.026872106355512,0.5589025549263407,0.35812538862228394
837,4,reset,0,1.2751030776975887,0.6952612119904633,0.2794021666049957
837,5,reset,0,1.6976687091809624,0.942398584735024,0.18310990929603577
570,0,reset,1,0.04650666996014992,0.00279743323896747,0.9545581936836243
570,1,reset,1,0.6669605326114412,0.3256211181954399,0.5132662653923035
570,2,reset,1,0.2787496789395615,0.08432776606863097,0.7567293047904968
570,3,reset,1,0.9195614258240883,0.49985804105738035,0.39869385957717896
879,0,reset,1,0.46817634314631784,0.18787060656347904,0.6261430978775024
879,1,reset,1,0.5258597571831606,0.268044780153442,0.5910469889640808
879,2,reset,1,0.8674833563020821,0.45277479186096703,0.42000722885131836
879,3,reset,1,0.030092093062174228,0.0016385379480862614,0.9703561663627625
879,4,reset,1,0.8423703946502514,0.4681081194581885,0.43068841099739075
261,0,reset,1,0.4580352084042334,0.21119601536419302,0.6325252056121826
261,1,reset,0,1.3862943611198906,0.75,0.25
261,2,reset,1,0.8666546418245117,0.45062657176144705,0.4203554391860962
261,3,reset,1,0.9031282078317879,0.5024494729864637,0.4052998125553131
578,0,reset,1,0.17161790403915447,0.03447806024236791,0.8423009514808655
578,1,reset,0,1.1462240141136706,0.6352318680534537,0.31783464550971985
578,2,reset,1,0.9785640624425754,0.5615456798349638,0.3758504092693329
578,3,reset,0,2.3173383092926225,1.2481113959971668,0.09853550791740417
578,4,reset,1,0.04997490600697032,0.0032926260465131517,0.9512532949447632
578,5,reset,1,0.9398401124269732,0.49835989023096783,0.39069029688835144
23,0,reset,1,0.05390325240202085,0.0040587524597232175,0.9475237727165222
23,1,reset,0,1.3588835433979005,0.7366842426502409,0.25694748759269714
23,2,reset,0,1.9148029111406428,1.0711489068707634,0.14737087488174438
23,3,reset,0,2.464851425369513,1.6614635921986356,0.08502147346735
23,4,reset,1,0.7091732012629789,0.3544239953706234,0.4920508563518524
23,5,reset,0,1.6737968410364532,0.937724404689493,0.1875336766242981
23,6,reset,1,0.15855988440259733,0.03168669268833356,0.8533718585968018
23,7,reset,0,1.8486325332387987,1.065023134885161,0.15745232999324799
30,0,reset,1,0.564129941692491,0.2543947334428494,0.5688548684120178
30,1,reset,1,0.37935397531875464,0.14825677660976797,0.684303343296051
30,2,reset,0,1.302333100532061,0.7119601947105825,0.27189669013023376
30,3,reset,0,1.972455701059808,1.0569781265423592,0.13911481201648712
30,4,reset,0,1.6897100969990344,1.0022582976102854,0.18457302451133728
30,5,reset,1,0.9033760398544244,0.4930791781352595,0.4051993787288666
30,6,reset,0,2.545551945316646,1.199787845521943,0.07842975109815598
617,0,reset,0,1.3862943611198906,0.75,0.25
617,1,reset,1,0.4310168137305822,0.22330008816943614,0.6498479843139648
617,2,reset,0,0.8977106193723392,0.5671527761196333,0.4075015187263489
617,3,reset,0,1.5817898734000118,0.8791172270140362,0.20560675859451294
10,0,reset,0,1.1679004021241444,0.8475451956477191,0.31101927161216736
10,1,reset,1,0.46504880736493265,0.20149115902539905,0.6281044483184814
10,2,reset,0,1.3682165145678413,0.7753702943666074,0.25456055998802185
10,3,reset,1,0.4942832049704544,0.24747320427489766,0.6100080013275146
10,4,reset,1,0.1662514293585365,0.03943653924223389,0.8468332886695862
10,5,reset,1,0.2912478527369428,0.0988640323396999,0.7473304271697998
10,6,reset,0,1.8563822987290466,0.9512859517980454,0.15623682737350464
221,0,reset,1,0.9148358578611777,0.5046069708245071,0.40058237314224243
221,1,reset,1,0.24026580963923472,0.06470663997944111,0.7864187955856323
221,2,reset,1,0.6989184519943897,0.37155350569605194,0.4971226751804352
221,3,reset,1,0.389578791271093,0.14136079202013968,0.6773421168327332
221,4,reset,1,1.0670827461863186,0.5786126564641949,0.3440106213092804
221,5,reset,0,1.345489571032299,0.7725023637171748,0.26041218638420105
820,0,reset,1,0.6710787749934154,0.3604088165255968,0.5111568570137024
820,1,reset,1,0.44715344387526856,0.17373524307723393,0.6394457817077637
820,2,reset,0,2.595872130442263,1.5568641810837174,0.07458080351352692
820,3,reset,1,0.3384067036569767,0.12114010986818237,0.7129052877426147
820,4,reset,1,0.6994408696413924,0.3498456882600574,0.4968630373477936
54,0,reset,1,1.0233318144554926,0.5785197744834707,0.35939550399780273
54,1,reset,1,0.9202017140781078,0.5096472236055236,0.3984386622905731
54,2,reset,1,0.8665646764228475,0.49882857453215945,0.4203932583332062
54,3,reset,0,1.3862943611198906,0.75,0.25
54,4,reset,1,0.22879846727878625,0.06019243037884131,0.7954888343811035
542,0,reset,1,0.38855765785630136,0.15773777290498675,0.6780341267585754
542,1,reset,0,2.552764309958051,1.4135514523721937,0.07786612212657928
542,2,reset,0,1.4340040776222753,0.823919208336241,0.23835262656211853
542,3,reset,1,0.8228137248993052,0.4204274676503441,0.4391941428184509
542,4,reset,1,0.2574566426342647,0.07020088286351489,0.7730151414871216
209,0,reset,0,1.4258415273563434,1.112250937112006,0.24030615389347076
209,1,reset,1,0.24791539838026225,0.06827520569325458,0.7804259657859802
209,2,reset,1,0.15995582337851813,0.030832695973054894,0.8521814346313477
209,3,reset,1,0.7221867483824396,0.45351882620262135,0.4856890141963959
209,4,reset,1,0.25855979955753833,0.07465000361956498,0.7721628546714783
209,5,reset,1,0.32349185504369815,0.11370099042763232,0.7236178517341614
604,0,reset,1,0.01677958337008155,0.000409675600526371,0.9833604097366333
604,1,reset,0,0.8722171363848462,0.6271181379227736,0.4180237054824829
604,2,reset,1,0.2823684338261727,0.08921891866396514,0.7539958357810974
604,3,reset,1,0.7321291698449245,0.39174761013416154,0.48088401556015015
604,4,reset,0,0.9492447392346158,0.6095474669852574,0.38703322410583496
604,5,reset,0,1.159469259617042,0.6971155849983397,0.3136526048183441
692,0,reset,1,1.2627895735528867,0.6873096744881035,0.2828638553619385
692,1,reset,1,0.36924679004288313,0.1489320264143844,0.6912547945976257
692,2,reset,1,0.6844765217904539,0.3306772323452769,0.5043541789054871
692,3,reset,1,0.2972329682556648,0.09697676188851673,0.7428709268569946
692,4,reset,1,0.8983413086782539,0.5026189561582397,0.40724459290504456
692,5,reset,0,1.3862943611198906,0.75,0.25
692,6,reset,1,0.264742095945068,0.07455702843920056,0.7674038410186768
692,7,reset,1,0.9505739062430474,0.5268492698179266,0.3865191340446472
662,0,reset,1,0.39549545963522553,0.15318954771473414,0.6733463406562805
662,1,reset,0,1.4426778502692905,0.7936211886832993,0.23629415035247803
662,2,reset,1,0.5190057127648491,0.23968457626975476,0.5951119661331177
662,3,reset,0,1.3862943611198906,0.75,0.25
866,0,reset,1,0.9146087481210062,0.5368908985628371,0.40067335963249207
866,1,reset,1,0.17464154899731163,0.03672528069810196,0.8397579789161682
866,2,reset,0,1.2687559198545282,0.8241282488600079,0.2811812162399292
866,3,reset,1,1.3756624185286805,0.744741347153828,0.2526721656322479
866,4,reset,0,1.43588148269481,0.9989563147356763,0.2379055619239807
70,0,reset,1,0.6976079128841559,0.40684503450912674,0.497774600982666
70,1,reset,1,1.0505832418207048,0.5725941582450411,0.34973371028900146
70,2,reset,1,0.06410062620317251,0.0056211069337318955,0.9379106163978577
70,3,reset,1,0.7794511381380952,0.4420867142454815,0.4586576819419861
70,4,reset,1,0.27862303101000313,0.08684229028218585,0.7568251490592957
543,0,reset,0,3.4584115124959705,1.3692849504751714,0.03147972747683525
543,1,reset,1,0.08060062864714922,0.00921854285886486,0.9225620627403259
543,2,reset,1,0.2713969409327443,0.08832013488240795,0.7623138427734375
543,3,reset,0,1.6234121630336107,0.8889737316096165,0.19722458720207214
543,4,reset,0,1.2226775983444818,0.7514907059742353,0.29444071650505066
543,5,reset,1,0.29649379084237637,0.09455460967131668,0.7434202432632446
543,6,reset,0,2.084493676148289,1.2165083058099444,0.12437007576227188
107,0,reset,1,0.39851669340054696,0.17111991937140997,0.67131507396698
107,1,reset,1,0.5172965922934561,0.24282276440546077,0.5961299538612366
107,2,reset,1,0.8989686614546724,0.4942928649050136,0.406989187002182
107,3,reset,1,0.2526620176709632,0.06807468012008183,0.7767303586006165
107,4,reset,1,0.39751726384941527,0.15178718016397003,0.6719863414764404
493,0,reset,1,1.0728448349424669,0.577442545961782,0.34203410148620605
493,1,reset,1,0.9091724211860599,0.49434383646489494,0.4028574824333191
493,2,reset,1,0.9062534711300221,0.4802567454500042,0.40403512120246887
493,3,reset,1,0.5541057498524293,0.2663843517559452,0.5745858550071716
493,4,reset,1,0.3922451575761918,0.20071266137892757,0.6755384802818298
590,0,reset,1,0.3061186174248323,0.09659480406266426,0.7362992763519287
590,1,reset,0,0.9963628797085141,0.619370270787964,0.36921989917755127
590,2,reset,1,0.24328424921999164,0.06501191907375077,0.7840486168861389
590,3,reset,1,0.980555268128765,0.5743220427670064,0.3751027584075928
590,4,reset,0,1.2077145833630898,0.6671995053216393,0.29887956380844116
590,5,reset,1,1.1712971905239367,0.6732198364155169,0.3099645972251892
590,6,reset,0,1.2229284448261315,0.6848872862887161,0.29436686635017395
590,7,reset,1,0.20310627696049752,0.05559618466767777,0.8161914944648743
741,0,reset,1,0.14243999152131376,0.027122822002494013,0.8672395944595337
741,1,reset,1,0.5999196735582867,0.2987778683689826,0.548855721950531
741,2,reset,0,1.3862943611198906,0.75,0.25
741,3,reset,0,1.6105305258156961,0.8769187890753198,0.199781596660614
741,4,reset,1,0.1599205724210733,0.030208446348750376,0.8522114753723145
741,5,reset,0,2.097665793236364,1.1617399309794267,0.12274260073900223
741,6,reset,0,1.1090819823483726,0.6648725091403884,0.3298616409301758
292,0,reset,0,1.4022803474636267,0.7581180725743906,0.24603527784347534
292,1,reset,0,1.5239823870267306,0.886692086374897,0.21784262359142303
289,0,reset,1,0.8396910142405372,0.4318323289654009,0.43184393644332886
289,1,reset,0,1.3493443320573615,0.7454816110646025,0.2594102919101715
289,2,reset,0,1.446773964175445,0.7950601194155056,0.23532824218273163
289,3,reset,1,1.3862943611198906,0.75,0.25
652,0,reset,0,1.3862943611198906,0.75,0.25
652,1,reset,0,1.6474892525123261,1.1614724382635258,0.1925327032804489
652,2,reset,1,1.2395236069380207,0.6759821971740738,0.28952211141586304
652,3,reset,0,1.243470240524555,0.6904700517872411,0.2883817255496979
652,4,reset,0,1.3862943611198906,0.75,0.25
652,5,reset,1,0.7234594469689736,0.37457400616464104,0.4850712716579437
652,6,reset,0,1.3862943611198906,0.75,0.25
652,7,reset,1,1.3862943611198906,0.75,0.25
652,8,reset,1,0.6672532182938489,0.35812957977484183,0.5131160616874695
39,0,reset,0,2.1721276159071117,1.048542078587513,0.1139349490404129
39,1,reset,1,0.5239885994889297,0.2395069364255869,0.5921539664268494
39,2,reset,0,1.2838649156478015,0.7047956273624436,0.27696478366851807
39,3,reset,1,0.03745920780644864,0.001989073901940002,0.9632337093353271
39,4,reset,0,3.284370523740579,1.6864428758801389,0.03746416047215462
39,5,reset,1,0.5444815193824937,0.23785572879265865,0.5801424980163574
589,0,reset,1,0.7556804833693753,0.45721902480721244,0.46969088912010193
589,1,reset,1,0.7564877780355128,0.395784961693858,0.4693118631839752
589,2,reset,1,0.11132704879011417,0.016138629506969763,0.8946461081504822
589,3,reset,0,1.5718351194848947,1.069696984857121,0.20766374468803406
589,4,reset,1,0.5818711023699951,0.28584906543574506,0.5588517189025879
589,5,reset,1,0.1376924721332711,0.0220813429172573,0.8713666200637817
307,0,reset,0,1.7566734316354624,0.9227888181671904,0.17261813580989838
307,1,reset,0,1.315329012519194,0.7468013986913411,0.26838600635528564
307,2,reset,1,1.2388847827479144,0.6726933786861633,0.28970712423324585
307,3,reset,0,1.5886364754301576,0.8886558667495561,0.20420385897159576
307,4,reset,0,1.773273909168672,1.0032100791458185,0.16977624595165253
679,0,reset,1,0.0425166585330742,0.002569119634544921,0.9583745002746582
679,1,reset,1,0.15949821712113063,0.029202463395693018,0.8525714874267578
679,2,reset,1,1.1405941019462966,0.6244504340248165,0.31962907314300537
679,3,reset,0,1.3719418196691457,0.8488581413091028,0.25361400842666626
679,4,reset,0,1.1067473180360876,0.6445716609299053,0.33063265681266785
679,5,reset,1,0.2038358713892961,0.04994517520709081,0.8155962228775024
66,0,reset,1,0.7878971680752762,0.42082340920847283,0.45480015873908997
66,1,reset,1,0.7449794587102673,0.4106099129563068,0.47474405169487
66,2,reset,1,0.11796255115606773,0.018346138824233707,0.8887293338775635
66,3,reset,0,1.2990154844634128,0.7724501080198147,0.2728002369403839
66,4,reset,0,1.5238775986133877,0.8856073526143153,0.217865452170372
66,5,reset,1,1.222584685715686,0.6847927680333652,0.29446807503700256
66,6,reset,0,1.1003495138284896,0.6461434302677054,0.3327547609806061
66,7,reset,1,1.3024849205113467,0.7120210760840762,0.2718554139137268
66,8,reset,0,1.5857581553408515,0.8441876661852872,0.20479246973991394
275,0,reset,1,1.2750770518720753,0.6927402421986895,0.2794094383716583
275,1,reset,1,0.7485527424531677,0.4098301758973016,0.47305068373680115
275,2,reset,1,1.0969559367960595,0.5940252721815729,0.33388590812683105
67,0,reset,0,1.3438951656007163,0.7434058767854008,0.2608277201652527
67,1,reset,1,1.3862943611198906,0.75,0.25
67,2,reset,0,1.17301133432016,0.6456475517320286,0.3094337284564972
67,3,reset,0,1.4358645088150115,0.8295786568644972,0.23790960013866425
67,4,reset,0,1.6755506783570742,1.0056762703548923,0.18720506131649017
67,5,reset,1,0.5538188600901858,0.24751550667165928,0.5747507214546204
67,6,reset,1,0.5097520847799474,0.21973708364126865,0.6006444692611694
67,7,reset,1,0.681502101294192,0.3632885800467243,0.5058565735816956
548,0,reset,1,0.9954601447898113,0.5421665498936543,0.3695533573627472
548,1,reset,1,0.08407428112241568,0.009370077776931444,0.9193629622459412
548,2,reset,1,0.5129413018616292,0.24123175166844396,0.5987319350242615
548,3,reset,1,0.8396792823053191,0.4400467233213646,0.43184900283813477
548,4,reset,1,0.6395778761261577,0.2989793941752299,0.5275150537490845
998,0,reset,1,0.9339796238336977,0.5215562944848735,0.3929866552352905
998,1,reset,0,1.3709492307648405,0.7424476035047682,0.2538658678531647
998,2,reset,0,1.40151685201243,0.7582115451740958,0.24622319638729095
998,3,reset,0,1.634327535918181,0.8660731991802761,0.19508351385593414
998,4,reset,1,0.8017773436697839,0.45831022014200706,0.44853106141090393
714,0,reset,1,1.3862943611198906,0.75,0.25
714,1,reset,0,0.9329349296202026,0.5714175694409882,0.39339742064476013
714,2,reset,0,1.3372133004788422,0.777263587397097,0.2625763714313507
714,3,reset,0,1.1783049771749945,0.6672154270630382,0.3078000247478485
714,4,reset,1,1.2697562211523543,0.6901881319670493,0.28090009093284607
714,5,reset,1,0.07050441201748027,0.006362678167956697,0.9319236278533936
714,6,reset,1,0.4153574643960099,0.22134387474047085,0.6601042747497559
753,0,reset,1,0.09822936587491415,0.014979980829968226,0.9064409732818604
753,1,reset,0,3.2262763513802883,1.2478020754034698,0.0397050715982914
753,2,reset,0,1.4129460382480867,0.8552788357665251,0.24342508614063263
753,3,reset,0,1.3862943611198906,0.75,0.25
327,0,reset,0,1.4773582980295559,0.799202389113745,0.22823983430862427
327,1,reset,1,1.3862943611198906,0.75,0.25
327,2,reset,0,2.474546704116052,1.2869298597190537,0.0842011496424675
327,3,reset,0,1.677960625523612,0.9060837295901325,0.18675445020198822
327,4,reset,1,1.3862943611198906,0.75,0.25
382,0,reset,0,1.5861990462387057,0.8563531030458045,0.2047021985054016
382,1,reset,1,0.4449120417059121,0.2271597371297126,0.6408806443214417
382,2,reset,1,0.5223452096131249,0.273834724363835,0.5931279063224792
382,3,reset,1,0.9886804403678562,0.5288288946328896,0.37206733226776123
382,4,reset,1,0.588541353676059,0.2721708845190563,0.5551364421844482
382,5,reset,0,1.0939443253730667,0.6369273394863294,0.33489295840263367
451,0,reset,1,0.902021949577786,0.5137763536060378,0.4057484269142151
451,1,reset,1,1.0388392116897263,0.5870856127591912,0.35386520624160767
451,2,reset,1,0.37385075651115307,0.13948078378553946,0.6880795955657959
451,3,reset,1,0.0576959116694576,0.00458785750184854,0.9439369440078735
451,4,reset,0,1.3862943611198906,0.75,0.25
451,5,reset,1,1.013310231070183,0.5603615738015224,0.3630153238773346
451,6,reset,1,0.47478014775849603,0.20365113064482632,0.6220217943191528
522,0,reset,1,0.44186957538199595,0.2095063687249559,0.6428334712982178
522,1,reset,1,0.3858934649668086,0.14008850050820787,0.6798429489135742
522,2,reset,0,1.94902573406228,1.058991416121005,0.14241275191307068
522,3,reset,1,0.7981206985478594,0.4290306100550023,0.4501741826534271
522,4,reset,1,0.02349755645240756,0.0008728544370419542,0.9767763614654541
522,5,reset,1,0.25611858043461844,0.08467802337114168,0.7740501761436462
522,6,reset,1,0.7950142445461136,0.48481470885609906,0.45157480239868164
218,0,reset,0,1.1775013733710225,0.6746929085321833,0.30804747343063354
218,1,reset,0,1.544568965146338,0.9565189495385918,0.2134038358926773
218,2,reset,1,0.867639757074981,0.4714040522516951,0.4199415445327759
218,3,reset,0,1.529125360510201,1.0433072688769403,0.21672514081001282
218,4,reset,1,0.417197578893844,0.21142162838094591,0.6588907241821289
218,5,reset,1,0.3950398622713317,0.15598228448190393,0.6736531853675842
787,0,reset,1,1.3862943611198906,0.75,0.25
787,1,reset,1,0.6140483588640523,0.33819856483636246,0.5411556363105774
787,2,reset,1,0.5976251341073714,0.29282068068814976,0.5501165390014648
787,3,reset,1,0.7229398075673619,0.38648754177379835,0.48532339930534363
787,4,reset,1,0.459207020409527,0.18186507543493985,0.6317844390869141
787,5,reset,1,0.44310567091607017,0.1761496641656387,0.6420393586158752
787,6,reset,1,0.14458106456721104,0.02603244475091232,0.8653847575187683
436,0,reset,1,0.980637106098371,0.5541130443979123,0.37507206201553345
436,1,reset,1,0.9411892158832602,0.49940287552838614,0.3901635706424713
436,2,reset,0,1.3862943611198906,0.75,0.25
436,3,reset,0,0.8897689943295901,0.5564601048556039,0.4107506275177002
436,4,reset,1,0.5852302020488797,0.2738181695536393,0.5569776296615601
436,5,reset,0,1.6767573167821532,1.0020643368298665,0.18697930872440338
764,0,reset,0,1.3861050746838919,0.7499053895938994,0.25004732608795166
764,1,reset,1,0.7335828352904766,0.378618814149929,0.48018547892570496
764,2,reset,0,1.5048723767144114,0.9111159516394401,0.2220456302165985
764,3,reset,1,0.6035070114854879,0.2974741664011984,0.5468903183937073
764,4,reset,1,0.7011195254039955,0.376639514410682,0.49602967500686646
764,5,reset,1,0.06728059403940832,0.006495455045207083,0.9349328279495239
88,0,reset,1,1.1775209162287519,0.6399098527905243,0.30804145336151123
88,1,reset,1,0.03023528623138601,0.0012311517795400393,0.970217227935791
88,2,reset,1,0.3196906961771087,0.10639770719000193,0.7263736724853516
88,3,reset,1,1.0567012191314722,0.5750442243520635,0.3476005792617798
63,0,reset,0,1.230214183182223,0.7010908189831737,0.2922299802303314
63,1,reset,1,0.7334454346156195,0.4048391562418161,0.4802514612674713
63,2,reset,1,0.7738297997832638,0.3875040742750928,0.461243212223053
63,3,reset,1,0.005935187167016534,5.052385929924296e-05,0.9940823912620544
63,4,reset,1,0.8877245055068644,0.48206409789792964,0.4115912616252899
63,5,reset,0,1.527291531913131,0.8322266441280082,0.21712294220924377
826,0,reset,0,1.3253420656204327,0.7758668822348223,0.26571205258369446
826,1,reset,0,1.7515324965162853,1.0162045755663274,0.17350783944129944
826,2,reset,0,1.1921945869958135,0.6655615346694796,0.30355435609817505
826,3,reset,0,1.3773923324148383,0.7482514489950145,0.25223544239997864
716,0,reset,1,0.38176448301891597,0.14796640928429475,0.6826558113098145
716,1,reset,1,0.09211940581955172,0.010836489587883434,0.9119962453842163
716,2,reset,0,1.7560373366554187,1.0985681007173849,0.17272797226905823
716,3,reset,1,1.097673568818083,0.613792825337447,0.33364638686180115
716,4,reset,1,1.3233901408258901,0.7206990076833044,0.2662312090396881
716,5,reset,1,0.019818007796996853,0.0005764094089467883,0.9803770780563354
351,0,reset,1,0.42784756405610536,0.17749867116094176,0.6519107818603516
351,1,reset,1,0.17504066897926748,0.03681339208197673,0.839422881603241
351,2,reset,1,0.020812239843219955,0.0007016438133034865,0.9794028401374817
351,3,reset,0,1.62726369676191,1.050838489814631,0.19646643102169037
351,4,reset,1,0.030900779976360447,0.0013869945621077522,0.9695717692375183
351,5,reset,1,0.20518417563337427,0.04779339761700126,0.8144972920417786
351,6,reset,0,1.4028204921090266,0.8604591600423859,0.245902419090271
351,7,reset,0,1.1940277745626187,0.7065376910748755,0.3029983937740326
936,0,reset,1,0.22300265586019138,0.05862712889208571,0.8001127243041992
936,1,reset,0,1.3862943611198906,0.75,0.25
936,2,reset,0,1.1939198816341972,0.661426139056519,0.3030310869216919
936,3,reset,0,1.4851742073644894,0.8348610656689714,0.22646288573741913
936,4,reset,0,1.3145990618206138,0.7235498540508731,0.26858198642730713
936,5,reset,0,1.6908123080067414,1.1108215975894968,0.18436969816684723
936,6,reset,1,1.0019658585361761,0.5435459011922714,0.3671569526195526
936,7,reset,1,0.4706889836763457,0.24694403850562996,0.6245718002319336
936,8,reset,0,1.767259639547862,1.3199721741140038,0.17080040276050568
256,0,reset,1,1.162530732318078,0.6465609384105786,0.31269383430480957
256,1,reset,0,0.9328060007552753,0.551000927386432,0.393448144197464
635,0,reset,0,1.3079997983924445,0.8860323364156357,0.2703602910041809
635,1,reset,1,0.5302202451469858,0.22889461095189684,0.5884753465652466
635,2,reset,1,0.2886085192323319,0.08923997531923503,0.7493054866790771
635,3,reset,0,1.641601345102752,0.8728707283849142,0.1936696618795395
635,4,reset,0,1.648203713177973,1.1795803604101371,0.1923951953649521
635,5,reset,1,0.03459784062760754,0.0016050839395817557,0.9659938216209412
635,6,reset,0,1.3862943611198906,0.75,0.25
635,7,reset,0,1.1414546141865107,0.7532201528251595,0.3193541467189789
644,0,reset,0,1.0265720688360906,0.7304726597580102,0.35823285579681396
644,1,reset,1,0.4050731949697867,0.14957681286465296,0.6669279932975769
644,2,reset,1,0.42946848006088906,0.1806801923152659,0.6508549451828003
644,3,reset,0,1.4476665518048952,0.8865649478067763,0.23511828482151031
644,4,reset,1,0.9145908225585773,0.49153824832527215,0.4006805419921875
644,5,reset,1,0.01731178784592177,0.00042843728104166633,0.9828372001647949
644,6,reset,1,0.009267403676793793,0.00011954762151058077,0.9907754063606262
554,0,reset,1,0.6438150902362695,0.3249178237703557,0.5252845883369446
554,1,reset,1,0.2348047404982738,0.07304650930432323,0.7907252311706543
959,0,reset,1,0.3365138534501633,0.12261696553889037,0.7142559885978699
959,1,reset,1,1.359758112529372,0.7370966283895513,0.2567228674888611
959,2,reset,0,1.9398166682831084,1.038494361385251,0.1437302976846695
959,3,reset,1,0.33794462494658756,0.11589503387134072,0.7132347822189331
959,4,reset,1,0.5742974465047709,0.2764708145801769,0.5631003379821777
959,5,reset,1,0.07328497819297514,0.007677459093237044,0.9293359518051147
959,6,reset,0,1.690259394704011,1.0136980305166314,0.18447166681289673
959,7,reset,1,0.12274129349893906,0.022674399603507457,0.8844924569129944
959,8,reset,1,0.6689886751552166,0.3309646701320883,0.5122263431549072
168,0,reset,0,1.4135154345799925,1.0225891175550095,0.24328652024269104
168,1,reset,0,1.4523871162887947,0.8956235709767482,0.23401100933551788
168,2,reset,0,1.3567550306901286,0.789805662272838,0.2574949860572815
168,3,reset,1,0.8167199223331196,0.4395120763644658,0.44187867641448975
168,4,reset,0,1.0680749145350097,0.6210115155130738,0.34366947412490845
168,5,reset,0,0.9974758598101564,0.6215751559047276,0.36880919337272644
168,6,reset,1,0.5423590814696116,0.27497319377869645,0.5813751220703125
168,7,reset,1,0.053502434723570205,0.00469953871386323,0.9479036331176758
917,0,reset,0,1.21325021459836,0.7284969954077178,0.2972296476364136
917,1,reset,0,2.7239337164783888,1.623409381158702,0.06561613082885742
917,2,reset,1,0.04052782429889268,0.002220908724899766,0.9602824449539185
917,3,reset,1,0.1324141744072581,0.024778611688427328,0.8759781122207642
917,4,reset,0,2.463779037423191,1.6094766828228986,0.08511269837617874
917,5,reset,1,0.7626038581798392,0.4605650012105885,0.4664502739906311
917,6,reset,0,1.1521327073734862,0.6479907123253925,0.31596219539642334
528,0,reset,0,1.4892944333704867,0.9140541418115795,0.22553172707557678
528,1,reset,1,0.6970363070950988,0.36001043098432045,0.4980592131614685
528,2,reset,0,0.9660904114860842,0.5980384636776948,0.3805679976940155
528,3,reset,1,0.5793659174345641,0.2637845763186297,0.5602535009384155
528,4,reset,1,0.7009256604453206,0.3614703861458104,0.49612584710121155
528,5,reset,0,2.48840487838902,1.1566590153978418,0.08304232358932495
823,0,reset,0,1.5009731299718458,0.8392884575814203,0.22291313111782074
823,1,reset,1,1.0559666349207795,0.5941398822552584,0.3478560149669647
823,2,reset,1,0.5099754865587517,0.21725682807493613,0.60051029920578
823,3,reset,1,0.05842322453453514,0.004398680825772287,0.9432506561279297
823,4,reset,1,0.24408979456684313,0.06525769248415914,0.783417284488678
985,0,reset,0,1.2305221155331738,0.7255988818779049,0.29214000701904297
985,1,reset,0,1.3129517499706331,0.7275778739791463,0.2690247893333435
985,2,reset,0,1.3578703388457498,0.8367108113846642,0.2572079598903656
985,3,reset,1,0.3595253114963159,0.12891272453997105,0.6980075836181641
985,4,reset,1,0.7665245841694113,0.4431126621677449,0.4646250307559967
985,5,reset,1,1.0339425751376152,0.5801265904479624,0.3556022047996521
816,0,reset,0,1.4350756352960705,1.086714176812552,0.23809735476970673
816,1,reset,1,0.6049225720332788,0.3425162760728405,0.5461167097091675
816,2,reset,0,1.0450730686371759,0.6926748349352281,0.351666122674942
816,3,reset,1,0.4198294157288357,0.16414775932889114,0.6571589112281799
86,0,reset,1,0.9686820727508498,0.5539961302870042,0.3795829713344574
86,1,reset,1,0.5827099801667888,0.2624411667191997,0.5583831071853638
86,2,reset,0,1.1674332857744631,0.6603419276688902,0.31116458773612976
86,3,reset,0,1.1950407849529416,0.8772552073261843,0.30269160866737366
86,4,reset,0,1.6021247644312175,0.9945288895838456,0.20146799087524414
86,5,reset,1,0.24544148317260922,0.06470930014847688,0.7823590636253357
86,6,reset,1,0.6038482030561991,0.3339612671345505,0.5467037558555603
86,7,reset,0,1.1389943524073392,0.6366759876309569,0.3201408088207245
86,8,reset,1,0.13176735769180303,0.02170278626251271,0.8765448927879333
432,0,reset,1,0.7614953759559923,0.39139735946657694,0.4669676125049591
432,1,reset,1,0.8960749205613394,0.4899796988984182,0.40816861391067505
432,2,reset,1,0.34733506932994557,0.11673356131672558,0.7065685391426086
432,3,reset,0,1.0616084087642128,0.626742828108948,0.3458990156650543
432,4,reset,0,1.5362953052434885,0.9175624616935896,0.2151767909526825
184,0,reset,1,0.8337726513911229,0.4765804852841442,0.4344073235988617
184,1,reset,1,0.4232568685716505,0.2103911796545152,0.6549103856086731
184,2,reset,0,1.0335393721655444,0.6961657209149101,0.3557456135749817
184,3,reset,1,0.3265620576791907,0.11426623051424262,0.7213996052742004
184,4,reset,1,1.3862943611198906,0.75,0.25
184,5,reset,1,0.740178377049816,0.3838914820491948,0.47702881693840027
184,6,reset,0,1.598440808753589,1.1237304296166533,0.20221155881881714
978,0,reset,0,1.2039449494765608,0.6799933215400005,0.3000083565711975
978,1,reset,0,1.1300122183555477,0.721258599019658,0.3230293095111847
978,2,reset,1,0.5466951678215469,0.26408034633756583,0.5788596868515015
978,3,reset,0,2.268591612829932,1.1231169890377113,0.10345778614282608
978,4,reset,1,0.16395507180736757,0.036586620829802484,0.8487801551818848
978,5,reset,1,0.3329977855007002,0.12536432241143883,0.7167717814445496
978,6,reset,1,0.433997871177403,0.18702464828537613,0.6479136347770691
978,7,reset,0,0.8035427974058205,0.529729956517711,0.4477398991584778
534,0,reset,1,0.7253165684892168,0.38463104462846603,0.4841712713241577
534,1,reset,1,1.0087115897620103,0.5508138291846092,0.36468854546546936
534,2,reset,1,0.7366806595272161,0.3805681814776609,0.4787002503871918
534,3,reset,1,0.57743087805719,0.2786886827646212,0.5613386631011963
294,0,reset,1,0.8591097902157614,0.45122049929940866,0.4235389530658722
294,1,reset,1,0.7368780951744057,0.38424758296248496,0.4786057472229004
294,2,reset,0,1.3619010609715774,0.745627215514163,0.256173312664032
892,0,reset,1,0.0973423715485044,0.015461300068002512,0.9072453379631042
892,1,reset,0,1.122670609530268,0.6494855572321783,0.32540959119796753
892,2,reset,1,0.7585316506386591,0.3969190206082949,0.46835362911224365
892,3,reset,0,1.3862943611198906,0.75,0.25
425,0,reset,0,1.3862943611198906,0.75,0.25
425,1,reset,1,0.8299192950131489,0.44349917694837787,0.43608447909355164
425,2,reset,1,0.4406751056803719,0.18771636399991232,0.6436017751693726
425,3,reset,1,0.5791857112053875,0.2961870278024843,0.560354471206665
425,4,reset,0,1.7192337720577806,1.060766584130811,0.17920340597629547
425,5,reset,1,0.08828799100584347,0.009621347806516238,0.9154971837997437
425,6,reset,1,0.6594802006712657,0.3152094426113592,0.5171200633049011
425,7,reset,1,0.8207558461328809,0.5118235417878192,0.4400988817214966
713,0,reset,1,0.15311264757042367,0.02734995766584941,0.8580330610275269
713,1,reset,0,1.7837861686255372,1.138841077727206,0.16800086200237274
713,2,reset,0,1.3882419308225686,0.8614591760225574,0.24951358139514923
713,3,reset,0,1.1025333686216443,0.6245626713466239,0.332028865814209
713,4,reset,0,1.3862943611198906,0.75,0.25
260,0,reset,1,0.1780692837455825,0.03740289054279229,0.8368844389915466
260,1,reset,0,1.9734508578174914,1.05384384061689,0.13897643983364105
260,2,reset,1,1.2196391385750278,0.6673859065529015,0.2953367233276367
237,0,reset,0,1.1995036756659783,0.669255503053098,0.30134373903274536
237,1,reset,0,1.062575925568873,0.6007094673313131,0.34556451439857483
237,2,reset,1,0.3713385950657874,0.14500666239070775,0.6898103356361389
237,3,reset,1,0.24527807800043766,0.06829027751794577,0.7824869155883789
237,4,reset,1,0.3106966156993784,0.12598462448219414,0.7329362034797668
237,5,reset,0,1.1568832984540687,0.6480356304690935,0.3144647479057312
237,6,reset,1,0.43681669531086115,0.18852700556147664,0.6460898518562317
237,7,reset,1,0.645721405834173,0.30294490909008265,0.5242841839790344
237,8,reset,1,0.6675693453600428,0.339266519171167,0.5129538774490356
559,0,reset,1,0.016974534500160728,0.000387451950450275,0.9831687211990356
559,1,reset,0,2.3433568662742497,1.2362506226897816,0.09600482136011124
559,2,reset,1,0.44919680108597915,0.21033295582045386,0.6381404995918274
583,0,reset,1,0.5317809716449446,0.25755165546548087,0.5875576138496399
583,1,reset,1,0.3342422567473694,0.1156000873059967,0.7158803343772888
583,2,reset,1,0.45209923057299256,0.1849719588797774,0.6362910270690918
583,3,reset,1,0.48719956665618624,0.22401351952901516,0.6143444180488586
583,4,reset,0,1.2539373925262915,0.7286534621983235,0.28537893295288086
583,5,reset,1,0.5494034174664413,0.2803679193230584,0.577294111251831
583,6,reset,1,0.008722085364020197,0.00010241693632081513,0.9913158416748047
583,7,reset,1,0.2725341442801503,0.07853693522501028,0.7614474296569824
445,0,reset,0,1.5620498258795306,0.9470925241742265,0.20970577001571655
445,1,reset,1,1.0566265447633372,0.5821361878718729,0.34762653708457947
445,2,reset,0,0.9218842834245654,0.5731160411126368,0.3977688252925873
445,3,reset,0,2.6425897571814496,1.3181067059645426,0.07117670029401779
445,4,reset,1,0.16809010554818013,0.0353332217007446,0.8452776670455933
445,5,reset,1,0.7570656242099135,0.44034031850821315,0.46904075145721436
445,6,reset,1,0.7491460029707873,0.4340181782646056,0.4727701246738434
867,0,reset,1,0.1672487236064962,0.03211435355578063,0.8459891676902771
867,1,reset,0,1.870798424521525,1.263409026402568,0.1540006548166275
867,2,reset,0,1.1510298376371693,0.7014595001131587,0.316310852766037
867,3,reset,0,1.496693705427105,0.9483418075946701,0.22386911511421204
867,4,reset,0,1.269208704501044,0.7531665428675645,0.28105393052101135
867,5,reset,1,0.7049506364668537,0.41898820214075727,0.49413296580314636
867,6,reset,1,0.49311994540039467,0.2302403722690759,0.6107180118560791
800,0,reset,1,0.062142521463174866,0.0057750334163966565,0.9397489428520203
800,1,reset,1,0.44251893114347035,0.17457831112180183,0.6424161791801453
800,2,reset,1,0.6120336666691573,0.3049355772266667,0.5422469973564148
800,3,reset,0,3.704062472321897,1.6165957335734646,0.024623291566967964
800,4,reset,0,1.1897049523998016,0.6767741817541042,0.30431103706359863
800,5,reset,0,2.816453026042679,1.584044171921669,0.05981773883104324
800,6,reset,1,0.4365307474947578,0.1809629800901889,0.6462746262550354
599,0,reset,1,1.1422616030296482,0.6188009141583557,0.31909653544425964
599,1,reset,0,1.4034379931576901,0.9221666957289576,0.24575062096118927
599,2,reset,1,0.5995392184777439,0.278196490098458,0.549064576625824
599,3,reset,0,1.3973988602333682,0.7556130287382707,0.24723923206329346
599,4,reset,0,1.607116757410595,0.9102639096945409,0.20046477019786835
849,0,reset,0,1.3862943611198906,0.75,0.25
849,1,reset,1,0.882819573636238,0.48047927081304764,0.41361504793167114
849,2,reset,0,2.7366484665698074,1.636574397260234,0.0647871196269989
849,3,reset,1,0.17321540452522358,0.03470798059981128,0.840956449508667
849,4,reset,1,0.9372951041380585,0.4997427544559667,0.3916858732700348
849,5,reset,1,0.5041531998831639,0.21640470850125193,0.6040168404579163
849,6,reset,1,0.022403729045291063,0.0007117538531308692,0.9778453707695007
265,0,reset,1,1.3862943611198906,0.75,0.25
265,1,reset,1,0.8828099185428339,0.4804233554973225,0.4136190414428711
265,2,reset,1,1.0209509329285087,0.5563591410899509,0.3602522015571594
265,3,reset,0,1.2886117850915453,0.7274288344911748,0.2756531834602356
995,0,reset,1,0.6381179639967601,0.30782361621568516,0.5282857418060303
995,1,reset,1,0.8460784672684001,0.46296772382687196,0.4290943443775177
995,2,reset,0,1.2731885751923475,0.7008799392891334,0.27993759512901306
995,3,reset,0,3.4054950682863487,1.687718871948149,0.03319038450717926
995,4,reset,0,1.2438772893169054,0.6910412186823818,0.28826436400413513
995,5,reset,1,0.2492511636700867,0.07102881505758102,0.779384195804596
529,0,reset,0,1.0206169400153504,0.6058760132734333,0.36037254333496094
529,1,reset,0,1.3862943611198906,0.75,0.25
529,2,reset,1,0.3040832988461318,0.1136845405376467,0.7377994060516357
529,3,reset,0,1.7214313203779876,1.2262358680970593,0.1788100302219391
529,4,reset,1,0.014316570061266012,0.0003013646753025911,0.9857854247093201
529,5,reset,1,0.8541973106824352,0.45082611431419495,0.42562469840049744
529,6,reset,0,1.8926943723354954,1.0251873511279017,0.1506653130054474
55,0,reset,1,0.15217036034947212,0.027176795572169232,0.8588419556617737
55,1,reset,0,1.3862943611198906,0.75,0.25
55,2,reset,1,0.6118315413187683,0.28335378537175804,0.5423566102981567
55,3,reset,0,1.3862943611198906,0.75,0.25
55,4,reset,1,0.7974950890620291,0.44836791574840307,0.450455904006958
55,5,reset,1,0.3466595063621898,0.13423975523706178,0.7070460319519043
55,6,reset,1,1.3862943611198906,0.75,0.25
55,7,reset,0,1.2084639117258547,0.6960934987330556,0.2986556887626648
120,0,reset,1,0.15850065671486524,0.04075352560951588,0.8534224033355713
120,1,reset,0,2.2517517579313013,1.2902694078923331,0.10521475225687027
120,2,reset,1,0.7479106608448024,0.4021309029320602,0.4733545184135437
120,3,reset,1,0.48391612670774214,0.23357006060214935,0.6163648962974548
120,4,reset,0,1.4151880846828726,0.8534555692495918,0.2428799271583557
120,5,reset,0,1.3578384754924906,0.736192563749384,0.2572161555290222
120,6,reset,0,1.1164769523285152,0.7037722984157226,0.327431321144104
120,7,reset,1,0.29072598101806807,0.08757425520304736,0.7477205395698547
215,0,reset,0,1.3522423627438966,0.733580641865567,0.25865960121154785
215,1,reset,1,0.07167932013956119,0.006716038536627007,0.9308293461799622
215,2,reset,1,0.2668031859808949,0.08147342611877313,0.7658237814903259
215,3,reset,1,0.7028229105857796,0.3677754112594548,0.4951854646205902
215,4,reset,1,0.12924910840145395,0.021565460617408133,0.8787550330162048
25,0,reset,0,1.8572562244412563,1.3370282007902785,0.1561003476381302
25,1,reset,1,0.2831031729289941,0.08664066472183618,0.7534420490264893
25,2,reset,1,0.7914381624412312,0.4587637643171443,0.4531925618648529
25,3,reset,1,0.17936308586361255,0.03723386422539471,0.8358023762702942
25,4,reset,1,0.05207650488887643,0.0035161577925955922,0.9492562413215637
25,5,reset,0,1.6199192761257433,0.9674171235085711,0.19791467487812042
25,6,reset,0,1.4511544493558242,0.7843587330289992,0.2342996448278427
72,0,reset,1,0.1746827882752383,0.04351445435821264,0.8397233486175537
72,1,reset,0,1.149055273455295,0.8084972381867107,0.31693604588508606
72,2,reset,0,1.7361630371713543,1.128259819851776,0.1761951595544815
72,3,reset,0,1.042084646160817,0.695905414249357,0.35271862149238586
72,4,reset,0,1.4686188523577781,0.8788022216536409,0.2302432656288147
72,5,reset,0,1.3236558133065772,0.7384994731243992,0.2661604881286621
72,6,reset,1,0.6646268761268662,0.3924897109573073,0.5144654512405396
72,7,reset,0,1.4556108700733341,0.8330713003354169,0.23325783014297485
72,8,reset,0,1.228967918984777,0.9043115134282569,0.29259440302848816
44,0,reset,0,1.8106450627663353,1.0195398871857808,0.16354860365390778
44,1,reset,0,1.2765817952670413,0.7486299645412651,0.278989315032959
44,2,reset,1,0.12413714238574941,0.01977257285040592,0.8832587003707886
44,3,reset,1,1.0961717469992613,0.6183800116250664,0.3341478407382965
247,0,reset,0,1.3862943611198906,0.75,0.25
247,1,reset,0,1.829662607942379,0.9809273686838682,0.1604676991701126
247,2,reset,1,0.8254233041700743,0.45400947907931793,0.4380495250225067
247,3,reset,0,1.3862943611198906,0.75,0.25
247,4,reset,1,0.08437132314437398,0.009128584655565035,0.9190899133682251
247,5,reset,1,0.02247620726429217,0.0007343660070408099,0.9777745008468628
247,6,reset,0,1.2067273091133923,0.6856764280212775,0.29917478561401367
247,7,reset,1,0.06511629676206937,0.005749471292760184,0.9369584918022156
247,8,reset,1,0.5041017886979239,0.24547399653064128,0.6040478944778442
721,0,reset,1,0.1883715249490842,0.04765856737211441,0.8283069133758545
721,1,reset,0,1.3862943611198906,0.75,0.25
721,2,reset,1,0.24155632714013817,0.06459381143288379,0.7854045629501343
721,3,reset,0,0.8944276783522975,0.6048047915427295,0.4088415205478668
721,4,reset,0,1.8272992165472774,0.9851149373345154,0.16084739565849304
721,5,reset,0,1.285508075920186,0.7145444761432014,0.2765100598335266
721,6,reset,1,0.5686351392598832,0.26214969088877,0.5662978291511536
721,7,reset,0,1.6221992705255108,0.9186810640732859,0.19746394455432892
281,0,reset,0,1.2887349359834934,0.7668672298138524,0.275619238615036
281,1,reset,1,0.48820094212643356,0.22456254740065057,0.6137295365333557
893,0,reset,1,0.849442707489212,0.508440373606135,0.4276531934738159
893,1,reset,1,0.6119233114957563,0.31296051890018056,0.5423068404197693
893,2,reset,0,0.9088680507834986,0.6909689359122728,0.40298011898994446
893,3,reset,1,0.16751176882392124,0.03275872591669493,0.8457666635513306
893,4,reset,1,0.14576147710844561,0.02660399685580834,0.8643638491630554
893,5,reset,1,0.6686931545702901,0.3815593000843646,0.5123777389526367
893,6,reset,0,1.3862943611198906,0.75,0.25
914,0,reset,0,1.9734456040134558,1.192453971212569,0.13897716999053955
914,1,reset,1,0.287358749660107,0.08374197223181779,0.7502425312995911
914,2,reset,1,0.4235375886988969,0.16653692891294913,0.6547265648841858
810,0,reset,0,1.0149369017896033,0.6200927825083906,0.362425297498703
810,1,reset,1,0.9216244816949731,0.5178888280512031,0.3978721797466278
810,2,reset,0,1.7849470868103798,0.930169575237356,0.16780593991279602
810,3,reset,1,0.5489878261166101,0.29752292746047226,0.5775340795516968
810,4,reset,1,0.8804480161455888,0.48051996999395713,0.41459712386131287
244,0,reset,1,0.20973590313810764,0.05489917707888663,0.8107983469963074
244,1,reset,0,1.381959782482786,0.7478421520550074,0.2510859966278076
244,2,reset,1,0.10305649868273419,0.016031753564063164,0.902076005935669
244,3,reset,1,0.488329924142848,0.2645633321822674,0.613650381565094
244,4,reset,1,0.2669826798149931,0.10334945406181599,0.7656863331794739
822,0,reset,1,0.6291837711709404,0.2997099248268567,0.5330266952514648
822,1,reset,1,0.27261422596507734,0.0863804187319086,0.7613864541053772
822,2,reset,1,0.06089691054923964,0.0048741727392674385,0.9409202337265015
822,3,reset,1,1.3862943611198906,0.75,0.25
822,4,reset,0,2.950838142832159,1.6589418400372211,0.052295856177806854
822,5,reset,1,0.09888083323868153,0.012300663484181379,0.9058506488800049
822,6,reset,1,0.007922538327935725,8.923539430972075e-05,0.9921087622642517
822,7,reset,1,0.08305835264120513,0.00929703736090408,0.9202974438667297
321,0,reset,0,1.3862943611198906,0.75,0.25
321,1,reset,0,1.5681514910171923,0.9132682850364777,0.20843011140823364
643,0,reset,1,0.6787116800999513,0.34792656692153157,0.507270097732544
643,1,reset,0,1.3862943611198906,0.75,0.25
643,2,reset,1,0.6133620714870722,0.364545070972959,0.5415271520614624
643,3,reset,1,0.7135026626022241,0.43500355602532625,0.4899251461029053
643,4,reset,0,1.4198096547593697,0.9167547240989408,0.2417600303888321
643,5,reset,1,0.07473404437601981,0.007209027169222751,0.9279902577400208
643,6,reset,1,0.4596533639340429,0.1882753041764132,0.6315025091171265
643,7,reset,1,1.0151780299481667,0.5509443358160626,0.3623379170894623
158,0,reset,1,0.8344780864026434,0.44873075148671715,0.4341009855270386
158,1,reset,0,1.2162157926247583,0.6747490345565554,0.29634949564933777
158,2,reset,0,1.0252962094638,0.614314719315858,0.35869020223617554
158,3,reset,1,0.056470076904803906,0.004295685619935041,0.9450947642326355
158,4,reset,1,0.25853262841119445,0.08602763417658844,0.7721838355064392
977,0,reset,1,0.47002394271499215,0.19406465931569855,0.6249873042106628
977,1,reset,1,0.3260969948732882,0.11298402326592817,0.7217351794242859
977,2,reset,1,0.796453407732807,0.454808336554057,0.45092537999153137
429,0,reset,1,0.11638851470706114,0.019042191166643685,0.8901293277740479
429,1,reset,1,0.44642850974450293,0.17632417658227217,0.6399095058441162
429,2,reset,1,0.014665629856055283,0.00032329850630509395,0.9854413866996765
429,3,reset,1,1.1242925952671,0.6148665258333113,0.3248822093009949
429,4,reset,1,0.26286973825764415,0.09384352510261218,0.7688420414924622
429,5,reset,1,0.6654097994680178,0.3225280246057865,0.5140628218650818
429,6,reset,1,0.5197645899556496,0.24134545959672155,0.5946605205535889
429,7,reset,0,1.1612301434123786,0.7983433433799398,0.31310078501701355
429,8,reset,0,1.346782122881826,0.7352758308576366,0.26007580757141113
941,0,reset,1,0.19446227593928175,0.04896914709501199,0.8232772350311279
941,1,reset,0,1.3862943611198906,0.75,0.25
941,2,reset,0,1.2283298965759402,0.6964204222067392,0.29278114438056946
941,3,reset,0,1.2063477480580937,0.7011790687798769,0.2992883622646332
941,4,reset,1,0.566981086016813,0.3357674502147297,0.5672352910041809
941,5,reset,1,0.053860100023921824,0.0039532572019655085,0.9475646615028381
941,6,reset,0,1.1961269693394747,0.6928416786265763,0.30236300826072693
462,0,reset,0,2.1558174269046457,1.1343587513744282,0.11580848693847656
462,1,reset,0,2.0069364387549897,1.1363947418230065,0.13439978659152985
462,2,reset,1,0.8124108107977702,0.4282747502906959,0.4437868893146515
462,3,reset,1,0.24544392112092028,0.06941359899092715,0.7823571562767029
462,4,reset,0,1.2097429167347964,0.73514990775685,0.2982739508152008
309,0,reset,1,0.7218301209818044,0.3951015340143427,0.48586225509643555
309,1,reset,1,0.6183183542616221,0.2840587471514511,0.5388498306274414
309,2,reset,1,0.6661429765754195,0.3239802658407591,0.5136860609054565
697,0,reset,1,0.3726731818202444,0.13575792727427954,0.6888903379440308
697,1,reset,1,0.36145294088071767,0.13267950219703356,0.6966633796691895
697,2,reset,1,0.7836981562121964,0.4263572763463872,0.45671388506889343
697,3,reset,1,0.18627897153797618,0.05093333258162597,0.8300420045852661
697,4,reset,1,0.007759077435770346,8.128795549728707e-05,0.9922709465026855
697,5,reset,1,0.6316781842776072,0.3812952982238457,0.5316987633705139
697,6,reset,1,0.390712229593529,0.1458089545880914,0.6765748262405396
60,0,reset,1,0.519216365176579,0.2606899971962331,0.594986617565155
60,1,reset,1,0.42046660833593374,0.2102918693580044,0.6567403078079224
60,2,reset,1,0.8627444073227949,0.4717996976091932,0.4220023453235626
60,3,reset,0,1.3862943611198906,0.75,0.25
60,4,reset,1,0.19176058645141073,0.04325190925262365,0.82550448179245
60,5,reset,1,0.507611012862435,0.22574439262504692,0.6019318699836731
60,6,reset,1,0.44955843195262474,0.1806235315051195,0.6379097700119019
884,0,reset,0,2.065920262752581,1.0203576464296973,0.12670163810253143
884,1,reset,0,1.8461252798362093,1.0793078904176543,0.157847598195076
884,2,reset,1,0.19714907031371706,0.051807119039358224,0.8210682272911072
884,3,reset,1,0.17618716099207254,0.03544193322275402,0.8384610414505005
884,4,reset,0,1.3345002568424644,0.7255399664570785,0.2632897198200226
884,5,reset,1,0.8384174538773,0.4418542523080433,0.43239426612854004
884,6,reset,1,0.05053780549376032,0.003313364785073051,0.9507179856300354
595,0,reset,1,0.27843962472641814,0.0968911556328054,0.7569639682769775
595,1,reset,1,0.12681661881505524,0.022198330514002936,0.88089519739151
595,2,reset,1,0.4904653024002879,0.23025052540771712,0.6123414039611816
595,3,reset,0,0.9903271947659127,0.5935904891161288,0.3714551329612732
595,4,reset,0,2.0096230337989947,1.1494923708483467,0.13403919339179993
595,5,reset,1,0.4472014497105502,0.18026872783262005,0.6394150853157043
595,6,reset,1,0.6111681890452805,0.28202001659204484,0.5427165031433105
595,7,reset,0,1.2142302028645664,0.8480026189151666,0.2969385087490082
767,0,reset,1,0.21774002507606932,0.05550068316845577,0.8043345212936401
767,1,reset,1,0.9104529746394201,0.47938198438029067,0.40234193205833435
767,2,reset,1,0.3419083977980828,0.11461524321192307,0.7104132771492004
649,0,reset,0,1.7453142764773297,1.0519909898381559,0.1745901107788086
649,1,reset,0,1.1819737631017055,0.6501001878636443,0.3066728413105011
649,2,reset,0,1.7685818977444236,0.9602771258516107,0.17057470977306366
649,3,reset,1,0.18720379877353852,0.04315825388422123,0.8292747139930725
649,4,reset,0,1.1592307004448994,0.8723495536925179,0.3137274384498596
649,5,reset,1,0.6783594747185172,0.47691132528278823,0.5074487924575806
649,6,reset,1,0.1054015377403025,0.015615665201502267,0.8999630808830261
650,0,reset,1,0.6212982110697701,0.30543198404432526,0.5372465252876282
650,1,reset,1,0.455196237397987,0.20576610637640805,0.6343234777450562
650,2,reset,0,1.2667896249149224,0.7659762883473222,0.2817346453666687
650,3,reset,0,1.245339503483921,0.7109047013085417,0.28784316778182983
650,4,reset,1,0.8145790965163344,0.5070602698066781,0.44282567501068115
650,5,reset,0,1.0943956985150387,0.6510413459717557,0.33474183082580566
650,6,reset,0,1.3862943611198906,0.75,0.25
650,7,reset,1,0.3662788768363789,0.13815505005330708,0.6933094263076782
865,0,reset,0,1.1638110657210388,0.7609383087273476,0.31229373812675476
865,1,reset,1,1.3277482151208548,0.7225795666075909,0.2650734782218933
865,2,reset,1,0.4485255476671004,0.17495423892372353,0.6385689973831177
865,3,reset,1,1.1497800572782801,0.6421442013384335,0.31670641899108887
865,4,reset,0,1.681493582661978,1.0761982867688888,0.18609581887722015
865,5,reset,0,1.864397740631602,0.9700497139075124,0.15498952567577362
865,6,reset,0,1.426857814181726,0.8004503194159363,0.24006205797195435
865,7,reset,0,1.946738132033663,1.2797001144883184,0.14273890852928162
865,8,reset,1,0.8578808467729957,0.4469846275868612,0.42405977845191956
668,0,reset,0,1.3534285471849392,0.9771397784538873,0.25835296511650085
668,1,reset,1,0.6598866994931055,0.415930160091762,0.5169098973274231
668,2,reset,1,0.34026938609427504,0.12409677475689497,0.7115786075592041
668,3,reset,1,0.2558155402136423,0.07260287988766245,0.7742847800254822
668,4,reset,1,0.41580245080335987,0.16753794827450008,0.6598106026649475
668,5,reset,0,1.380081084278099,0.746912809892037,0.2515581548213959
298,0,reset,0,1.3862943611198906,0.75,0.25
298,1,reset,1,0.8624288508634793,0.5220517847145993,0.42213553190231323
298,2,reset,1,0.9612705467602473,0.5218571776051666,0.38240671157836914
689,0,reset,1,0.6615324824644484,0.3549140074800275,0.5160598754882812
689,1,reset,0,1.2637529155627032,0.7349640890963642,0.28259149193763733
689,2,reset,0,1.5771211374186491,0.8886072144494781,0.20656892657279968
689,3,reset,0,1.6495309384482024,1.086529339963574,0.19214001297950745
689,4,reset,0,1.3519509028954961,0.7372261612483986,0.2587350010871887
689,5,reset,1,0.3459079088028583,0.13454879159380123,0.707577645778656
689,6,reset,1,0.5884641580855315,0.2791429175731992,0.5551792979240417
314,0,reset,0,1.923719080083659,0.9933348981125072,0.1460627317428589
314,1,reset,0,1.6381203621437914,0.9390510546904967,0.19434499740600586
314,2,reset,1,0.691673409763505,0.3558588275016076,0.5007374286651611
310,0,reset,0,1.566818189779348,0.8938722128537249,0.20870819687843323
310,1,reset,0,1.8622506738565414,0.9915227295938593,0.15532265603542328
310,2,reset,1,0.13800512561908906,0.023809601534982797,0.8710942268371582
310,3,reset,1,0.40421059172171947,0.14863944604889656,0.6675035357475281
310,4,reset,0,1.4760320178131168,0.875087508634258,0.2285427451133728
361,0,reset,0,1.3560730950727147,0.8104702113527935,0.25767064094543457
361,1,reset,1,0.4121871529812772,0.16733386062211325,0.6622003316879272
361,2,reset,1,0.22849834945444203,0.058057599711587596,0.7957276105880737
361,3,reset,0,1.6033699655266516,0.8857805185962095,0.20121727883815765
361,4,reset,1,0.5146782903443448,0.2303219105414221,0.5976928472518921
361,5,reset,0,1.0626933946535944,0.6403378655269336,0.3455239236354828
479,0,reset,1,0.8206966629354744,0.4382083087961515,0.4401249289512634
479,1,reset,1,0.6913133975370529,0.4096300154510471,0.5009177327156067
479,2,reset,1,0.29859163651714365,0.09063383333572363,0.7418622970581055
479,3,reset,1,1.3862943611198906,0.75,0.25
110,0,reset,0,1.1742181831570815,0.8028286856075941,0.3090605139732361
110,1,reset,0,2.5273700721197483,1.232864125854876,0.07986879348754883
110,2,reset,0,1.5478279574671359,0.8282586119455797,0.2127094864845276
110,3,reset,0,1.3862943611198906,0.75,0.25
110,4,reset,0,1.7366798204796479,0.9408470230590931,0.1761041283607483
110,5,reset,0,2.319744187151396,1.225966533774604,0.09829872846603394
989,0,reset,0,1.4380683224780013,0.7820598271754742,0.23738586902618408
989,1,reset,1,1.2295650717930957,0.6708860327801114,0.2924197316169739
989,2,reset,1,0.26189386201868087,0.07793956881000735,0.7695927023887634
989,3,reset,0,1.4403856563336923,0.9255166206036898,0.23683640360832214
989,4,reset,1,0.8209840118545143,0.4208764001506229,0.43999847769737244
989,5,reset,0,1.2597227430040308,0.8031716039790143,0.28373268246650696
989,6,reset,1,0.717902821087921,0.43440242689848346,0.487774133682251
486,0,reset,1,0.6364142688284191,0.33096585474135165,0.5291865468025208
486,1,reset,1,0.5882323923900571,0.27199444224083097,0.5553079843521118
486,2,reset,1,0.7890033090993719,0.42059156590292734,0.45429736375808716
486,3,reset,1,0.796224493074747,0.407681812811314,0.45102861523628235
363,0,reset,0,1.2524609973581646,0.7395527808350928,0.285800576210022
363,1,reset,0,1.2181526340597422,0.6987393098594554,0.2957760691642761
363,2,reset,1,1.041174983852531,0.6150677815449899,0.35303962230682373
363,3,reset,0,1.4970717155233706,0.8106780518418439,0.22378450632095337
363,4,reset,0,1.1765354454832864,0.6644473856087638,0.30834516882896423
254,0,reset,0,1.7506045452106593,0.9652632237322714,0.17366892099380493
254,1,reset,1,0.3091422760387653,0.09650011949134357,0.7340763211250305
254,2,reset,1,0.9257251976537146,0.5197973976650727,0.39624395966529846
254,3,reset,1,0.5257097097939205,0.2621870860048804,0.5911356806755066
254,4,reset,0,1.2389630702776817,0.6815590708292387,0.2896844446659088
802,0,reset,1,0.2602065752714791,0.07472592278853779,0.770892322063446
802,1,reset,1,0.07939835565134855,0.008467791314822535,0.9236719012260437
802,2,reset,1,0.17269976405160406,0.03546052567387051,0.8413901925086975
802,3,reset,0,1.6931380014748727,1.0781756572051655,0.18394140899181366
802,4,reset,1,0.2277599007845106,0.0554963011955662,0.7963154315948486
677,0,reset,0,1.3862943611198906,0.75,0.25
677,1,reset,0,1.9532699830319313,1.2207036219212504,0.1418095976114273
677,2,reset,1,0.8826669043826393,0.4608750102378718,0.41367819905281067
677,3,reset,1,0.5474233212309005,0.25095909314258935,0.5784383416175842
677,4,reset,0,1.1866817091215605,0.6524473280205516,0.305232435464859
677,5,reset,1,0.868478238074933,0.47344915920306746,0.4195895791053772
494,0,reset,0,1.292690415644077,0.7261454889820351,0.27453118562698364
494,1,reset,1,0.8085361877092753,0.43480668988850374,0.44550973176956177
494,2,reset,1,0.6732051535598188,0.36930650575329876,0.5100710988044739
494,3,reset,0,1.714497595722434,1.0644404264758438,0.18005415797233582
494,4,reset,0,0.9450543057097073,0.5604765783693646,0.38865846395492554
494,5,reset,0,1.036177717287295,0.6448672180521982,0.3548082709312439
670,0,reset,1,1.1057256835321663,0.6154183674639229,0.3309706151485443
670,1,reset,1,0.23096767048901098,0.058034291007336425,0.793765127658844
670,2,reset,0,1.43949444927913,0.7977509824289994,0.23704756796360016
670,3,reset,0,1.3862943611198906,0.75,0.25
670,4,reset,0,1.1903497602156377,0.7250045260323411,0.3041148781776428
670,5,reset,0,1.695686429696534,0.9975173348655875,0.18347324430942535
377,0,reset,1,0.6920225966574605,0.36367459534233976,0.5005626082420349
377,1,reset,1,0.24828786981270232,0.0755937949441239,0.7801353335380554
377,2,reset,1,0.17984871137956612,0.03871545049195857,0.8353965878486633
377,3,reset,1,0.02718113962776195,0.0010366907894185256,0.9731849431991577
526,0,reset,1,0.2956018271352859,0.0974754100520524,0.7440836429595947
526,1,reset,0,2.0920238730100706,1.4259818358389982,0.1234370619058609
526,2,reset,1,0.4407080757624333,0.19749159973760527,0.6435805559158325
526,3,reset,1,0.5393033243899613,0.24714904112810232,0.5831543803215027
845,0,reset,1,0.26806289157422086,0.07611444282123515,0.764859676361084
845,1,reset,0,1.196000518811055,0.7345285454069337,0.30240124464035034
845,2,reset,1,0.7019118967305742,0.37451197838998773,0.49563679099082947
845,3,reset,0,1.7914260070429093,0.9832615051149596,0.16672225296497345
845,4,reset,1,0.43700666520549447,0.17050241503471902,0.6459671258926392
137,0,reset,0,1.0831696673723472,0.6985314442086623,0.3385208249092102
137,1,reset,1,0.41910797211768264,0.1648884960767219,0.6576331853866577
137,2,reset,1,0.8111865266818423,0.4370824913371823,0.4443305432796478
137,3,reset,0,1.2814280900860069,0.7265701286737833,0.27764052152633667
137,4,reset,0,1.3862943611198906,0.75,0.25
137,5,reset,1,1.1181004019162162,0.6198773547155148,0.3269001841545105
137,6,reset,1,0.16666995774634374,0.03307112843219012,0.8464789390563965
137,7,reset,0,1.3862943611198906,0.75,0.25
355,0,reset,1,0.9546493018070428,0.5482869951483449,0.38494712114334106
355,1,reset,1,0.21695319885539407,0.07473111128867319,0.8049676418304443
355,2,reset,1,0.562286778921059,0.25237654381787805,0.5699043273925781
355,3,reset,1,0.842650058608252,0.43254385492352965,0.43056797981262207
365,0,reset,0,2.507559777171004,1.2466366608861228,0.08146679401397705
365,1,reset,0,1.3862943611198906,0.75,0.25
365,2,reset,0,1.3862943611198906,0.75,0.25
365,3,reset,1,0.708158059191073,0.39195115462008623,0.4925506114959717
365,4,reset,0,1.3100018483369096,0.7274721033742095,0.26981955766677856
942,0,reset,0,1.523786977802294,0.931941911404879,0.21788519620895386
942,1,reset,1,0.4630463239508758,0.2070828431312886,0.629363477230072
942,2,reset,1,0.8421660769452662,0.4852944835951154,0.4307764172554016
942,3,reset,1,0.4808821164947495,0.2035405045161094,0.6182377934455872
942,4,reset,0,1.6404790194618657,0.9852857590100742,0.1938871443271637
942,5,reset,0,1.7037197109245252,0.936859966657476,0.18200525641441345
942,6,reset,1,0.6456159092458326,0.3292663428110958,0.524339497089386
749,0,reset,1,0.13752906919874758,0.022614002258452146,0.8715090155601501
749,1,reset,0,1.6303382026818898,0.938966815891528,0.19586332142353058
749,2,reset,0,1.196316822993042,0.6782193000293149,0.3023056089878082
749,3,reset,1,1.0256629375343123,0.5858465625608278,0.35855868458747864
749,4,reset,1,0.08892799548759621,0.00997988493227549,0.9149114489555359
749,5,reset,1,0.4409209256537693,0.19469118043074918,0.6434435844421387
948,0,reset,0,1.185369922950106,0.6874389257391862,0.3056330978870392
948,1,reset,0,1.0785964116799445,0.7050029728366786,0.34007251262664795
948,2,reset,1,0.26447603218900023,0.07965981488398444,0.7676080465316772
829,0,reset,1,0.16839957267759606,0.041944791068993584,0.8450161218643188
829,1,reset,1,0.7429470951022369,0.4081006087090926,0.4757098853588104
829,2,reset,1,1.3862943611198906,0.75,0.25
656,0,reset,0,1.2718396715131415,0.8145748890948491,0.28031545877456665
656,1,reset,0,1.5799746691053407,0.8816485573281807,0.2059803158044815
656,2,reset,1,1.251425753591826,0.6831237486084185,0.28609660267829895
656,3,reset,0,1.2874119930095218,0.7677139801532322,0.27598410844802856
656,4,reset,1,0.49628780492311747,0.22987444543092303,0.608786404132843
656,5,reset,1,0.2703593625225997,0.10157469912850887,0.7631052136421204
199,0,reset,1,0.08104645677380305,0.008470225943230533,0.9221508502960205
199,1,reset,1,0.37622292493383735,0.1512815047829023,0.6864492893218994
199,2,reset,0,1.0527127127543245,0.679741025338302,0.3489897549152374
199,3,reset,1,0.5704523013227941,0.25425942276725055,0.5652697086334229
213,0,reset,1,0.13572554595724,0.022513918749458475,0.8730822205543518
213,1,reset,0,2.138351199931695,1.0901973216597194,0.11784899234771729
213,2,reset,1,0.7164427142642461,0.3588114860348082,0.4884868562221527
213,3,reset,0,1.688503057878843,0.8887413574482634,0.18479594588279724
213,4,reset,1,0.4035787622428791,0.15583839225195667,0.6679254174232483
213,5,reset,1,0.09409485272990525,0.010980321889657071,0.9101964235305786
408,0,reset,1,0.5764284818272545,0.31552952197858014,0.5619016289710999
408,1,reset,1,0.4079691920010541,0.17926048107155418,0.6649993658065796
408,2,reset,1,0.8060913610935503,0.44972840259761093,0.4466002583503723
408,3,reset,1,0.3608591783462128,0.12336568803385739,0.6970771551132202
408,4,reset,1,0.6479294962649744,0.30835961787606503,0.5231277942657471
408,5,reset,1,0.38168878561727826,0.16295440674455888,0.6827074885368347
408,6,reset,0,0.9061396632842312,0.551594984181786,0.4040811061859131
408,7,reset,0,1.8636454161316853,1.0900287532574278,0.15510617196559906
332,0,reset,1,0.8843568586085359,0.46081303256256034,0.41297969222068787
332,1,reset,0,1.646616535018991,0.9096185049787571,0.1927008032798767
208,0,reset,1,0.3360001004944615,0.11209344449294613,0.7146230340003967
208,1,reset,1,0.06378895980302429,0.005136461576898694,0.938202977180481
208,2,reset,0,1.636614856652109,1.1622225868679346,0.19463780522346497
208,3,reset,1,0.33639544494544055,0.12036628303289679,0.7143405675888062
613,0,reset,1,0.1407118476999587,0.024790480672550547,0.8687396049499512
613,1,reset,1,0.06299006343136734,0.005007083821831269,0.9389528036117554
613,2,reset,0,1.7358649656159928,1.0091261369738433,0.17624768614768982
613,3,reset,1,0.6331742989335893,0.3005072505023186,0.5309038758277893
613,4,reset,1,0.833131404417473,0.43387962069014385,0.43468597531318665
