topic_query,count,fraction,split
Travel,2115,0.11402231926249394,train
Health,1724,0.09294301579599978,train
Food,1403,0.07563750067389077,train
Entertainment,1034,0.05574424497277481,train
Work,701,0.03779179470591407,train
travel,652,0.03515014286484447,train
Home,475,0.02560784947975632,train
Mental Health,446,0.02404442287993962,train
health,377,0.02032454579761712,train
Relationships,347,0.018707207935737775,train
food,324,0.017467248908296942,train
technology,309,0.01665857997735727,train
Sports,306,0.016496846191169336,train
entertainment,302,0.016281201142918755,train
Music,289,0.015580354736104373,train
Fashion,286,0.015418620949916438,train
Leisure,248,0.013369992991535932,train
Outdoors,246,0.013262170467410642,train
work,214,0.011537010081406006,train
Wellness,199,0.010728341150466333,train
business,180,0.009704027171276079,train
Relaxation,151,0.008140600571459378,train
finance,150,0.008086689309396733,train
home,149,0.008032778047334089,train
Books,147,0.007924955523208798,train
Communication,131,0.00706237533020648,train
Community,127,0.006846730281955901,train
Hobbies,121,0.006523262709580031,train
Motivation,110,0.005930238826890938,train
Fitness,110,0.005930238826890938,train
security,107,0.005768505040703003,train
Culture,100,0.0053911262062644886,train
Events,100,0.0053911262062644886,train
Technology,100,0.0053911262062644886,train
Emotions,99,0.005337214944201844,train
Volunteering,92,0.00495983610976333,train
Self-improvement,92,0.00495983610976333,train
Art,86,0.00463636853738746,train
Productivity,81,0.004366812227074236,train
community,79,0.004258989702948946,train
sports,75,0.004043344654698367,train
relationships,74,0.003989433392635721,train
Grief,73,0.003935522130573077,train
mental health,72,0.0038816108685104317,train
Mindfulness,71,0.003827699606447787,train
Education,67,0.0036120545581972076,train
Home Decor,62,0.003342498247883983,train
Study,62,0.003342498247883983,train
events,61,0.0032885869858213382,train
Decor,61,0.0032885869858213382,train
Finance,61,0.0032885869858213382,train
Stress,60,0.0032346757237586934,train
Socializing,60,0.0032346757237586934,train
outdoors,57,0.0030729419375707585,train
Photography,57,0.0030729419375707585,train
Shopping,57,0.0030729419375707585,train
fashion,57,0.0030729419375707585,train
Celebrations,54,0.002911208151382824,train
Gifts,53,0.002857296889320179,train
News,52,0.002803385627257534,train
automotive,52,0.002803385627257534,train
Sleep,51,0.002749474365194889,train
government,48,0.0025877405790069546,train
self-improvement,46,0.002479918054881665,train
Gardening,45,0.0024260067928190197,train
Lifestyle,44,0.002372095530756375,train
Confidence,44,0.002372095530756375,train
Crafts,43,0.00231818426869373,train
music,43,0.00231818426869373,train
Family,41,0.0022103617445684404,train
leisure,37,0.0019947166963178607,train
Wellbeing,36,0.0019408054342552159,train
Creativity,35,0.001886894172192571,train
Friendship,35,0.001886894172192571,train
Mental health,34,0.0018329829101299262,train
History,33,0.0017790716480672812,train
Decorating,33,0.0017790716480672812,train
volunteer,32,0.0017251603860046363,train
study,32,0.0017251603860046363,train
Cooking,32,0.0017251603860046363,train
communication,31,0.0016712491239419915,train
event,31,0.0016712491239419915,train
relaxation,31,0.0016712491239419915,train
Environment,30,0.0016173378618793467,train
hobbies,28,0.0015095153377540568,train
Parenting,28,0.0015095153377540568,train
art,27,0.001455604075691412,train
volunteering,27,0.001455604075691412,train
transport,27,0.001455604075691412,train
MentalHealth,27,0.001455604075691412,train
Games,26,0.001401692813628767,train
Science,26,0.001401692813628767,train
Networking,26,0.001401692813628767,train
Nature,26,0.001401692813628767,train
wellness,25,0.0013477815515661221,train
books,25,0.0013477815515661221,train
productivity,25,0.0013477815515661221,train
Business,24,0.0012938702895034773,train
Workspaces,23,0.0012399590274408325,train
decor,23,0.0012399590274408325,train
Writing,22,0.0011860477653781874,train
PublicSpeaking,22,0.0011860477653781874,train
Sustainability,22,0.0011860477653781874,train
Self-help,21,0.0011321365033155426,train
Security,20,0.0010782252412528978,train
Anxiety,20,0.0010782252412528978,train
Pets,20,0.0010782252412528978,train
Literature,19,0.0010243139791902528,train
education,18,0.0009704027171276079,train
Charity,18,0.0009704027171276079,train
transportation,17,0.0009164914550649631,train
Hospitality,17,0.0009164914550649631,train
Beverages,17,0.0009164914550649631,train
banking,17,0.0009164914550649631,train
insurance,17,0.0009164914550649631,train
Learning,17,0.0009164914550649631,train
Mindset,17,0.0009164914550649631,train
Self-Improvement,16,0.0008625801930023182,train
Politics,16,0.0008625801930023182,train
social,15,0.0008086689309396733,train
Self-esteem,15,0.0008086689309396733,train
Transportation,15,0.0008086689309396733,train
Mentalhealth,15,0.0008086689309396733,train
fitness,15,0.0008086689309396733,train
creativity,14,0.0007547576688770284,train
Podcasts,14,0.0007547576688770284,train
Design,14,0.0007547576688770284,train
culture,14,0.0007547576688770284,train
shopping,14,0.0007547576688770284,train
Organization,14,0.0007547576688770284,train
motivation,13,0.0007008464068143835,train
privacy,12,0.0006469351447517387,train
socializing,12,0.0006469351447517387,train
payments,12,0.0006469351447517387,train
Activities,12,0.0006469351447517387,train
Skincare,12,0.0006469351447517387,train
HomeDecor,12,0.0006469351447517387,train
Camping,11,0.0005930238826890937,train
Collecting,11,0.0005930238826890937,train
DIY,11,0.0005930238826890937,train
Gaming,11,0.0005930238826890937,train
environment,11,0.0005930238826890937,train
self-help,11,0.0005930238826890937,train
photography,11,0.0005930238826890937,train
Celebration,11,0.0005930238826890937,train
Recreation,11,0.0005930238826890937,train
news,10,0.0005391126206264489,train
DevOps,10,0.0005391126206264489,train
Hosting,10,0.0005391126206264489,train
Safety,10,0.0005391126206264489,train
Automotive,10,0.0005391126206264489,train
crafts,9,0.00048520135856380397,train
mindfulness,9,0.00048520135856380397,train
celebration,9,0.00048520135856380397,train
Weddings,9,0.00048520135856380397,train
Cycling,9,0.00048520135856380397,train
Documentaries,8,0.0004312900965011591,train
legal,8,0.0004312900965011591,train
Legal,8,0.0004312900965011591,train
Etiquette,8,0.0004312900965011591,train
Career,8,0.0004312900965011591,train
party,8,0.0004312900965011591,train
Traditions,8,0.0004312900965011591,train
Reading,8,0.0004312900965011591,train
Uncategorized,8,0.0004312900965011591,train
Stress Management,7,0.0003773788344385142,train
Activism,7,0.0003773788344385142,train
design,7,0.0003773788344385142,train
registration,7,0.0003773788344385142,train
science,7,0.0003773788344385142,train
Beauty,7,0.0003773788344385142,train
Jewelry,6,0.00032346757237586933,train
organization,6,0.00032346757237586933,train
Coffee,6,0.00032346757237586933,train
nature,6,0.00032346757237586933,train
activism,6,0.00032346757237586933,train
Philosophy,6,0.00032346757237586933,train
marketing,6,0.00032346757237586933,train
Cars,6,0.00032346757237586933,train
Identity,6,0.00032346757237586933,train
Language,6,0.00032346757237586933,train
Loneliness,6,0.00032346757237586933,train
driving,6,0.00032346757237586933,train
Space,6,0.00032346757237586933,train
Clothing,6,0.00032346757237586933,train
gardening,6,0.00032346757237586933,train
wellbeing,5,0.00026955631031322445,train
literature,5,0.00026955631031322445,train
Movies,5,0.00026955631031322445,train
collecting,5,0.00026955631031322445,train
emotions,5,0.00026955631031322445,train
tech,5,0.00026955631031322445,train
parking,5,0.00026955631031322445,train
Cleaning,5,0.00026955631031322445,train
friendship,5,0.00026955631031322445,train
Energy,5,0.00026955631031322445,train
pets,5,0.00026955631031322445,train
Decorations,5,0.00026955631031322445,train
Social,5,0.00026955631031322445,train
Film,5,0.00026955631031322445,train
Holidays,5,0.00026955631031322445,train
Furniture,5,0.00026955631031322445,train
learning,4,0.00021564504825057954,train
Drinks,4,0.00021564504825057954,train
Self-Reflection,4,0.00021564504825057954,train
history,4,0.00021564504825057954,train
arts,4,0.00021564504825057954,train
lifestyle,4,0.00021564504825057954,train
Programming,4,0.00021564504825057954,train
documentation,4,0.00021564504825057954,train
devops,4,0.00021564504825057954,train
charity,4,0.00021564504825057954,train
family,4,0.00021564504825057954,train
licensing,4,0.00021564504825057954,train
wedding,4,0.00021564504825057954,train
Storytelling,4,0.00021564504825057954,train
permits,4,0.00021564504825057954,train
decision-making,4,0.00021564504825057954,train
selfcare,4,0.00021564504825057954,train
Crafting,4,0.00021564504825057954,train
self-care,4,0.00021564504825057954,train
Festivals,4,0.00021564504825057954,train
Conversation,4,0.00021564504825057954,train
Conflict,4,0.00021564504825057954,train
Entertaining,4,0.00021564504825057954,train
celebrations,4,0.00021564504825057954,train
beauty,4,0.00021564504825057954,train
Theater,3,0.00016173378618793466,train
Research,3,0.00016173378618793466,train
grief,3,0.00016173378618793466,train
Government,3,0.00016173378618793466,train
Poetry,3,0.00016173378618793466,train
Investing,3,0.00016173378618793466,train
cars,3,0.00016173378618793466,train
Audiobooks,3,0.00016173378618793466,train
Marketing,3,0.00016173378618793466,train
hospitality,3,0.00016173378618793466,train
recreation,3,0.00016173378618793466,train
Reflection,3,0.00016173378618793466,train
Work-life balance,3,0.00016173378618793466,train
cybersecurity,3,0.00016173378618793466,train
Boundaries,3,0.00016173378618793466,train
SelfEsteem,3,0.00016173378618793466,train
license,3,0.00016173378618793466,train
mentalhealth,3,0.00016173378618793466,train
Mentorship,3,0.00016173378618793466,train
SelfImprovement,3,0.00016173378618793466,train
Adventure,3,0.00016173378618793466,train
interiors,3,0.00016173378618793466,train
Meditation,3,0.00016173378618793466,train
Housing,3,0.00016173378618793466,train
Life,3,0.00016173378618793466,train
Antiques,3,0.00016173378618793466,train
Belonging,3,0.00016173378618793466,train
Mental-health,3,0.00016173378618793466,train
Astronomy,3,0.00016173378618793466,train
gifts,3,0.00016173378618793466,train
research,3,0.00016173378618793466,train
Fundraising,3,0.00016173378618793466,train
Mental_health,3,0.00016173378618793466,train
Cafes,3,0.00016173378618793466,train
Teaching,3,0.00016173378618793466,train
Caregiving,3,0.00016173378618793466,train
Dreams,3,0.00016173378618793466,train
Hiking,3,0.00016173378618793466,train
Exercise,3,0.00016173378618793466,train
Presentation,3,0.00016173378618793466,train
Dance,3,0.00016173378618793466,train
Weather,3,0.00016173378618793466,train
Collectibles,3,0.00016173378618793466,train
sustainability,3,0.00016173378618793466,train
mindset,3,0.00016173378618793466,train
Memories,3,0.00016173378618793466,train
parenting,3,0.00016173378618793466,train
Genealogy,3,0.00016173378618793466,train
Workspace,3,0.00016173378618793466,train
Vehicles,3,0.00016173378618793466,train
Parking,3,0.00016173378618793466,train
career,2,0.00010782252412528977,train
Preservation,2,0.00010782252412528977,train
Finances,2,0.00010782252412528977,train
Entretenimiento,2,0.00010782252412528977,train
Trust,2,0.00010782252412528977,train
Mood,2,0.00010782252412528977,train
memories,2,0.00010782252412528977,train
Vision,2,0.00010782252412528977,train
genealogy,2,0.00010782252412528977,train
Arts,2,0.00010782252412528977,train
Social Media,2,0.00010782252412528977,train
Self-discovery,2,0.00010782252412528977,train
nonprofit,2,0.00010782252412528977,train
Self-reflection,2,0.00010782252412528977,train
Teamwork,2,0.00010782252412528977,train
Farming,2,0.00010782252412528977,train
games,2,0.00010782252412528977,train
Privacy,2,0.00010782252412528977,train
Payments,2,0.00010782252412528977,train
RealEstate,2,0.00010782252412528977,train
Entrepreneurship,2,0.00010782252412528977,train
Licensing,2,0.00010782252412528977,train
Commute,2,0.00010782252412528977,train
office,2,0.00010782252412528977,train
reflection,2,0.00010782252412528977,train
SocialMedia,2,0.00010782252412528977,train
Self‑Improvement,2,0.00010782252412528977,train
Outdoor,2,0.00010782252412528977,train
podcasts,2,0.00010782252412528977,train
Footwear,2,0.00010782252412528977,train
entertaining,2,0.00010782252412528977,train
nightlife,2,0.00010782252412528977,train
Parties,2,0.00010782252412528977,train
Self-image,2,0.00010782252412528977,train
Economy,2,0.00010782252412528977,train
Self-development,2,0.00010782252412528977,train
Interior Design,2,0.00010782252412528977,train
Chess,2,0.00010782252412528977,train
Budgeting,2,0.00010782252412528977,train
reading,2,0.00010782252412528977,train
verification,2,0.00010782252412528977,train
self-esteem,2,0.00010782252412528977,train
Planning,2,0.00010782252412528977,train
Dating,2,0.00010782252412528977,train
Inclusion,2,0.00010782252412528977,train
home decor,2,0.00010782252412528977,train
Wedding,2,0.00010782252412528977,train
gaming,2,0.00010782252412528977,train
tax,2,0.00010782252412528977,train
Stationery,2,0.00010782252412528977,train
Inspiration,2,0.00010782252412528977,train
comfort,2,0.00010782252412528977,train
etiquette,2,0.00010782252412528977,train
Architecture,2,0.00010782252412528977,train
Self-awareness,2,0.00010782252412528977,train
Banking,2,0.00010782252412528977,train
Running,2,0.00010782252412528977,train
Leadership,2,0.00010782252412528977,train
Decision-making,2,0.00010782252412528977,train
Gatherings,2,0.00010782252412528977,train
clothing,2,0.00010782252412528977,train
Values,2,0.00010782252412528977,train
Guilt,2,0.00010782252412528977,train
academia,2,0.00010782252412528977,train
Museums,2,0.00010782252412528977,train
Nutrition,2,0.00010782252412528977,train
media,2,0.00010782252412528977,train
Discrimination,2,0.00010782252412528977,train
Journalism,2,0.00010782252412528977,train
billing,2,0.00010782252412528977,train
Maritime,1,5.3911262062644886e-05,train
Everyday,1,5.3911262062644886e-05,train
Balance,1,5.3911262062644886e-05,train
Groceries,1,5.3911262062644886e-05,train
InteriorDesign,1,5.3911262062644886e-05,train
Perfectionism,1,5.3911262062644886e-05,train
Utilities,1,5.3911262062644886e-05,train
publicspeaking,1,5.3911262062644886e-05,train
hosting,1,5.3911262062644886e-05,train
Motorcycles,1,5.3911262062644886e-05,train
mailing,1,5.3911262062644886e-05,train
Friends,1,5.3911262062644886e-05,train
Comfort,1,5.3911262062644886e-05,train
Embarrassment,1,5.3911262062644886e-05,train
gatherings,1,5.3911262062644886e-05,train
Food Competitions,1,5.3911262062644886e-05,train
Automobiles,1,5.3911262062644886e-05,train
Appliances,1,5.3911262062644886e-05,train
Self-compassion,1,5.3911262062644886e-05,train
confidence,1,5.3911262062644886e-05,train
Homedecor,1,5.3911262062644886e-05,train
Publishing,1,5.3911262062644886e-05,train
Trends,1,5.3911262062644886e-05,train
Performance,1,5.3911262062644886e-05,train
Savings,1,5.3911262062644886e-05,train
Self-Development,1,5.3911262062644886e-05,train
study abroad,1,5.3911262062644886e-05,train
Audio,1,5.3911262062644886e-05,train
Self-care,1,5.3911262062644886e-05,train
hobby,1,5.3911262062644886e-05,train
analytics,1,5.3911262062644886e-05,train
Conflict Resolution,1,5.3911262062644886e-05,train
housing,1,5.3911262062644886e-05,train
Tea,1,5.3911262062644886e-05,train
programming,1,5.3911262062644886e-05,train
Interview,1,5.3911262062644886e-05,train
Adoption,1,5.3911262062644886e-05,train
Gathering,1,5.3911262062644886e-05,train
movies,1,5.3911262062644886e-05,train
Engineering,1,5.3911262062644886e-05,train
decorating,1,5.3911262062644886e-05,train
VirtualReality,1,5.3911262062644886e-05,train
event planning,1,5.3911262062644886e-05,train
Organizing,1,5.3911262062644886e-05,train
Religion,1,5.3911262062644886e-05,train
transit,1,5.3911262062644886e-05,train
Baking,1,5.3911262062644886e-05,train
entrepreneurship,1,5.3911262062644886e-05,train
self-growth,1,5.3911262062644886e-05,train
zoning,1,5.3911262062644886e-05,train
Tools,1,5.3911262062644886e-05,train
Climate,1,5.3911262062644886e-05,train
Storage,1,5.3911262062644886e-05,train
Automation,1,5.3911262062644886e-05,train
illustration,1,5.3911262062644886e-05,train
fundraising,1,5.3911262062644886e-05,train
Recycling,1,5.3911262062644886e-05,train
Selfhelp,1,5.3911262062644886e-05,train
Gifting,1,5.3911262062644886e-05,train
writing,1,5.3911262062644886e-05,train
LGBTQ,1,5.3911262062644886e-05,train
plants,1,5.3911262062644886e-05,train
social media,1,5.3911262062644886e-05,train
outreach,1,5.3911262062644886e-05,train
Literacy,1,5.3911262062644886e-05,train
party planning,1,5.3911262062644886e-05,train
Campus,1,5.3911262062644886e-05,train
Collaboration,1,5.3911262062644886e-05,train
Relocation,1,5.3911262062644886e-05,train
Sailing,1,5.3911262062644886e-05,train
safety,1,5.3911262062644886e-05,train
Guidance,1,5.3911262062644886e-05,train
networking,1,5.3911262062644886e-05,train
Mental Fitness,1,5.3911262062644886e-05,train
Preparedness,1,5.3911262062644886e-05,train
Nightlife,1,5.3911262062644886e-05,train
kindness,1,5.3911262062644886e-05,train
mental-health,1,5.3911262062644886e-05,train
Mentoring,1,5.3911262062644886e-05,train
Spirituality,1,5.3911262062644886e-05,train
commerce,1,5.3911262062644886e-05,train
software,1,5.3911262062644886e-05,train
Accessibility,1,5.3911262062644886e-05,train
immigration,1,5.3911262062644886e-05,train
stress,1,5.3911262062644886e-05,train
Self-confidence,1,5.3911262062644886e-05,train
Transporte,1,5.3911262062644886e-05,train
loans,1,5.3911262062644886e-05,train
renovation,1,5.3911262062644886e-05,train
account,1,5.3911262062644886e-05,train
Defense,1,5.3911262062644886e-05,train
Renovation,1,5.3911262062644886e-05,train
Focus,1,5.3911262062644886e-05,train
Festival,1,5.3911262062644886e-05,train
Workshops,1,5.3911262062644886e-05,train
Delivery,1,5.3911262062644886e-05,train
disaster,1,5.3911262062644886e-05,train
Boating,1,5.3911262062644886e-05,train
Filmmaking,1,5.3911262062644886e-05,train
Hairstyles,1,5.3911262062644886e-05,train
Skills,1,5.3911262062644886e-05,train
Swimwear,1,5.3911262062644886e-05,train
Shipping,1,5.3911262062644886e-05,train
ecommerce,1,5.3911262062644886e-05,train
aviation,1,5.3911262062644886e-05,train
animation,1,5.3911262062644886e-05,train
politics,1,5.3911262062644886e-05,train
Humor,1,5.3911262062644886e-05,train
Lighting,1,5.3911262062644886e-05,train
Romance,1,5.3911262062644886e-05,train
Food & Drink,1,5.3911262062644886e-05,train
hangout,1,5.3911262062644886e-05,train
selfReflection,1,5.3911262062644886e-05,train
performance,1,5.3911262062644886e-05,train
warranty,1,5.3911262062644886e-05,train
VR,1,5.3911262062644886e-05,train
Fragrance,1,5.3911262062644886e-05,train
archiving,1,5.3911262062644886e-05,train
Social media,1,5.3911262062644886e-05,train
Restoration,1,5.3911262062644886e-05,train
friends,1,5.3911262062644886e-05,train
Home Improvement,1,5.3911262062644886e-05,train
Streaming,1,5.3911262062644886e-05,train
Money,1,5.3911262062644886e-05,train
style,1,5.3911262062644886e-05,train
realestate,1,5.3911262062644886e-05,train
payment,1,5.3911262062644886e-05,train
eSports,1,5.3911262062644886e-05,train
refund,1,5.3911262062644886e-05,train
camping,1,5.3911262062644886e-05,train
membership,1,5.3911262062644886e-05,train
ScienceFiction,1,5.3911262062644886e-05,train
real estate,1,5.3911262062644886e-05,train
cooking,1,5.3911262062644886e-05,train
Trivia,1,5.3911262062644886e-05,train
interior,1,5.3911262062644886e-05,train
Wildlife,1,5.3911262062644886e-05,train
Comedy,1,5.3911262062644886e-05,train
regret,1,5.3911262062644886e-05,train
grants,1,5.3911262062644886e-05,train
dating,1,5.3911262062644886e-05,train
Homecoming,1,5.3911262062644886e-05,train
donations,1,5.3911262062644886e-05,train
Success,1,5.3911262062644886e-05,train
self-discovery,1,5.3911262062644886e-05,train
memory,1,5.3911262062644886e-05,train
Law,1,5.3911262062644886e-05,train
Urban,1,5.3911262062644886e-05,train
Self‑esteem,1,5.3911262062644886e-05,train
visa,1,5.3911262062644886e-05,train
Party,1,5.3911262062644886e-05,train
Self-Discovery,1,5.3911262062644886e-05,train
antiques,1,5.3911262062644886e-05,train
Worldbuilding,1,5.3911262062644886e-05,train
Motorcycling,1,5.3911262062644886e-05,train
Interior,1,5.3911262062644886e-05,train
DecisionMaking,1,5.3911262062644886e-05,train
Desserts,1,5.3911262062644886e-05,train
Boardgames,1,5.3911262062644886e-05,train
trade,1,5.3911262062644886e-05,train
Esports,1,5.3911262062644886e-05,train
regulations,1,5.3911262062644886e-05,train
Stories,1,5.3911262062644886e-05,train
automobile,1,5.3911262062644886e-05,train
Conservation,1,5.3911262062644886e-05,train
Kitchen,1,5.3911262062644886e-05,train
Self‑improvement,1,5.3911262062644886e-05,train
Decision-Making,1,5.3911262062644886e-05,train
Food Safety,1,5.3911262062644886e-05,train
finances,1,5.3911262062644886e-05,train
urban planning,1,5.3911262062644886e-05,train
Theatre,1,5.3911262062644886e-05,train
Conferences,1,5.3911262062644886e-05,train
LGBTQ+,1,5.3911262062644886e-05,train
STEM,1,5.3911262062644886e-05,train
Engagement,1,5.3911262062644886e-05,train
Urban Development,1,5.3911262062644886e-05,train
Development,1,5.3911262062644886e-05,train
Self-management,1,5.3911262062644886e-05,train
museums,1,5.3911262062644886e-05,train
Plants,1,5.3911262062644886e-05,train
emotion,1,5.3911262062644886e-05,train
Certification,1,5.3911262062644886e-05,train
integration,1,5.3911262062644886e-05,train
urban,1,5.3911262062644886e-05,train
certification,1,5.3911262062644886e-05,train
Workplace,1,5.3911262062644886e-05,train
Diversity,1,5.3911262062644886e-05,train
Kayaking,1,5.3911262062644886e-05,train
sleep,1,5.3911262062644886e-05,train
Decisions,1,5.3911262062644886e-05,train
records,1,5.3911262062644886e-05,train
paperwork,1,5.3911262062644886e-05,train
Gratitude,1,5.3911262062644886e-05,train
Travel,212,0.10286268801552645,val
Health,204,0.09898107714701601,val
Food,167,0.08102862688015526,val
Entertainment,129,0.06259097525473072,val
Work,83,0.04027171276079573,val
travel,65,0.03153808830664726,val
Home,54,0.026200873362445413,val
Mental Health,45,0.021834061135371178,val
Fashion,42,0.020378457059679767,val
health,40,0.019408054342552158,val
Outdoors,39,0.018922852983988356,val
Sports,36,0.017467248908296942,val
Relationships,36,0.017467248908296942,val
entertainment,30,0.01455604075691412,val
Music,30,0.01455604075691412,val
technology,28,0.013585638039786511,val
food,27,0.013100436681222707,val
Leisure,27,0.013100436681222707,val
work,22,0.010674429888403688,val
finance,20,0.009704027171276079,val
business,20,0.009704027171276079,val
Volunteering,18,0.008733624454148471,val
Community,17,0.008248423095584668,val
Relaxation,17,0.008248423095584668,val
Wellness,16,0.0077632217370208634,val
Communication,15,0.00727802037845706,val
home,14,0.006792819019893256,val
Motivation,14,0.006792819019893256,val
Productivity,13,0.006307617661329452,val
security,13,0.006307617661329452,val
Hobbies,13,0.006307617661329452,val
Photography,12,0.005822416302765648,val
Technology,12,0.005822416302765648,val
Study,12,0.005822416302765648,val
Books,11,0.005337214944201844,val
Events,11,0.005337214944201844,val
MentalHealth,10,0.0048520135856380394,val
Self-improvement,10,0.0048520135856380394,val
Art,10,0.0048520135856380394,val
events,9,0.004366812227074236,val
Socializing,9,0.004366812227074236,val
fashion,9,0.004366812227074236,val
News,8,0.0038816108685104317,val
Emotions,8,0.0038816108685104317,val
Grief,8,0.0038816108685104317,val
Culture,7,0.003396409509946628,val
volunteering,7,0.003396409509946628,val
Fitness,7,0.003396409509946628,val
Stress,7,0.003396409509946628,val
mental health,7,0.003396409509946628,val
Education,7,0.003396409509946628,val
art,6,0.002911208151382824,val
Home Decor,6,0.002911208151382824,val
Environment,6,0.002911208151382824,val
Shopping,6,0.002911208151382824,val
Sleep,6,0.002911208151382824,val
automotive,6,0.002911208151382824,val
Mindfulness,6,0.002911208151382824,val
wellness,5,0.0024260067928190197,val
sports,5,0.0024260067928190197,val
Confidence,5,0.0024260067928190197,val
Parenting,5,0.0024260067928190197,val
music,5,0.0024260067928190197,val
Creativity,5,0.0024260067928190197,val
government,5,0.0024260067928190197,val
community,5,0.0024260067928190197,val
Networking,5,0.0024260067928190197,val
news,5,0.0024260067928190197,val
Gifts,5,0.0024260067928190197,val
Mental health,4,0.0019408054342552159,val
Politics,4,0.0019408054342552159,val
Decorating,4,0.0019408054342552159,val
Workspaces,4,0.0019408054342552159,val
relationships,4,0.0019408054342552159,val
Friendship,4,0.0019408054342552159,val
Writing,4,0.0019408054342552159,val
education,4,0.0019408054342552159,val
Celebrations,4,0.0019408054342552159,val
Cooking,4,0.0019408054342552159,val
Nature,4,0.0019408054342552159,val
Lifestyle,4,0.0019408054342552159,val
Wellbeing,4,0.0019408054342552159,val
leisure,4,0.0019408054342552159,val
Finance,4,0.0019408054342552159,val
volunteer,3,0.001455604075691412,val
books,3,0.001455604075691412,val
motivation,3,0.001455604075691412,val
Gardening,3,0.001455604075691412,val
outdoors,3,0.001455604075691412,val
celebrations,3,0.001455604075691412,val
Decor,3,0.001455604075691412,val
payments,3,0.001455604075691412,val
HomeDecor,3,0.001455604075691412,val
Self-esteem,3,0.001455604075691412,val
literature,3,0.001455604075691412,val
DIY,3,0.001455604075691412,val
Etiquette,3,0.001455604075691412,val
Design,3,0.001455604075691412,val
Business,3,0.001455604075691412,val
relaxation,3,0.001455604075691412,val
Family,3,0.001455604075691412,val
Mindset,3,0.001455604075691412,val
culture,3,0.001455604075691412,val
Commute,3,0.001455604075691412,val
Sustainability,3,0.001455604075691412,val
Crafts,3,0.001455604075691412,val
banking,2,0.0009704027171276079,val
Decision-making,2,0.0009704027171276079,val
Podcasts,2,0.0009704027171276079,val
Chores,2,0.0009704027171276079,val
Wedding,2,0.0009704027171276079,val
writing,2,0.0009704027171276079,val
privacy,2,0.0009704027171276079,val
Games,2,0.0009704027171276079,val
communication,2,0.0009704027171276079,val
Hosting,2,0.0009704027171276079,val
transport,2,0.0009704027171276079,val
Recreation,2,0.0009704027171276079,val
Beverages,2,0.0009704027171276079,val
Interior,2,0.0009704027171276079,val
Cars,2,0.0009704027171276079,val
celebration,2,0.0009704027171276079,val
environment,2,0.0009704027171276079,val
organization,2,0.0009704027171276079,val
lifestyle,2,0.0009704027171276079,val
insurance,2,0.0009704027171276079,val
Automotive,2,0.0009704027171276079,val
self-improvement,2,0.0009704027171276079,val
Memories,2,0.0009704027171276079,val
wellbeing,2,0.0009704027171276079,val
Pets,2,0.0009704027171276079,val
Reflection,2,0.0009704027171276079,val
Self-Improvement,2,0.0009704027171276079,val
transportation,2,0.0009704027171276079,val
PublicSpeaking,2,0.0009704027171276079,val
memorials,1,0.00048520135856380397,val
arts,1,0.00048520135856380397,val
Antiques,1,0.00048520135856380397,val
Gatherings,1,0.00048520135856380397,val
research,1,0.00048520135856380397,val
Storage,1,0.00048520135856380397,val
Learning,1,0.00048520135856380397,val
programming,1,0.00048520135856380397,val
socializing,1,0.00048520135856380397,val
Mentalhealth,1,0.00048520135856380397,val
Legal,1,0.00048520135856380397,val
Hiking,1,0.00048520135856380397,val
Cosplay,1,0.00048520135856380397,val
Advice,1,0.00048520135856380397,val
Mentorship,1,0.00048520135856380397,val
SelfEsteem,1,0.00048520135856380397,val
Activities,1,0.00048520135856380397,val
Festival,1,0.00048520135856380397,val
Shipping,1,0.00048520135856380397,val
History,1,0.00048520135856380397,val
confidence,1,0.00048520135856380397,val
Jewelry,1,0.00048520135856380397,val
grief,1,0.00048520135856380397,val
advocacy,1,0.00048520135856380397,val
Leadership,1,0.00048520135856380397,val
Dance,1,0.00048520135856380397,val
Nightlife,1,0.00048520135856380397,val
Work Decor,1,0.00048520135856380397,val
shopping,1,0.00048520135856380397,val
Grooming,1,0.00048520135856380397,val
Self-Identity,1,0.00048520135856380397,val
Socialmedia,1,0.00048520135856380397,val
Safety,1,0.00048520135856380397,val
Tradition,1,0.00048520135856380397,val
Conversation,1,0.00048520135856380397,val
tech,1,0.00048520135856380397,val
Housing,1,0.00048520135856380397,val
Loneliness,1,0.00048520135856380397,val
hobbies,1,0.00048520135856380397,val
performance,1,0.00048520135856380397,val
Hospitality,1,0.00048520135856380397,val
Purpose,1,0.00048520135856380397,val
identity,1,0.00048520135856380397,val
Focus,1,0.00048520135856380397,val
Organization,1,0.00048520135856380397,val
Agritourism,1,0.00048520135856380397,val
Collecting,1,0.00048520135856380397,val
Trust,1,0.00048520135856380397,val
social,1,0.00048520135856380397,val
mindfulness,1,0.00048520135856380397,val
parenting,1,0.00048520135856380397,val
Activism,1,0.00048520135856380397,val
study,1,0.00048520135856380397,val
Exercise,1,0.00048520135856380397,val
Coding,1,0.00048520135856380397,val
coding,1,0.00048520135856380397,val
charity,1,0.00048520135856380397,val
journaling,1,0.00048520135856380397,val
party,1,0.00048520135856380397,val
productivity,1,0.00048520135856380397,val
DevOps,1,0.00048520135856380397,val
theatre,1,0.00048520135856380397,val
activism,1,0.00048520135856380397,val
gardening,1,0.00048520135856380397,val
learning,1,0.00048520135856380397,val
Public Speaking,1,0.00048520135856380397,val
Preparedness,1,0.00048520135856380397,val
Maintenance,1,0.00048520135856380397,val
Literature,1,0.00048520135856380397,val
Relocation,1,0.00048520135856380397,val
Museums,1,0.00048520135856380397,val
Self-reflection,1,0.00048520135856380397,val
outreach,1,0.00048520135856380397,val
creativity,1,0.00048520135856380397,val
Memes,1,0.00048520135856380397,val
animation,1,0.00048520135856380397,val
Anxiety,1,0.00048520135856380397,val
pets,1,0.00048520135856380397,val
Identity,1,0.00048520135856380397,val
nature,1,0.00048520135856380397,val
Celebration,1,0.00048520135856380397,val
Event,1,0.00048520135856380397,val
Journalism,1,0.00048520135856380397,val
design,1,0.00048520135856380397,val
integration,1,0.00048520135856380397,val
sleep,1,0.00048520135856380397,val
SocialMedia,1,0.00048520135856380397,val
Gaming,1,0.00048520135856380397,val
decorating,1,0.00048520135856380397,val
Adjustment,1,0.00048520135856380397,val
Retirement,1,0.00048520135856380397,val
Storytelling,1,0.00048520135856380397,val
publicspeaking,1,0.00048520135856380397,val
Travel,535,0.107,test
Food,437,0.0874,test
Health,420,0.084,test
Entertainment,281,0.0562,test
Work,199,0.0398,test
travel,175,0.035,test
Home,112,0.0224,test
health,111,0.0222,test
Mental Health,108,0.0216,test
technology,96,0.0192,test
Outdoors,91,0.0182,test
Relationships,85,0.017,test
food,78,0.0156,test
entertainment,76,0.0152,test
Fashion,70,0.014,test
Sports,69,0.0138,test
Leisure,65,0.013,test
Music,54,0.0108,test
Wellness,52,0.0104,test
work,50,0.01,test
home,48,0.0096,test
finance,47,0.0094,test
business,45,0.009,test
Relaxation,44,0.0088,test
security,44,0.0088,test
Community,43,0.0086,test
Fitness,43,0.0086,test
Communication,41,0.0082,test
Books,40,0.008,test
sports,35,0.007,test
Events,32,0.0064,test
Art,30,0.006,test
mental health,30,0.006,test
Hobbies,29,0.0058,test
Culture,28,0.0056,test
community,27,0.0054,test
Motivation,26,0.0052,test
Volunteering,25,0.005,test
Grief,25,0.005,test
Photography,21,0.0042,test
Technology,20,0.004,test
Emotions,19,0.0038,test
leisure,19,0.0038,test
Education,18,0.0036,test
Finance,18,0.0036,test
Gardening,17,0.0034,test
Self-improvement,17,0.0034,test
Productivity,17,0.0034,test
Shopping,17,0.0034,test
self-improvement,17,0.0034,test
Nature,16,0.0032,test
Decor,16,0.0032,test
Wellbeing,16,0.0032,test
Decorating,16,0.0032,test
events,16,0.0032,test
Sleep,16,0.0032,test
History,15,0.003,test
automotive,14,0.0028,test
fashion,14,0.0028,test
Gifts,14,0.0028,test
relationships,14,0.0028,test
music,13,0.0026,test
Stress,13,0.0026,test
Mental health,12,0.0024,test
Creativity,12,0.0024,test
Study,12,0.0024,test
Confidence,12,0.0024,test
outdoors,12,0.0024,test
Socializing,12,0.0024,test
Celebrations,11,0.0022,test
Mindfulness,11,0.0022,test
Cooking,11,0.0022,test
News,10,0.002,test
Family,10,0.002,test
mindfulness,10,0.002,test
Home Decor,10,0.002,test
study,9,0.0018,test
communication,9,0.0018,test
event,9,0.0018,test
Learning,9,0.0018,test
Writing,9,0.0018,test
Environment,8,0.0016,test
MentalHealth,8,0.0016,test
Games,8,0.0016,test
volunteering,8,0.0016,test
PublicSpeaking,7,0.0014,test
art,7,0.0014,test
volunteer,7,0.0014,test
Organization,7,0.0014,test
decor,7,0.0014,test
DevOps,7,0.0014,test
insurance,7,0.0014,test
Business,7,0.0014,test
Celebration,7,0.0014,test
Friendship,7,0.0014,test
Mindset,6,0.0012,test
fitness,6,0.0012,test
Crafts,6,0.0012,test
Beverages,6,0.0012,test
Networking,6,0.0012,test
lifestyle,6,0.0012,test
payments,6,0.0012,test
banking,6,0.0012,test
Transportation,6,0.0012,test
Science,6,0.0012,test
Anxiety,6,0.0012,test
Housing,5,0.001,test
Security,5,0.001,test
Politics,5,0.001,test
Pets,5,0.001,test
Workspaces,5,0.001,test
Literature,5,0.001,test
Podcasts,5,0.001,test
relaxation,5,0.001,test
social,5,0.001,test
news,5,0.001,test
Reading,5,0.001,test
nature,4,0.0008,test
HomeDecor,4,0.0008,test
Collecting,4,0.0008,test
Automotive,4,0.0008,test
Parenting,4,0.0008,test
Identity,4,0.0008,test
Etiquette,4,0.0008,test
Sustainability,4,0.0008,test
books,4,0.0008,test
Self-esteem,4,0.0008,test
gifts,3,0.0006,test
education,3,0.0006,test
warranty,3,0.0006,test
Wedding,3,0.0006,test
Cleaning,3,0.0006,test
Beauty,3,0.0006,test
Caregiving,3,0.0006,test
Social,3,0.0006,test
productivity,3,0.0006,test
Architecture,3,0.0006,test
grief,3,0.0006,test
hobbies,3,0.0006,test
identification,3,0.0006,test
Recreation,3,0.0006,test
shopping,3,0.0006,test
collectibles,3,0.0006,test
Loneliness,3,0.0006,test
Hosting,3,0.0006,test
commerce,3,0.0006,test
Stress Management,3,0.0006,test
devops,3,0.0006,test
party,3,0.0006,test
Interior,3,0.0006,test
Gaming,2,0.0004,test
Lifestyle,2,0.0004,test
Journaling,2,0.0004,test
Skincare,2,0.0004,test
Hiking,2,0.0004,test
gardening,2,0.0004,test
Holidays,2,0.0004,test
self-help,2,0.0004,test
Camping,2,0.0004,test
RealEstate,2,0.0004,test
Charity,2,0.0004,test
photography,2,0.0004,test
conference,2,0.0004,test
Event,2,0.0004,test
Activism,2,0.0004,test
Furniture,2,0.0004,test
Philosophy,2,0.0004,test
registration,2,0.0004,test
Self-care,2,0.0004,test
Weather,2,0.0004,test
communications,2,0.0004,test
career,2,0.0004,test
transportation,2,0.0004,test
Decorations,2,0.0004,test
Decision-making,2,0.0004,test
Design,2,0.0004,test
Religion,2,0.0004,test
ecommerce,2,0.0004,test
Cycling,2,0.0004,test
sleep,2,0.0004,test
research,2,0.0004,test
gaming,2,0.0004,test
Self-Improvement,2,0.0004,test
Energy,2,0.0004,test
Maintenance,2,0.0004,test
tax,2,0.0004,test
Payments,2,0.0004,test
Clothing,2,0.0004,test
logistics,2,0.0004,test
driving,2,0.0004,test
Museums,2,0.0004,test
commuting,2,0.0004,test
wellbeing,2,0.0004,test
Innovation,2,0.0004,test
DIY,2,0.0004,test
Self-Reflection,2,0.0004,test
grant,2,0.0004,test
Space,2,0.0004,test
InteriorDesign,2,0.0004,test
Gifting,2,0.0004,test
celebrations,2,0.0004,test
charity,2,0.0004,test
podcasts,2,0.0004,test
mentalhealth,2,0.0004,test
SelfDiscovery,1,0.0002,test
mentorship,1,0.0002,test
networking,1,0.0002,test
Movies,1,0.0002,test
Downsizing,1,0.0002,test
Social Media,1,0.0002,test
Homecare,1,0.0002,test
vehicles,1,0.0002,test
Antiques,1,0.0002,test
documentation,1,0.0002,test
Leadership,1,0.0002,test
Self-Confidence,1,0.0002,test
pets,1,0.0002,test
Ambience,1,0.0002,test
Burnout,1,0.0002,test
Collaboration,1,0.0002,test
transport,1,0.0002,test
Parking,1,0.0002,test
cybersecurity,1,0.0002,test
Boundaries,1,0.0002,test
Retirement,1,0.0002,test
Life Transitions,1,0.0002,test
creativity,1,0.0002,test
confidence,1,0.0002,test
trade,1,0.0002,test
Decision-Making,1,0.0002,test
privacy,1,0.0002,test
Hospitality,1,0.0002,test
culture,1,0.0002,test
anxiety,1,0.0002,test
Teamwork,1,0.0002,test
reading,1,0.0002,test
Biotech,1,0.0002,test
cooking,1,0.0002,test
sustainability,1,0.0002,test
Relocation,1,0.0002,test
Language,1,0.0002,test
Baking,1,0.0002,test
Audiobooks,1,0.0002,test
Documents,1,0.0002,test
Commute,1,0.0002,test
Nostalgia,1,0.0002,test
Self-discovery,1,0.0002,test
Insurance,1,0.0002,test
Strategy,1,0.0002,test
writing,1,0.0002,test
Memorials,1,0.0002,test
literature,1,0.0002,test
Utilities,1,0.0002,test
Inspiration,1,0.0002,test
Housework,1,0.0002,test
running,1,0.0002,test
gathering,1,0.0002,test
drawing,1,0.0002,test
School,1,0.0002,test
safety,1,0.0002,test
Reflection,1,0.0002,test
Home装修,1,0.0002,test
games,1,0.0002,test
etiquette,1,0.0002,test
parenting,1,0.0002,test
Routine,1,0.0002,test
design,1,0.0002,test
Poetry,1,0.0002,test
Regret,1,0.0002,test
Driving,1,0.0002,test
entertaining,1,0.0002,test
event planning,1,0.0002,test
Belonging,1,0.0002,test
Self-help,1,0.0002,test
Acting,1,0.0002,test
Crafting,1,0.0002,test
Adjustment,1,0.0002,test
Trends,1,0.0002,test
Drinks,1,0.0002,test
SelfImprovement,1,0.0002,test
Quotes,1,0.0002,test
Event Planning,1,0.0002,test
family,1,0.0002,test
emotions,1,0.0002,test
architecture,1,0.0002,test
Planning,1,0.0002,test
academic,1,0.0002,test
StressManagement,1,0.0002,test
Plants,1,0.0002,test
Remembrance,1,0.0002,test
Genealogy,1,0.0002,test
Spirituality,1,0.0002,test
Mentorship,1,0.0002,test
Values,1,0.0002,test
Work-life balance,1,0.0002,test
Hiring,1,0.0002,test
crafts,1,0.0002,test
history,1,0.0002,test
Hairstyle,1,0.0002,test
legal,1,0.0002,test
fundraising,1,0.0002,test
beauty,1,0.0002,test
Adventure,1,0.0002,test
wellness,1,0.0002,test
Memories,1,0.0002,test
licensing,1,0.0002,test
Food & Drink,1,0.0002,test
Conflict,1,0.0002,test
Backup,1,0.0002,test
Decluttering,1,0.0002,test
marketing,1,0.0002,test
development,1,0.0002,test
government,1,0.0002,test
Wildfire,1,0.0002,test
science,1,0.0002,test
Work-Life Balance,1,0.0002,test
Farewell,1,0.0002,test
Skateboarding,1,0.0002,test
Craftsmanship,1,0.0002,test
Marketing,1,0.0002,test
Traditions,1,0.0002,test
Gratitude,1,0.0002,test
nightlife,1,0.0002,test
Jewelry,1,0.0002,test
activism,1,0.0002,test
Stationery,1,0.0002,test
socializing,1,0.0002,test
Grooming,1,0.0002,test
accounts,1,0.0002,test
Debate,1,0.0002,test
celebration,1,0.0002,test
stress,1,0.0002,test
Preservation,1,0.0002,test
media,1,0.0002,test
Romance,1,0.0002,test
