user_id,n_permutations,mean_cosine_to_perm_mean,min_cosine_to_perm_mean,g_norm_perm_mean,g_norm_across_perm_sd
61574934126943,12,0.9988581763468632,0.9953933756333335,4.7205705794707065,0.046395093759077244
61575131153481,12,0.9320679406654363,0.8260935358933934,4.676126084584476,0.29406405264159713
61574801413926,12,0.8596883032684463,0.47297587826349535,2.688167700483428,0.15831698228174904
61575315757634,12,0.9698230987859433,0.9084168855396765,4.679643726611496,0.3703326772617415
61574863962100,12,0.9830036981954233,0.9337461425785311,4.788936264616423,0.1786564351681087
61575201373332,12,0.9644286725695226,0.835244454833353,4.368166459456968,0.4650364326732546
61575691416622,12,0.9302842420341723,0.5099977503018136,4.281847958795704,0.6984015560099633
61574905567721,12,0.994754229448566,0.9892335873004122,5.0915150967149225,0.07184702020508384
61575169251717,12,0.9861809048724526,0.9807309286681992,4.922951062874716,0.1792892039807722
61575111478220,12,0.9912312045518222,0.9794397013289843,5.355635350920701,0.12021200632932078
61575569215048,12,0.9994798369839549,0.9990046060024143,5.566072577477968,0.01284750342464268
61575003004721,12,0.9669704656739287,0.865092329692657,4.002529353380499,0.275343369644215
61575027123549,12,0.996763594683935,0.9895433235790693,4.874969590197361,0.06703617601210729
61574951645380,12,0.9682627566316412,0.8450147603467177,4.994096246343273,0.3715969488550599
61574727556591,12,0.8826766175521256,0.6747613487206533,2.788503408087967,0.43483962593311554
61575239345239,12,0.9802055165525881,0.9485438782497402,5.453656164083809,0.17817591416750667
61575622629793,12,0.7502833796314192,0.3438619315448244,3.2971864214467126,0.4820584938820207
61575174584515,12,0.8080067106105543,0.44657195445494324,2.7449995921333548,0.4380489369381091
61575689432183,12,0.8538393220284056,0.5585537016130423,2.759492648822429,0.31796029068110576
61575053907477,12,0.9989800716281413,0.9972967994872904,5.40205184770531,0.02928933998477033
61575568405010,12,0.9963310081793649,0.9883248118859107,4.807639043312613,0.0766583290024965
61575007354364,12,0.9928101771919695,0.9843173126197888,5.049402783471688,0.07900971725224054
61575205783063,12,0.9544786702796592,0.8155092847128467,3.8423627698853524,0.3423873920237579
61574652767188,12,0.8266586242523419,0.5388057889644872,3.314989746091015,0.5084994078348086
61574821569203,12,0.6598178503785203,0.3593995683415227,2.4987693583082278,0.5149986055016744
61575347826373,12,0.9429812780918084,0.8485330918215671,3.8689677471890063,0.38826831659604827
61575116351597,12,0.9194672329407535,0.7107562759538923,3.7026962553976186,0.7593774060045345
61574764605724,12,0.9927750512804087,0.9695016098641858,4.979358916660119,0.24357005388468134
61575210563029,12,0.9963005692524617,0.9869818871223547,5.596229855178499,0.070955008897388
61574937547028,12,0.9965390140094761,0.991585077314144,5.578219804426075,0.07556047049842067
61575062566013,12,0.9962089749424572,0.9937131543250131,5.422765741579554,0.09705239031064536
61575004409946,12,0.9272533896061567,0.7468371521870276,4.178404108851475,0.7203499846437207
61575167439026,12,0.965389078758207,0.8431407903632627,3.93797162261288,0.4125285815649864
61575303902251,12,0.9367509802627124,0.8782903655579647,3.722996782243698,0.36291502880891596
61574987700816,12,0.9862698699004403,0.9707033760172503,5.497298882610415,0.1459472471643336
61575062519607,12,0.966611156876256,0.8168621786787802,4.428729254341441,0.297028866330764
61575236351657,12,0.8951805921993761,0.7977604654867992,3.0200463156303754,0.3244952691401885
61575255040324,12,0.8947197636056273,0.717274700793351,2.7526454283508794,0.31759105376873076
61575799107152,12,0.9049476862554474,0.6567916124727047,3.9680250720260806,0.4401933229360001
61575637913685,12,0.8144050415057759,0.6626713024002636,3.556793224696282,0.5115661524657844
61575138556380,12,0.9135324963187609,0.727201495219483,2.897587559094572,0.08537640929247813
61575527222862,12,0.942205828157507,0.8608500590849335,4.0527451653563125,0.4378614742487069
61573054454503,12,0.9831706263736613,0.9202448335109313,5.406476596542198,0.14773893930366105
61574839903015,12,0.9823828566740519,0.9627293164402769,4.422057848936018,0.22530972740800861
61574788001360,12,0.9870401746839702,0.9522540618957038,4.357043841683958,0.23400130584053072
61575207112351,12,0.960379260406342,0.8671917936326682,4.706357838233632,0.43144486498928214
61575152050067,12,0.9103197299412705,0.7976121036482255,3.264613835513924,0.25570582177990014
61573397313375,12,0.8530053016487131,0.4934754361601638,3.1353719234009816,0.6227045158864204
61575817620916,12,0.8492365242368374,0.45983478159843943,3.8169133790641445,0.6395936965006108
61575313410082,12,0.9297031171910236,0.787926876618397,3.9031710475279304,0.32715006015222464
61575266811505,12,0.9917599180469074,0.9793198038661226,4.8578175197246285,0.11461116156810444
61574726476500,12,0.7769098052770936,0.4771357092637105,2.6186758017194136,0.36414587543689175
61575178964523,12,0.9737105631658977,0.85031317525807,3.2910918732499566,0.3206520932293661
61575940674829,12,0.9911537144410749,0.9773196573853952,5.129840592992211,0.18922900504352086
61574855621301,12,0.9963650956728518,0.9910411132908092,5.727489253613537,0.021672778714371458
61575872908128,12,0.9897567483718751,0.9823886206099068,5.175631339380841,0.2846549846221319
61575227003442,12,0.9740995344501475,0.9293662909300239,4.998756685089686,0.14618756672689426
61575614841893,12,0.9268746637629405,0.5376124878842863,4.086200689335845,0.22522195824739072
61575828570433,12,0.9255805376989804,0.6491234616781633,3.06049588266788,0.3027174896161671
61574831382328,12,0.9648896449060173,0.8646396296947491,4.421990205395495,0.2706842860828098
61575496125684,12,0.9822894389538499,0.9333425388118425,5.641381900284945,0.04605182446173418
61575356045890,12,0.9778850666235436,0.8876461317455834,4.104063153277896,0.21903074019335722
61575172646079,12,0.9977539184297308,0.9963866333848865,5.395932435236745,0.04737893246157521
61575027298560,12,0.9937383167494808,0.9851703655489978,5.301276511154274,0.23016858212515154
61574817464063,12,0.9899995703624498,0.9697515403660162,5.50128812493351,0.05968218582182985
61574781734933,12,0.8487459848672173,0.7408512902415124,2.4196159558896673,0.44486522739669265
61572766786766,12,0.8608335208625354,0.641534031489489,3.2988411956510895,0.5774459763519876
61575574524688,12,0.9847002984509613,0.9472666422240702,5.183909751188231,0.16575144157323965
61575226491299,12,0.9397054931775943,0.7414522407118197,4.347627089179793,0.4941220509268565
61573217543255,12,0.9672041938065569,0.8452747025604177,4.431128324997029,0.13940146854644028
61575838795093,12,0.9557017077089253,0.8434688572902577,4.6198764786976545,0.2800902250042372
61575202633062,12,0.9805406303453023,0.9639315273100443,4.305437342365824,0.22222397268707636
61575544152962,12,0.9480128943648366,0.8409507206837117,4.4383585743000165,0.8070661060319573
61575088062953,12,0.7956076968120335,0.5044638557823206,3.1358991799640403,0.7206797976491381
61575119561738,12,0.9773065492589423,0.9443145544585837,3.8134365757509077,0.1718484766607632
61574051276067,12,0.9073456405290176,0.6012546937715052,3.2808078935101825,0.4304215315661485
61575013502873,12,0.9982355666026609,0.9958147148588792,4.823876881035037,0.06670795496556435
61575571571675,12,0.9871682062677083,0.9610365346710847,4.742252959454492,0.12162521905150292
61573913763035,12,0.9845954904337327,0.9598300915050384,4.32498906202644,0.3287677360092551
61575557761520,12,0.9639995441561648,0.8465736996519097,4.733388545443546,0.31350247441333
61573544637558,12,0.9948123721583033,0.9866530077325181,4.418612490962674,0.08587981982835798
61573135240533,12,0.9844850240957322,0.9506831503751538,4.904088171630725,0.19743998648090486
61575098742695,12,0.9910003114730445,0.9687737324345324,4.869501284516047,0.2068590575798719
61575662108150,12,0.9745564357545663,0.9300286059154925,3.4566129462283506,0.328526666635442
61575515733376,12,0.8752986387976436,0.703119380759236,2.564966395087488,0.2848685206894503
61575661611123,12,0.9981074825142863,0.9942019494229413,5.390691240908329,0.04285306031905255
61575214162123,12,0.964655843214781,0.9016167333897519,5.315327126917879,0.09595141926317233
61573503322985,12,0.9673084906248142,0.854055897944225,4.515270859558685,0.36089123342273016
61575198623528,12,0.8150415622708858,0.5511970723100014,2.8677857708161913,0.3801181693555135
61574714597809,12,0.8895269874051297,0.7706319105902326,2.585282375483954,0.49899440109221654
61575689695617,12,0.9970963064525846,0.991611851021093,5.45804886428295,0.06402901745448392
61575606443963,12,0.9952171352285518,0.9891018871190874,4.408178371561366,0.09227412005623581
61575308401890,12,0.9717826670552436,0.9407071897816088,4.648038701328109,0.23217700499085775
61575331140964,12,0.9979300746014124,0.9948577819363404,5.685589158672948,0.011384129953451493
61572629921625,12,0.8945177552899245,0.6145713852536218,4.01315195320789,0.540107029842196
61573600374605,12,0.9743523461418028,0.914264669073568,4.542532066457785,0.24584791772760814
61575324090992,12,0.8029240921760773,0.41515582539161033,2.4161058375153415,0.40687198617800713
61575112067630,12,0.9289545842448891,0.48812703923408346,4.385758995488559,0.3955795976771787
61575470764521,12,0.9918329385768309,0.9669482387522789,4.513920465287084,0.19358551407033184
61575257740412,12,0.9661917830844051,0.855922328028789,4.20171277463548,0.21075939222765433
61575324216831,12,0.8515234163650528,0.5698314101916191,3.240090558991646,0.7719881484649247
61575433245776,12,0.8480316343827203,0.6421038587797945,3.093143141298039,0.30568764407562365
61574801715376,12,0.9658007796927727,0.8763797582497039,5.2507314806823375,0.3336237502034037
61575229721815,12,0.8396969666595688,0.669434193877056,2.8471505012880045,0.6774896759986877
61575024946334,12,0.9882129639920395,0.9300579001797529,4.696665032782513,0.45485819076653994
61575617909167,12,0.9958315075384423,0.9891215070739081,5.284642604707839,0.06748922998768542
61574814822672,12,0.8524860538725769,0.6986746109861782,4.2684636790465476,0.37107271749958975
61575044985283,12,0.9136372775460609,0.8404471626079434,3.290660130401044,0.2889156223485807
61572607540933,12,0.8537563275619152,0.2889623967788755,3.1052329742287417,0.3150977727835808
61575005252655,12,0.9971110242000663,0.9927532730717679,5.430318629122888,0.04761182851271952
61573167969034,12,0.9764710668284371,0.9275071082086493,4.044768065781044,0.2355874285137487
61573516080607,12,0.9980777299897444,0.9930465916760052,4.507730629394573,0.09391631977326625
61575561427679,12,0.9526468168475026,0.8053633224040937,4.44405351978618,0.5004481108228234
61575612269544,12,0.9967427365905258,0.9927865809248593,5.012369195823307,0.08420612908599634
61575152979706,12,0.9558722900152037,0.7814120477951783,3.7521100000187113,0.4128770423207196
61574925813885,12,0.9127744075514594,0.7938370985695717,4.061574673397399,0.37779686458283473
61575647991754,12,0.9573681229972744,0.8473813874299367,4.473830029207305,0.31977768689350383
61575849294548,12,0.9892819601337486,0.9807059694016133,5.079698886006733,0.1626802516368273
61575732154813,12,0.940775177102715,0.6106919998315483,4.492238267992871,0.7442395526276059
61575207162938,12,0.7653876761642091,0.43208638706704583,3.07478634805975,0.4842356297383944
61573697084008,12,0.956080272956887,0.8783388335591273,4.002505929168113,0.4080356314027015
61574846917976,12,0.9495949309081455,0.9063989467907246,4.352644951292029,0.45911116873794616
61574838672120,12,0.9476783296002783,0.8760706801259577,3.2039636237189404,0.10458618898869776
61575162879216,12,0.9965104025655863,0.991058366462672,5.20988875872629,0.10087461433617417
61575306427918,12,0.9915723960693764,0.9745672395970666,4.978931765699093,0.11809177402549217
61575531152948,12,0.9632422489079678,0.8918964160929969,4.549484777910222,0.3308310940170358
61572731112276,12,0.8672192613333963,0.35304078651014204,4.302229000075566,0.5206179510161469
61573212846972,12,0.9448851896760928,0.7444814894388938,3.9245141890070565,0.3101388939611748
61573754471228,12,0.9964391139475638,0.9865578536481715,4.797284844778892,0.08170704889715542
61574858352338,12,0.9869179626483123,0.9719423766487504,5.230763989852194,0.1312488726494897
61575255680659,12,0.9850781053783161,0.9534578622193365,4.5486164393113775,0.17943247755893396
61575126533596,12,0.7411036453346065,0.3691514082401972,2.7981912402090527,0.412115898020719
61575180835678,12,0.972966778661986,0.9253838376177254,4.832646987465687,0.3360836507350559
61575580080566,12,0.9961181567729075,0.9923650217695306,5.225404933155174,0.08021396099842144
61575695455292,12,0.9962336799474532,0.9931665253071942,5.53412445421679,0.06705336208713666
61574932177407,12,0.9859132668712363,0.9439217569765326,4.8965290855023955,0.42463519114811127
61575281169106,12,0.7367732287925063,0.5122729374915687,2.2307707551765796,0.44443295140763794
61574785574733,12,0.8692749427052392,0.7076011559816279,2.8936959757473204,0.5153838891261283
61574691255198,12,0.9770428469068556,0.9220307435887239,4.953954776176233,0.3723821620411984
61572728411956,12,0.9154440571202058,0.6548862592666922,3.76831206818629,0.37188786880540997
61575647284322,12,0.9822055231155288,0.9033847256799741,4.997764327254618,0.27872907121801554
61575262870032,12,0.9756967545705525,0.922277918893449,5.161523025464596,0.13461205708344598
61575794757479,12,0.9605059198658118,0.9031749458067537,2.7973109896019643,0.4361008448333519
61574919303983,12,0.9713906474072531,0.8649385996384099,5.312690910633316,0.1786159661302877
61573543259106,12,0.8496703518095255,0.6763636197815162,2.4689081259711214,0.5384677270534035
61575191317891,12,0.9616585275271072,0.8990694027246343,3.938546964846445,0.23838706025954326
61574708867579,12,0.9919576725570106,0.9809570100491707,5.067462355433117,0.10298898044531138
61575368459933,12,0.9917152899990027,0.9773902361165373,4.350955717822379,0.11626537616949874
61575688105742,12,0.8786325272791884,0.5715332635455483,3.501253832101452,0.845708173858924
61575545102013,12,0.8196432516094115,0.6484072715454215,2.4097528403149657,0.5921737005051473
61572945636998,12,0.9739741929654214,0.9302907519170515,4.394261172204857,0.20382292278901742
61575533882644,12,0.9968480273980166,0.988767514808716,5.234779525093046,0.07266485018327361
61573036322799,12,0.8681412055128369,0.6379954671973461,2.6198597496271985,0.47940653665012434
61575809341597,12,0.9194246848349451,0.6643488490761704,3.261003337974377,0.2604095903647459
61575276789549,12,0.9740352611555041,0.9197348266693974,5.184133401114653,0.21333717708583672
61575830879821,12,0.9313569335848979,0.8305108750932297,3.4466877854350444,0.5221092819279259
61575169251615,12,0.9947835584888511,0.986468824288307,5.179958407084991,0.13168421066196556
61575188275516,12,0.7656771065007485,0.5220847047980043,2.6886770724547198,0.30417295135466427
61575455591111,12,0.9958774160372065,0.9763681593701248,4.0823782606442105,0.07749772441183392
61575040950775,12,0.9950883049092903,0.9887343959601647,5.557296376104508,0.10382505863811826
61575734633308,12,0.9916585833612417,0.9811489279315256,5.020667186283967,0.12078478940856871
61575131576367,12,0.992800418743777,0.9746579038217277,5.549064440673029,0.10797362664091753
61574939766846,12,0.9759033053208622,0.9374531557303186,4.345238124191414,0.23206250177230184
61575729844682,12,0.9753030466063738,0.9356185536473851,5.4501361425855706,0.09445622092649174
61574845121589,12,0.9671266834817981,0.9093292267094717,3.6393951717239847,0.3386026527350227
61575154635451,12,0.9547492405060968,0.9000347623090663,4.035283817398751,0.22881557125752708
61573639576797,12,0.9700398992754042,0.9178159693805743,4.0305406693891825,0.41710694123124514
61575046350558,12,0.9924034984079427,0.9725184282056965,5.684753064003767,0.06374592079134545
61575225621439,12,0.9975650231958006,0.9914521666996792,5.347614104311918,0.047185101313122445
61574914234585,12,0.7976747589563967,0.26867501384100934,2.317752407344491,0.3447334684776644
61575259270245,12,0.9830722984002733,0.9376150809716552,4.482253260630905,0.2028622606818657
61575149005237,12,0.9966313400619059,0.9943655336592905,5.242257852408773,0.04042278591810742
61572817333773,12,0.987483726416245,0.9608931045458627,4.760691834709618,0.22205877383335845
61575001534754,12,0.9923754987226188,0.9858269809805175,5.042584046550241,0.1991729368976898
61575236645717,12,0.8802932560366256,0.485102560911146,3.3268870279916993,0.40314238996892116
61573040625137,12,0.9239827980811218,0.7655556167232451,3.6675140765093177,0.16359844416680977
61575227471920,12,0.9278597405150956,0.8307061834774988,2.639708306152395,0.34535568564973207
61575371015595,12,0.9916697103716312,0.9737069131059084,4.797995284479099,0.10641962521552879
61575238131572,12,0.9520767855417923,0.8682481828898146,2.8298810248654007,0.29469255468749483
61575031471293,12,0.9764047599527866,0.8995136801759287,3.9335443909643377,0.5683676406669532
61573693491518,12,0.9549777770160311,0.8813333589465298,3.9785017323681435,0.38327027555197046
61575226372155,12,0.9940867101651722,0.9877697975595174,5.264500284646427,0.1397850803941217
61575195653637,12,0.981488127172041,0.9273960798582374,3.971940471825014,0.12343459836497905
61574786863896,12,0.91331875269133,0.4814102796172186,4.112694590166793,0.4050134449157372
61575716964202,12,0.9298827494638111,0.7672216112127515,3.9332697536558032,0.6132698896085225
61575229057307,12,0.8334633727827502,-0.031120672736421814,2.9620114379258697,0.34678880696039766
61574817494524,12,0.9098942067125595,0.7251404369173734,3.3868633220369544,0.3277439641917577
61575049831217,12,0.8158329363022774,0.5579416843584226,2.219542631313899,0.3817846140790572
61575115584213,12,0.9903710617919725,0.9325056854164531,4.7257831995339625,0.17788873999528662
61575531062633,12,0.8699014180520589,0.4542983777699813,3.750386685019462,0.15864210998677045
61575270759607,12,0.8262802363195583,0.6841449094928079,2.9385695778513248,0.2855624223376275
61575091169103,12,0.961857669654644,0.8515910542737979,4.784169896234086,0.36796956071527864
61575318607485,12,0.9726152450264561,0.9480422711379948,4.410271932055583,0.4227606865850482
61575243677655,12,0.8200548536740153,0.34347994801362536,2.4680611172603966,0.44258533623207347
61574730557113,12,0.9608751461707224,0.7178193852033017,4.415446124361626,0.2838532471792829
61575148359774,12,0.9680606259793366,0.8938948914588329,3.974245372885095,0.2307441102516777
61574992834078,12,0.8046874750173972,0.5617452291905806,2.61938705309975,0.43986401382955975
61575075716110,12,0.8170284954270675,0.16462941961130934,2.555857030175003,0.2795583197820872
61574997930238,12,0.8725479489383502,0.6784944354468612,3.701194114510425,0.4231621855698817
61574921619079,12,0.9561661049980871,0.8899915110858929,4.111034304076743,0.2860283514671728
61574943633252,12,0.9636846797472783,0.9318795152463862,3.715763694501334,0.5346422708492092
61575434374955,12,0.8978489140068877,0.7332426062894314,2.4569062581517302,0.2200613606548006
61575079453209,12,0.9963696778897487,0.9897400211594247,5.457665756302347,0.1455054273029389
61575243441350,12,0.9991931921161634,0.9982639132321167,4.938026296207484,0.02662449526183492
61574979845984,12,0.9580087742283018,0.8526183075963477,4.153549268597014,0.24760568660848253
61575338256889,12,0.8258482899387557,0.30816554944880614,3.47878889761682,0.43408851575324475
61574715494235,12,0.9740371329470098,0.9317856558275068,4.982184815860593,0.14916546863486962
61573536988081,12,0.8415014058142386,0.507224055413593,2.8372641431428955,0.3201377641350427
61574815842320,12,0.815143358997667,0.6047677166366947,2.1434414207370294,0.4703590413921504
61575631794140,12,0.9033413648365213,0.7246898895008713,3.676455186060136,0.6920176295908624
61575221512411,12,0.8173375386119339,0.5759617126747717,2.5170522782545057,0.2373315112999332
61575087119240,12,0.9679073272429166,0.9074352113685205,4.5955836392661285,0.34179242252114583
61575310034038,12,0.8032232500585063,0.2603414526700792,2.7290821487278727,0.3826298039610916
61575317113475,12,0.8952849245153044,0.746572200959558,3.5833492388945225,0.529093732400899
61575603778005,12,0.8860224370653969,0.7029345918463933,3.4322671416286927,0.5253009249885571
61575221286306,12,0.808898632370045,0.30812186596440716,3.3023602403200987,0.4982839643822328
61575667346713,12,0.9832223384907509,0.965632187650864,5.018729686856474,0.26957847330665036
61575153195537,12,0.9834009499538148,0.9429921385070213,4.877978808323117,0.382080996296423
61573680682759,12,0.8345145356429339,0.3523235491074645,2.8142654122488806,0.40554421901128046
61574788035043,12,0.9978226798305977,0.9963768285875134,4.934117566605143,0.04129615313622377
61574978975929,12,0.9797773061682492,0.9146893168649809,4.631000995152356,0.24048094261917113
61574901935438,12,0.9068493181459337,0.7327760280833973,4.182017952592703,0.15733743563803101
61575119187638,12,0.8269915886053695,0.5727505731329018,2.801483911034546,0.5355218050172457
61575200353453,12,0.9361083891536682,0.8009122587414801,3.2376226641126995,0.1669059694184559
61575017759285,12,0.9895042912573447,0.9807896960964799,5.076197863919458,0.13410184749903237
61572897099580,12,0.9612080462100225,0.827902074206889,4.281463078278431,0.3234149018440168
61575213712850,12,0.9791553756254109,0.9654784528204801,4.550565919363733,0.21531121939638287
61576073780317,12,0.9902723624675424,0.9759833280959276,5.038067364564436,0.09973235645348599
61575211332811,12,0.8823594696627491,0.7230426684397206,2.8558318500712123,0.4229310478087647
61573018383344,12,0.9942402259987043,0.9835600860961634,5.214131050274753,0.14990251294876422
61575326856811,12,0.8503669530646953,0.6557873106776864,2.9115215110761525,0.6374742102235589
61574828802630,12,0.8894406392534521,0.5385672058476677,3.175841992972965,0.32551641647798907
61575905331775,12,0.9092462872172368,0.7074623094162034,2.707766980446616,0.4797898190739036
61574996597830,12,0.9986426007488434,0.9965261152054055,5.829800537016126,0.02647150830998954
61573394763409,12,0.8713104540573325,0.6936326293629042,3.2404209323365714,0.2854579861560565
61575582750038,12,0.9965130800824005,0.9913802009960956,5.091563593281329,0.03901795026994761
61575561445414,12,0.782849548521544,0.3332390919763677,2.2650527482754863,0.28650680501480014
61575288632779,12,0.9200211753063324,0.8175817155253464,3.9870204446317787,0.23040081720325217
61575557971497,12,0.9836484972312777,0.9656295527951739,4.213834595015331,0.2407440158166086
61575557408009,12,0.9299771027685035,0.8138156291548462,3.334487404107253,0.42330351219294354
61574936016860,12,0.831736935987136,0.6616939576818424,3.1369253742461964,0.4406017140987862
61574780144844,12,0.9959073226160302,0.9887768802411027,5.377598011866877,0.07875300025454764
61574964602105,12,0.9968502307832755,0.9890671271216256,5.1320847665623806,0.1067555648202413
61575796651817,12,0.9991826483126031,0.9978045846172441,5.515656200540185,0.02173014408916111
61575263799927,12,0.9171337923375941,0.8015815756547555,3.125173779474683,0.3039181910024181
61575792327507,12,0.8690578144136549,0.7067107432776256,2.4549358085595925,0.4587677682074869
61572939997623,12,0.9966639800924771,0.9897003160534028,5.820380089445605,0.036420458781095844
61575503980281,12,0.7692484535234497,0.5927588459839708,3.072415270513456,0.3428736306023428
61573535549602,12,0.9976098106342258,0.9941696133626364,5.553901561117745,0.05146942230920078
61575380549834,12,0.8314625308085687,0.6031122136114512,3.0468044572517203,0.6519640127671731
61574940786036,12,0.9643274599383104,0.9459375270291409,3.956596325238398,0.21515569867568993
61575036330853,12,0.8423482628458311,0.5607862344032383,3.0523852652125933,0.25110619348875224
61575179504190,12,0.9825877339066365,0.9381933547657825,4.856988304539206,0.09503834120832166
61575184523495,12,0.9735498020670431,0.9315232560321636,4.346434607571593,0.19581220758331092
61574984850248,12,0.9233019346301439,0.762021445646515,3.8409766872808224,0.3714751256799589
61574896568851,12,0.9578542507301715,0.8737822752385702,4.156996794452071,0.29502317843837167
61575328303165,12,0.8472555698719503,0.48660977849034726,1.7424997353860265,0.3261940689628349
61573639284043,12,0.9968298754234248,0.9910642955469618,5.030060735274913,0.09794050430923548
61575025306519,12,0.9955762127485263,0.9895722467069688,5.092607013117163,0.10337896123870295
61573044255129,12,0.8959652056310908,0.6431611310320914,3.4814810355276538,0.628369786786533
61575854874351,12,0.9795870015183986,0.9531679056734438,4.4754278885671575,0.18635943019038115
61575562855407,12,0.9741713928413726,0.9313492761045163,4.7170293882007295,0.36356965517425305
61573160396182,12,0.9193763017921475,0.8432695705420923,4.248093506725976,0.4459975082249557
61575025023617,12,0.9591408815997714,0.8920071952213646,4.738680960951143,0.307252499808635
61574913877788,12,0.8477276521769911,0.7649022153683821,2.225521188038037,0.3089378920404254
61575798830806,12,0.9918419466861509,0.9835726922350233,4.885212820153074,0.20408578351303142
61574946005614,12,0.9950234266603589,0.9823173059569199,5.2988201301052635,0.08828671199427324
61575095245405,12,0.9750397152355738,0.8702876013366402,4.693394693183369,0.1710883612577367
61575005853006,12,0.9720743105114188,0.8915228809288692,4.231045704140662,0.3196574311961343
61575311377502,12,0.8534464708541502,0.41063074785777065,3.6059636669544504,0.6373089030915204
61575649624207,12,0.9909336600012612,0.9562719266334107,4.947392662974346,0.22033706861408203
61575203023035,12,0.9993910201334631,0.9976271337659215,5.206584657405668,0.029580497248255542
61575079169748,12,0.9892894444832434,0.9783490210959228,5.044984876004909,0.13991410445377161
61575148797368,12,0.8851130461769183,0.6247542328093842,4.046963979090786,0.6621001787507109
61573053375071,12,0.8380151569395734,0.5621963505372835,2.781863014800939,0.3397634588391311
61575000899895,12,0.9976168463804878,0.9947395231749362,3.6310539394396293,0.07581064008561626
61575098818802,12,0.9819316759164041,0.9280338654564375,4.560220662871026,0.18175131646264742
61575028711256,12,0.9984667557958508,0.9974005268818994,5.174988399171772,0.03505840031103247
61575147567358,12,0.8487252602010216,0.3932314913830845,3.7011834709062965,0.3362845895267287
61575045675245,12,0.9890515717105606,0.9602831401739275,5.0738300601443305,0.2990742707943059
61575057779980,12,0.9848821237435672,0.9320164843411936,3.4169157483200823,0.18204986873953902
61575770523168,12,0.7989612785387465,0.6495871838469764,3.1296221302235785,0.546419901363926
61574724737317,12,0.9996077257196815,0.9991258294871613,5.591794861830205,0.01848058295648751
61575674126417,12,0.9434849772164199,0.8379487511180663,3.90385389711773,0.42313856291051216
61575207773071,12,0.9980096309688294,0.9958999729521473,5.2221411944895,0.051945174486751164
61574911149534,12,0.9928956539034367,0.9835756285928602,5.316865961694142,0.13480914623418355
61575719364055,12,0.9922668719602532,0.9778337628661113,4.70320681775576,0.42436159651659194
61575150555733,12,0.9516843506157707,0.8566336287785813,4.7834431902631165,0.30550765541548963
61573382480931,12,0.9795074836073673,0.9331874733069601,4.372046186543061,0.542716505097679
61575204173147,12,0.9837134624619607,0.9463085873373435,4.371132070672805,0.13584055927952285
61575618485389,12,0.9514046198696303,0.8808216328626172,4.099157532752713,0.4198282537256395
61574764996945,12,0.9993092204253942,0.9982999490370728,4.95691501850883,0.03676613114361106
61575140890194,12,0.9906483741343894,0.9544373797978907,5.34394643484193,0.11753352516767207
61574799343860,12,0.9735101934415672,0.927262797116052,3.3382501519505445,0.10229394966812685
61575609593809,12,0.9915419496819157,0.969335946921056,4.543220956401813,0.14919560911207175
61575088470429,12,0.9358808220038032,0.798261673955058,3.7886455170666893,0.853979632369342
61575274899327,12,0.9647100524273297,0.9042278891090549,3.367859516202586,0.5544536269439824
61575600087094,12,0.9924572408676452,0.9621845758441969,3.9823172100022,0.22415835310895538
61575787832729,12,0.9729047362283473,0.8824914399009507,4.17333398119707,0.2969102057487903
61575132716094,12,0.9982414258191633,0.9942105998199808,5.284065175081647,0.05179532840438857
61574996550205,12,0.8458074448182731,0.6933270811664424,3.055443583314902,0.21309344657137894
61575311491588,12,0.9796184419524164,0.9195939038580758,4.579634631457182,0.4278540632346156
61575634528316,12,0.9783357346714016,0.924960217234222,5.005603559964319,0.2599502490636928
61575731093467,12,0.9913669820679821,0.9840226587829215,5.064424845115481,0.18622253815379
61575208972156,12,0.9977479703030694,0.9950877019101236,4.938527620996469,0.09848768108364947
61575728753782,12,0.989948022819089,0.9733832995714338,5.282268563382413,0.15062181734922284
61572985534941,12,0.9117648320324582,0.6301355445338248,3.452022535866606,0.23178975501662435
61574651897378,12,0.8497839775520895,0.5491422839399854,3.01850376408452,0.45068309820926555
61573437931596,12,0.989822952035642,0.965305295795372,5.174839125374411,0.14596555704570235
61575463714708,12,0.9971311450080328,0.9924565583181504,3.7881006231019896,0.17097049545515178
61575106577835,12,0.9655036692052629,0.9162190286445339,4.004314011841452,0.432317694861229
61575582540110,12,0.9887828280054838,0.9788560746327702,3.6024938762329843,0.2734887580619928
61575112227227,12,0.9936418771422729,0.9733589114261154,4.862446069092851,0.21047787768499748
61575953244525,12,0.834776182737276,0.3278507681909325,3.5954218739210764,0.4373606032570588
61574966165566,12,0.9963240763770435,0.9858523754947144,5.078348040422322,0.08774193815632926
61575494398591,12,0.9987518586289598,0.9980636331143684,5.730661525038024,0.012895704908969326
61575327722596,12,0.9575833113427666,0.83510367340199,3.9339848494058005,0.21502101509583987
61573552948536,12,0.9970945382521906,0.9921126236856769,5.126941363502976,0.07672840593642095
61574967244321,12,0.9949849157598999,0.986000703950936,4.512443797758275,0.15106538658875193
61575264860231,12,0.9704959527635864,0.8796201901290307,4.4168982270458645,0.25138391154866224
61575355296120,12,0.8228943104413214,0.5751441649750566,2.750652739746821,0.4831361285574727
61575394229554,12,0.7973924044917098,0.5418148513575651,2.328354886788217,0.3559438934446728
61575129190978,12,0.9289741964814403,0.639274758361964,3.557431422247897,0.38163645261209317
61575161685429,12,0.9962406572229553,0.9917621875069241,4.691731566704991,0.20733739299103102
61575056637344,12,0.8462651839999876,0.5703103659694224,3.166487608600327,0.36671616512382177
61573167310365,12,0.963005120816662,0.8252675296884703,5.19307896209109,0.18348909494371515
61575552217980,12,0.8629795060546676,0.638622538793554,3.473717828077538,0.6349574535796029
61575461561304,12,0.9619705996357023,0.8672184091717067,4.170619459339662,0.21953971622281448
61574835341215,12,0.9982009180573095,0.9936597777994172,5.296487398058159,0.07484290374804835
61573074840596,12,0.8646858242923995,0.5452039240107152,3.053891874385053,0.4852334919513899
61576059230191,12,0.8331095683529081,0.6189914630528807,2.4161644134580738,0.5511188067172785
61574931846511,12,0.9872126981186987,0.9745810901246094,4.294500801280169,0.4232223359421065
61574053119016,12,0.9414483722427435,0.7285773586530696,3.852832343425824,0.6149273492211568
61575680942688,12,0.9617084435511077,0.7992007420010208,3.631083764389733,0.5750325919008012
61575019756700,12,0.91734370464938,0.7981052121445663,3.3579889544465185,0.3411975353546119
61574772375215,12,0.9973253075340162,0.9936215935657835,5.539093327968569,0.06219026061768162
61575158695568,12,0.9922287348520294,0.9863670324449543,4.914538191017535,0.10282741717738371
61574949937616,12,0.9721078232475766,0.9167413275504546,3.919844174973249,0.3029834525079551
61575100662412,12,0.9829734492510886,0.9692384389101085,4.356261307857453,0.09268077555774643
61575090989206,12,0.9979882596762524,0.9942295370417784,5.336765654340908,0.05050890949103239
61575956484127,12,0.7190567959668167,0.3992289371490473,2.5291121826766303,0.34426158424793496
61575671456434,12,0.9491904439137393,0.8803438100231759,2.8660795625526383,0.3742206319648759
61574940158280,12,0.985152818786796,0.940373473292611,4.3751338151518855,0.19180311593062777
61574861712206,12,0.978633787966841,0.9339735643741296,3.62769594868791,0.08451308898803302
61575229631870,12,0.9182886931481381,0.7212073410581973,2.7925476672524705,0.5607302422990448
61574980024843,12,0.9790818571211085,0.9311166390869572,4.819810840145584,0.2354038947312812
61573112383233,12,0.9911616120880448,0.9782554304166182,4.910123319086687,0.12756760220978386
61574999867383,12,0.9980811398691206,0.9943142593550043,4.761675413699157,0.07080063283585773
61575161305509,12,0.8409390237817882,0.6364612942770351,2.593780145173176,0.19985392887610445
61575805711531,12,0.9971798138141262,0.9942922634706816,5.468116090830958,0.02921968278176308
61574930586709,12,0.8035422286724195,0.3908418034009171,2.764889445319068,0.2872690158282446
61575036691879,12,0.9819300419156556,0.9469125796807492,3.8802603502710613,0.4860365262220594
61573876354741,12,0.991678703354772,0.9703127897607171,4.873598169752911,0.3877782539869275
61575152385454,12,0.9054011698670984,0.78893679485779,3.8645427270947024,0.2753408542556067
61575797240901,12,0.8633868008750462,0.5952496245332395,2.370065467724604,0.18062935583674997
61574787854878,12,0.9984970313313561,0.9964669295060122,4.586107405989787,0.04809283487950595
61575123077172,12,0.8927443853724043,0.36122971458353187,3.744191032514154,0.40215528226940045
61575258724354,12,0.9818976072499422,0.9490692850265883,4.185790810646307,0.15323989657358106
61574884989863,12,0.9879425233720164,0.954810868653626,4.403095755321837,0.4115223158653532
61575171524686,12,0.9978442383195153,0.9938260377812524,4.505831195454305,0.11122953751964582
61575695695222,12,0.991383296200294,0.9813594784800962,4.196352856755149,0.18375645297331325
