user_id,language,split
61575035761122,en,train
61575049142560,en,train
61575586061241,en,train
61575193327886,en,train
61574849077868,en,train
61575533426830,en,train
61575788091185,en,train
61574951432810,en,train
61575532618099,en,train
61574884506218,en,train
61574698277658,en,train
61574851057580,en,train
61575197780172,en,train
61575017314037,en,train
61573588616749,en,train
61575782391589,en,train
61575518103435,en,train
61574815989520,en,train
61574918374451,en,train
61574831318714,en,train
61575235145623,en,train
61573196827185,en,train
61575196430025,en,train
61575551011743,en,train
61575614489368,en,train
61574786411172,en,train
61575545546366,en,train
61575017822158,en,train
61575251884570,en,train
61575095755348,en,train
61575537512546,en,train
61575568080955,en,train
61574725486505,en,train
61575154942146,en,train
61573420533626,en,train
61575263074351,en,train
61575753603926,en,train
61575125876415,en,train
61575068070323,en,train
61575148336060,en,train
61575284018966,en,train
61575244115181,en,train
61575861748685,en,train
61574915764340,en,train
61575018269201,en,train
61575149055819,en,train
61575178135876,en,train
61575189890579,en,train
61575567360947,en,train
61575728153617,en,train
61575138623198,en,train
61574889725701,en,train
61575849719275,en,train
61572882850263,en,train
61575297938775,en,train
61575318511359,en,train
61575027451341,en,train
61575246022295,en,train
61575716045581,en,train
61574713064341,en,train
61575052695262,en,train
61573166365827,en,train
61575548713041,en,train
61575541256468,en,train
61575794282221,en,train
61575183128253,en,train
61574821811900,en,train
61574965232024,en,train
61575005582648,en,train
61575125349572,en,train
61574779424322,en,train
61575226252249,en,train
61575674246428,en,train
61575064826619,en,train
61575026161546,en,train
61575501784018,en,train
61574798865283,en,train
61573399053277,en,train
61574990103457,en,train
61573089179589,en,train
61575232553026,en,train
61575043677622,en,train
61572912788486,en,train
61575128231189,en,train
61574685795214,en,train
61575089203217,en,train
61575178004319,en,train
61575206172740,en,train
61575163975346,en,train
61574966941859,en,train
61575695425340,en,train
61575229661702,en,train
61573577515864,en,train
61574837711195,en,train
61574819382149,en,train
61573489649730,en,train
61575804620435,en,train
61574966237701,en,train
61575210912858,en,train
61575281043341,en,train
61575608339692,en,train
61575643340473,en,train
61575436324943,en,train
61575041217922,en,train
61575293558861,en,train
61575496894142,en,train
61574761845458,en,train
61575562736575,en,train
61574980203825,en,train
61572806113212,en,train
61575085318694,en,train
61574965654909,en,train
61574747655692,en,train
61575221826234,en,train
61574784614138,en,train
61575184700780,en,train
61574785511174,en,train
61575230511981,en,train
61575260781729,en,train
61575538982232,en,train
61575090343090,en,train
61574757192455,en,train
61575026553769,en,train
61575073676425,en,train
61574785991066,en,train
61575254572008,en,train
61575146115727,en,train
61575679070290,en,train
61573175695316,en,train
61575463174605,en,train
61575215662750,en,train
61573230966143,en,train
61575176453944,en,train
61575502533779,en,train
61575267489949,en,train
61575136765917,en,train
61574912044626,en,train
61575155889841,en,train
61575194887656,en,train
61574709377155,en,train
61575067856735,en,train
61574970545248,en,train
61574885771005,en,train
61575257675809,en,train
61575137995791,en,train
61574750145593,en,train
61575252650029,en,train
61575288458576,en,train
61575605365272,en,train
61573684430927,en,train
61575010292520,en,train
61575301268192,en,train
61574832908862,en,train
61575116366956,en,train
61574691705220,en,train
61575125081294,en,train
61575758703690,en,train
61575657657480,en,train
61575186644114,en,train
61575132399157,en,train
61575184850763,en,train
61575242890282,en,train
61574924644086,en,train
61574754916100,en,train
61574982480978,en,train
61575666080849,en,train
61575262880279,en,train
61575140242986,en,train
61575191120363,en,train
61575247115078,en,train
61574663446781,en,train
61575658047213,en,train
61575037923063,en,train
61574994845337,en,train
61574722963735,en,train
61575482824609,en,train
61574738293203,en,train
61574834441667,en,train
61575020206369,en,train
61575793370914,en,train
61574965324818,en,train
61575686125649,en,train
61574911657486,en,train
61574969491826,en,train
61574728486539,en,train
61574796285279,en,train
61575323976887,en,train
61575172671299,en,train
61575213712851,en,train
61574728786524,en,train
61575110334456,en,train
61575528692861,en,train
61575502377990,en,train
61575162489311,en,train
61575562471116,en,train
61574744595777,en,train
61575170066469,en,train
61575823410579,en,train
61575026908562,en,train
61575022726666,en,train
61574761245232,en,train
61575149080091,en,train
61575989812987,en,train
61573508699440,en,train
61575707904529,en,train
61575136426391,en,train
61575637732290,en,train
61575525507209,en,train
61574857450977,en,train
61575150880078,en,train
61575763252248,en,train
61575650547675,en,train
61574769614945,en,train
61574779755000,en,train
61575274479231,en,train
61574908324926,en,train
61575413429528,en,train
61575120497120,en,train
61575056520905,en,train
61575326402538,en,train
61574526892093,en,train
61574810952235,en,train
61575320377109,en,train
61573450170903,en,train
61575006539991,en,train
61575224736246,en,train
61575052441638,en,train
61575514833486,en,train
61574927256711,en,train
61575270639527,en,train
61575096445152,en,train
61574940156254,en,train
61575140786572,en,train
61575685345537,en,train
61575260350384,en,train
61575146602688,en,train
61575302048069,en,train
61575534002323,en,train
61575159562070,en,train
61575192313600,en,train
61575139510566,en,train
61575118524020,en,train
61574774501694,en,train
61575223692078,en,train
61574752065681,en,train
61575734813252,en,train
61575338076453,en,train
61575180854127,en,train
61575198368711,en,train
61574842453119,en,train
61573111393018,en,train
61575780141654,en,train
61575373079577,en,train
61574903135277,en,train
61575559741449,en,train
61575664252387,en,train
61574849407716,en,train
61575770163014,en,train
61574730076215,en,train
61575245195091,en,train
61575200677396,en,train
61573386275336,en,train
61574896539027,en,train
61574834743412,en,train
61575629031202,en,train
61575532832693,en,train
61575503818164,en,train
61573023483077,en,train
61575192170378,en,train
61574128582078,en,train
61575425519121,en,train
61575263014083,en,train
61575617069194,en,train
61575140755780,en,train
61574879046050,en,train
61575514053357,en,train
61574931123562,en,train
61575791451110,en,train
61572788022898,en,train
61575779991697,en,train
61575220572212,en,train
61575288482739,en,train
61575939565143,en,train
61574919187169,en,train
61573597434647,en,train
61574921438928,en,train
61575719454096,en,train
61575601110141,en,train
61575115607446,en,train
61574921194031,en,train
61575548756054,en,train
61574733946017,en,train
61575109794481,en,train
61574713663955,en,train
61575146272793,en,train
61575734273286,en,train
61575201412694,en,train
61575698875003,en,train
61574957915732,en,train
61575008819859,en,train
61575233571086,en,train
61575602097750,en,train
61573600314562,en,train
61574865220091,en,train
61574853997569,en,train
61574646287639,en,train
61575245182508,en,train
61574727227287,en,train
61575184880681,en,train
61574737663085,en,train
61575052409614,en,train
61574759507518,en,train
61575244820416,en,train
61575137726022,en,train
61575652402843,en,train
61575502108193,en,train
61574841068020,en,train
61575715434103,en,train
61574832578684,en,train
61575923485787,en,train
61574981251318,en,train
61575258935897,en,train
61575013019611,en,train
61573296905353,en,train
61575085934710,en,train
61574977866022,en,train
61575537236413,en,train
61575802100612,en,train
61575094168037,en,train
61575136901866,en,train
61574915977031,en,train
61574965804523,en,train
61574806809674,en,train
61575115631484,en,train
61575284104535,en,train
61575165711738,en,train
61574785423820,en,train
61574847821385,en,train
61574848360778,en,train
61574720774023,en,train
61575127697257,en,train
61574991695405,en,train
61574770391897,en,train
61575717804104,en,train
61575840179777,en,train
61575897177020,en,train
61575615023394,en,train
61575283059200,en,train
61573144706564,en,train
61575615899415,en,train
61575046500552,en,train
61574663866130,en,train
61575779571680,en,train
61574674005988,en,train
61575624868902,en,train
61574760582067,en,train
61574716667968,en,train
61575016052070,en,train
61574647397560,en,train
61575731693400,en,train
61575276699223,en,train
61573506173288,en,train
61575548396066,en,train
61574710487320,en,train
61574907997635,en,train
61574831978505,en,train
61575129077117,en,train
61575100647735,en,train
61575843929653,en,train
61574928906639,en,train
61575002314937,en,train
61575195620241,en,train
61575082285907,en,train
61575014103022,en,train
61575107638183,en,train
61574699474640,en,train
61575250990671,en,train
61572724157090,en,train
61574917839061,en,train
61574638517874,en,train
61575160494494,en,train
61575214122495,en,train
61575496258385,en,train
61574760312216,en,train
61575212768289,en,train
61575080220981,en,train
61575027268639,en,train
61574961992075,en,train
61575689515528,en,train
61574908954913,en,train
61573068253886,en,train
61574719394258,en,train
61575011999356,en,train
61574739676017,en,train
61575110099442,en,train
61575113368313,en,train
61574974981301,en,train
61574997242939,en,train
61573587415133,en,train
61575215511942,en,train
61573584325587,en,train
61572939577297,en,train
61575145166306,en,train
61574894079154,en,train
61574766821949,en,train
61575197783629,en,train
61575198172815,en,train
61573421973727,en,train
61574757195996,en,train
61574711024379,en,train
61574811219699,en,train
61575082408585,en,train
61575128723709,en,train
61575229511719,en,train
61575218512614,en,train
61575245441106,en,train
61574802162827,en,train
61575612940599,en,train
61575224243685,en,train
61575878397816,en,train
61575175376019,en,train
61575329252391,en,train
61574722303813,en,train
61575102144774,en,train
61575207216928,en,train
61574870709711,en,train
61574731753300,en,train
61574815482213,en,train
61574893270334,en,train
61575145467469,en,train
61574996910322,en,train
61573471080048,en,train
61575537956540,en,train
61575530402770,en,train
61575575604669,en,train
61575559885525,en,train
61575186265522,en,train
61575870478320,en,train
61575283718902,en,train
61573059764597,en,train
61575569461048,en,train
61575068759658,en,train
61574763015832,en,train
61574751465729,en,train
61575001503649,en,train
61574638637795,en,train
61575342510446,en,train
61575025108897,en,train
61575514113421,en,train
61575292864003,en,train
61574776511642,en,train
61575425639207,en,train
61575250010970,en,train
61575000107512,en,train
61575077936161,en,train
61575145552649,en,train
61575427325056,en,train
61575992633083,en,train
61575625073003,en,train
61575152125100,en,train
61573221277776,en,train
61574955275865,en,train
61575341616290,en,train
61574898248805,en,train
61575200332740,en,train
61575083275984,en,train
61575208852298,en,train
61574923626614,en,train
61575085075880,en,train
61575275282247,en,train
61575747052955,en,train
61575422729180,en,train
61574810979559,en,train
61575161362001,en,train
61575024899211,en,train
61575127366918,en,train
61574985124336,en,train
61575512757622,en,train
61575499799651,en,train
61574957042426,en,train
61575277190886,en,train
61575025996296,en,train
61575578274585,en,train
61574860840587,en,train
61574963792194,en,train
61575122606762,en,train
61575373096844,en,train
61575674120473,en,train
61573198854543,en,train
61574688555170,en,train
61575174051207,en,train
61575196266354,en,train
61575053672371,en,train
61575324666873,en,train
61575119951355,en,train
61575149632689,en,train
61575022292025,en,train
61574816352433,en,train
61575644092150,en,train
61575701900305,en,train
61575224706492,en,train
61574768956950,en,train
61575171891319,en,train
61575038821094,en,train
61575016892037,en,train
61575001679910,en,train
61575038608217,en,train
61575677426201,en,train
61574717327660,en,train
61573499489519,en,train
61574691045068,en,train
61574673706107,en,train
61575155725833,en,train
61575028591581,en,train
61574948466298,en,train
61573568066335,en,train
61575645777843,en,train
61574899477087,en,train
61575579161687,en,train
61575731693479,en,train
61575251554800,en,train
61573457460786,en,train
61575115337609,en,train
61575106794786,en,train
61575101398524,en,train
61575059787159,en,train
61574798204257,en,train
61574775824444,en,train
61574879646085,en,train
61575129443453,en,train
61574829698864,en,train
61574734876790,en,train
61574842718165,en,train
61575171374363,en,train
61574943757668,en,train
61575149805861,en,train
61574878089192,en,train
61575537806806,en,train
61575341976096,en,train
61575565885130,en,train
61575154180000,en,train
61575275643651,en,train
61575971333740,en,train
61574866212142,en,train
61575493768326,en,train
61575660236885,en,train
61575571722233,en,train
61575111327419,en,train
61575069119500,en,train
61572830323521,en,train
61574752273127,en,train
61575647091890,en,train
61575094075379,en,train
61575622469014,en,train
61575055844802,en,train
61575606263930,en,train
61574727767195,en,train
61575649917344,en,train
61575493624380,en,train
61575754942558,en,train
61575037651046,en,train
61575097497793,en,train
61575187598053,en,train
61575222441560,en,train
61573139860340,en,train
61574945645686,en,train
61575541616400,en,train
61572924338324,en,train
61574749786537,en,train
61573238632843,en,train
61575260650253,en,train
61575179333818,en,train
61575140171610,en,train
61575160042015,en,train
61575246635176,en,train
61575043185325,en,train
61574795980625,en,train
61575314377578,en,train
61575065846600,en,train
61575694975249,en,train
61575691375374,en,train
61575164631789,en,train
61575314851612,en,train
61575248771116,en,train
61575099222398,en,train
61575680395993,en,train
61575454259067,en,train
61575159669551,en,train
61575171074787,en,train
61575772131802,en,train
61575030931557,en,train
61575109962017,en,train
61575111774369,en,train
61575076976215,en,train
61574894075463,en,train
61575249940957,en,train
61575676166192,en,train
61575021691845,en,train
61575142838919,en,train
61575155125049,en,train
61573382044188,en,train
61574758032506,en,train
61575178484252,en,train
61575088525393,en,train
61575123683864,en,train
61575265353888,en,train
61575617813432,en,train
61574732863301,en,train
61575716184237,en,train
61575692545328,en,train
61575659217087,en,train
61575514233503,en,train
61575609869498,en,train
61575203873244,en,train
61575066026615,en,train
61575134756215,en,train
61575100104962,en,train
61575084119219,en,train
61575324990974,en,train
61573126917814,en,train
61575025261491,en,train
61575220722146,en,train
61574780864094,en,train
61575667162213,en,train
61574934188327,en,train
61573643991690,en,train
61574987614491,en,train
61574977474091,en,train
61575057134662,en,train
61575431699297,en,train
61574714834557,en,train
61574870950012,en,val
61573090242830,en,val
61575182649538,en,val
61575146272833,en,val
61573216356608,en,val
61575122184024,en,val
61575248751082,en,val
61575009257243,en,val
61575161036747,en,val
61575354690114,en,val
61575173304172,en,val
61575307141915,en,val
61575176784018,en,val
61575778203150,en,val
61575653601569,en,val
61574965626651,en,val
61575159055532,en,val
61575124541164,en,val
61574823402084,en,val
61575131566595,en,val
61574133694746,en,val
61575626398602,en,val
61574840202077,en,val
61574874069972,en,val
61574904009699,en,val
61575755242672,en,val
61575371315638,en,val
61574675836237,en,val
61574999640260,en,val
61574756175343,en,val
61575150165660,en,val
61575111887987,en,val
61575714924287,en,val
61573551358407,en,val
61575082168845,en,val
61574975464357,en,val
61574767872008,en,val
61574916907302,en,val
61575061559762,en,val
61575256804626,en,val
61574862217223,en,val
61575159116773,en,val
61575178315938,en,val
61572995087805,en,val
61575790472079,en,val
61574087694242,en,val
61575114491828,en,val
61575289802878,en,val
61575597900160,en,val
61574932146613,en,val
61574752002783,en,val
61575493414049,en,val
61575542936262,en,val
61575320856906,en,val
61575117264144,en,val
61575076843497,en,val
61575248000254,en,val
61573445402717,en,val
61574679645828,en,val
61572946057675,en,val
61575796940771,en,val
61575783171432,en,val
61575251410667,en,val
61574938928127,en,val
61575182858010,en,val
61574917834269,en,val
61574953115083,en,val
61574855530567,en,val
61575123566620,en,val
61575810151508,en,val
61574963854572,en,val
61574995775252,en,val
61574935896129,en,val
61575267394192,en,val
61575527762976,en,val
61575615149255,en,val
61575203363269,en,val
61575237995537,en,val
61575224901312,en,val
61573011363724,en,val
61574819532188,en,val
61575052436867,en,val
61575119006934,en,val
61575258094300,en,val
61574820972362,en,val
61575183980808,en,val
61574891585571,en,val
61574782514001,en,val
61575106947287,en,val
61574845148248,en,val
61575247551051,en,val
61574680215788,en,val
61575251482144,en,val
61574992173271,en,val
61575620033270,en,val
61572836863942,en,val
61574880039090,en,val
61575151689708,en,val
61575180353795,en,val
61575553045861,en,val
61575191533648,en,val
61573151409659,en,val
61575179138929,en,val
61575906176404,en,val
61574712167927,en,val
61575207732884,en,val
61575185270726,en,val
61574914507358,en,val
61574787341036,en,val
61575624382959,en,val
61574981251275,en,val
61574986803376,en,val
61574811489884,en,val
61575185444017,en,val
61574775281781,en,val
61574928336440,en,val
61574779544083,en,val
61574784704159,en,val
61574922094244,en,val
61575142186223,en,val
61574822349643,en,val
61574761572305,en,val
61574844700938,en,val
61573029962728,en,val
61575218982200,en,val
61575666806664,en,val
61574946005580,en,val
61575645447768,en,val
61575130703446,en,val
61573560866595,en,val
61573049582066,en,val
61575341406350,en,val
61575051030996,en,val
61575164835011,en,val
61575058064722,en,val
61574652767188,en,test
61574905567721,en,test
61575095245405,en,test
61575091169103,en,test
61574925813885,en,test
61574708867579,en,test
61575079453209,en,test
61575667346713,en,test
61575207112351,en,test
61575729844682,en,test
61575787832729,en,test
61574896568851,en,test
61575239345239,en,test
61575274899327,en,test
61575695695222,en,test
61575007354364,en,test
61575149005237,en,test
61575036330853,en,test
61575027298560,en,test
61575311491588,en,test
61574815842320,en,test
61575126533596,en,test
61574786863896,en,test
61573212846972,en,test
61574997930238,en,test
61574964602105,en,test
61575040950775,en,test
61575255040324,en,test
61574987700816,en,test
61575331140964,en,test
61574715494235,en,test
61575169251615,en,test
61575115584213,en,test
61573680682759,en,test
61575179504190,en,test
61575809341597,en,test
61575266811505,en,test
61574901935438,en,test
61575324216831,en,test
61574780144844,en,test
61574996550205,en,test
61574946005614,en,test
61573437931596,en,test
61575208972156,en,test
61574914234585,en,test
61575046350558,en,test
61575119561738,en,test
61574821569203,en,test
61575169251717,en,test
61575394229554,en,test
61574855621301,en,test
61575129190978,en,test
61574919303983,en,test
61575306427918,en,test
61575031471293,en,test
61575150555733,en,test
61575496125684,en,test
61574726476500,en,test
61574949937616,en,test
61574984850248,en,test
61575229057307,en,test
61574943633252,en,test
61575225621439,en,test
61575005252655,en,test
61574730557113,en,test
61575634528316,en,test
61575184523495,en,test
61575311377502,en,test
61575131153481,en,test
61575324090992,en,test
61575728753782,en,test
61575138556380,en,test
61574727556591,en,test
61575100662412,en,test
61575214162123,en,test
61575662108150,en,test
61575211332811,en,test
61574788001360,en,test
61575062519607,en,test
61574814822672,en,test
61575326856811,en,test
61574817464063,en,test
61575180835678,en,test
61575017759285,en,test
61575568405010,en,test
61574838672120,en,test
61575132716094,en,test
61575057779980,en,test
61575617909167,en,test
61575276789549,en,test
61575288632779,en,test
61575148797368,en,test
61575732154813,en,test
61575162879216,en,test
61574951645380,en,test
61574691255198,en,test
61572817333773,en,test
61572766786766,en,test
61575131576367,en,test
61575062566013,en,test
61575313410082,en,test
61572939997623,en,test
61575000899895,en,test
61574967244321,en,test
61575561445414,en,test
61574999867383,en,test
61575167439026,en,test
61575004409946,en,test
61575308401890,en,test
61575053907477,en,test
61574978975929,en,test
61574858352338,en,test
61574979845984,en,test
61575148359774,en,test
61575075716110,en,test
61575303902251,en,test
61575045675245,en,test
61573600374605,en,test
61575027123549,en,test
61574846917976,en,test
61575734633308,en,test
61575112227227,en,test
61574932177407,en,test
61575828570433,en,test
61575140890194,en,test
61575056637344,en,test
61575731093467,en,test
61575226491299,en,test
61574801715376,en,test
61574831382328,en,test
61575695455292,en,test
61574651897378,en,test
61572897099580,en,test
61575637913685,en,test
61575264860231,en,test
61574738537928,fr,train
61575030063337,fr,train
61572999467476,fr,train
61573450021139,fr,train
61573496429300,fr,train
61575803180545,fr,train
61574914747007,fr,train
61572683111520,fr,train
61574949187385,fr,train
61575207594362,fr,train
61573081243092,fr,train
61575038403062,fr,train
61575034833207,fr,train
61575558867103,fr,train
61573149746621,fr,train
61573677201218,fr,train
61575088649259,fr,train
61575416806073,fr,train
61575065535942,fr,train
61575233451831,fr,train
61574940548040,fr,train
61575101309770,fr,train
61572727877346,fr,train
61575238462755,fr,train
61575723184837,fr,train
61573509419161,fr,train
61572896739506,fr,train
61575535652402,fr,train
61573098852520,fr,train
61573088549702,fr,train
61575708605758,fr,train
61575213802912,fr,train
61574945107743,fr,train
61575192013645,fr,train
61575449674736,fr,train
61574845421715,fr,train
61573291102125,fr,train
61575240712764,fr,train
61575152261525,fr,train
61575194453909,fr,train
61575781641608,fr,train
61573134147587,fr,train
61575793191107,fr,train
61575233361080,fr,train
61573361584445,fr,train
61575069571460,fr,train
61573286615490,fr,train
61575543853427,fr,train
61575063630602,fr,train
61573682391107,fr,train
61573523878226,fr,train
61575164786639,fr,train
61575487245315,fr,train
61574844702985,fr,train
61575678336895,fr,train
61574885769787,fr,train
61574892248987,fr,train
61573294025385,fr,train
61574793433849,fr,train
61572964686191,fr,train
61575037263146,fr,train
61574773905204,fr,train
61574828293698,fr,train
61573436851390,fr,train
61572815085425,fr,train
61574824811782,fr,train
61575832169963,fr,train
61574857390663,fr,train
61573578415761,fr,train
61575657758124,fr,train
61575808411173,fr,train
61573123138096,fr,train
61575015123109,fr,train
61572910058877,fr,train
61573181815163,fr,train
61574953896268,fr,train
61575682345613,fr,train
61575113577900,fr,train
61575205733090,fr,train
61575123447467,fr,train
61575362585882,fr,train
61573042665508,fr,train
61574855051268,fr,train
61575151246045,fr,train
61575209213090,fr,train
61574946186396,fr,train
61575223102368,fr,train
61574775825212,fr,train
61573205543869,fr,train
61572775512570,fr,train
61575122567285,fr,train
61575611249680,fr,train
61575621239139,fr,train
61573024936314,fr,train
61575731644661,fr,train
61575680875975,fr,train
61573182145121,fr,train
61572620411327,fr,train
61574917027824,fr,train
61574949276269,fr,train
61574771655226,fr,train
61574785663807,fr,train
61575134236693,fr,train
61575023402627,fr,train
61572894309691,fr,train
61575680527041,fr,train
61574900650042,fr,train
61575267050019,fr,train
61572997037834,fr,train
61573598186103,fr,train
61575686035702,fr,train
61572892659615,fr,train
61574919189214,fr,train
61575654807398,fr,train
61573072801000,fr,train
61573456230509,fr,train
61573569926200,fr,train
61573157499430,fr,train
61575568620980,fr,train
61574988933508,fr,train
61573141390378,fr,train
61575617999236,fr,train
61575156865865,fr,train
61574997963879,fr,train
61573071750653,fr,train
61573033592817,fr,train
61575694165481,fr,train
61573581955402,fr,train
61575055740877,fr,train
61575798740803,fr,train
61575265851383,fr,train
61575176273985,fr,train
61573135150612,fr,train
61575702594899,fr,train
61575098652701,fr,train
61575704856021,fr,train
61575723083906,fr,train
61572588880916,fr,train
61573433221729,fr,train
61573041212282,fr,train
61573504853111,fr,train
61573101102368,fr,train
61575589271257,fr,train
61573536537887,fr,train
61572611921169,fr,train
61573207823837,fr,train
61574851031497,fr,train
61572991877824,fr,train
61575686485825,fr,train
61575169856226,fr,train
61575031771268,fr,train
61574774205222,fr,train
61575702234870,fr,train
61573153136488,fr,train
61573212683548,fr,train
61573562696534,fr,train
61575137997816,fr,train
61572980405370,fr,train
61576040600875,fr,train
61573194127645,fr,train
61574733766948,fr,train
61574999644968,fr,train
61573358494546,fr,train
61572990814920,fr,train
61573050061893,fr,train
61574891529296,fr,train
61575845879261,fr,train
61575178604610,fr,train
61574754285907,fr,train
61575234201748,fr,train
61574826673491,fr,train
61574917417569,fr,train
61573560026602,fr,train
61573185384919,fr,train
61574810863039,fr,train
61572894219651,fr,train
61573112278516,fr,train
61572907778982,fr,train
61575039871610,fr,train
61573082100143,fr,train
61574798083899,fr,train
61574728307426,fr,train
61573168045832,fr,train
61575205573015,fr,train
61575649178716,fr,train
61573432831868,fr,train
61575082769521,fr,train
61572773292795,fr,train
61575724823817,fr,train
61573306072107,fr,train
61575144867487,fr,train
61575731423501,fr,train
61575568950765,fr,train
61575173335119,fr,train
61573044272015,fr,train
61575052321025,fr,train
61575168865233,fr,train
61572943207332,fr,train
61575632169437,fr,train
61575721133931,fr,train
61575206593229,fr,train
61575558031385,fr,train
61575028442180,fr,train
61575691375427,fr,train
61572702917563,fr,train
61575290768892,fr,train
61574830932348,fr,train
61575109288197,fr,train
61575237291575,fr,train
61573003997283,fr,train
61575192533877,fr,train
61574902358586,fr,train
61575580421441,fr,train
61575165415117,fr,train
61575250086546,fr,train
61575247900849,fr,train
61575790671190,fr,train
61575751312964,fr,train
61575629709808,fr,train
61574810564565,fr,train
61572994007723,fr,train
61575326197106,fr,train
61575752692807,fr,train
61573425182192,fr,train
61573163948929,fr,train
61575241672508,fr,train
61575616559379,fr,train
61575112979064,fr,train
61574998323875,fr,train
61573678732836,fr,train
61574999765096,fr,train
61575528403746,fr,train
61575760372346,fr,train
61573091892807,fr,train
61575131026893,fr,train
61572931087920,fr,train
61574864499916,fr,train
61575220672434,fr,train
61572986945032,fr,train
61575178284754,fr,train
61575018901950,fr,train
61575703824823,fr,train
61573009923799,fr,train
61573326904800,fr,train
61573579945781,fr,val
61575371045747,fr,val
61575254650741,fr,val
61573121848000,fr,val
61574953357151,fr,val
61575790371127,fr,val
61574793914100,fr,val
61575289269088,fr,val
61575616150537,fr,val
61573007524060,fr,val
61574813383123,fr,val
61573528558180,fr,val
61573181588473,fr,val
61575214542218,fr,val
61573457190528,fr,val
61575185215540,fr,val
61574785483945,fr,val
61575248710745,fr,val
61574918917633,fr,val
61575782702675,fr,val
61572854504279,fr,val
61575780002599,fr,val
61576047020745,fr,val
61575751852752,fr,val
61575171116206,fr,val
61573537227813,fr,val
61575271539970,fr,val
61573482989719,fr,val
61575494134571,fr,val
61575723784812,fr,val
61575359326799,fr,val
61573026166194,fr,val
61575694045476,fr,val
61575459945486,fr,val
61575625918798,fr,val
61575208464247,fr,val
61575391036487,fr,val
61574689937883,fr,val
61575131446982,fr,val
61573638622824,fr,val
61575217192659,fr,val
61572995584458,fr,val
61575195673690,fr,val
61572905289253,fr,val
61575049741188,fr,val
61574723297680,fr,val
61575161155570,fr,val
61575119906899,fr,val
61573566207733,fr,val
61574797064038,fr,val
61575225052159,fr,val
61575555567384,fr,val
61574817494524,fr,test
61575531062633,fr,test
61573054454503,fr,test
61573040625137,fr,test
61572731112276,fr,test
61574801413926,fr,test
61573160396182,fr,test
61573397313375,fr,test
61574764605724,fr,test
61574835341215,fr,test
61575210563029,fr,test
61575830879821,fr,test
61573503322985,fr,test
61575036691879,fr,test
61573167969034,fr,test
61575817620916,fr,test
61575147567358,fr,test
61575090989206,fr,test
61575434374955,fr,test
61575796651817,fr,test
61575688105742,fr,test
61575557971497,fr,test
61575571571675,fr,test
61575213712850,fr,test
61573053375071,fr,test
61575028711256,fr,test
61575612269544,fr,test
61575631794140,fr,test
61575152385454,fr,test
61575229721815,fr,test
61573074840596,fr,test
61575315757634,fr,test
61575204173147,fr,test
61573394763409,fr,test
61575003004721,fr,test
61574992834078,fr,test
61575161305509,fr,test
61575201373332,fr,test
61573135240533,fr,test
61572728411956,fr,test
61573536988081,fr,test
61574921619079,fr,test
61574828802630,fr,test
61575236351657,fr,test
61572607540933,fr,test
61573544637558,fr,test
61575327722596,fr,test
61574884989863,fr,test
61575174584515,fr,test
61575153195537,fr,test
61574772375215,fr,test
61573018383344,fr,test
61574783294621,hi,train
61575999292569,hi,train
61575601629118,hi,train
61575101140748,hi,train
61575003572712,hi,train
61575030584417,hi,train
61575160987799,hi,train
61575200737328,hi,train
61575565225400,hi,train
61575186938061,hi,train
61575134935995,hi,train
61575808130332,hi,train
61575302492181,hi,train
61575264280119,hi,train
61575533036716,hi,train
61575605951092,hi,train
61575413429579,hi,train
61575243455099,hi,train
61575324330999,hi,train
61575031995934,hi,train
61573129617310,hi,train
61575713754465,hi,train
61574746156276,hi,train
61575268509952,hi,train
61575024602457,hi,train
61575688825781,hi,train
61575626782963,hi,train
61576049420961,hi,train
61574715977919,hi,train
61575658881311,hi,train
61575665966748,hi,train
61575764362148,hi,train
61575206663158,hi,train
61575975173468,hi,train
61575285903180,hi,train
61575717444093,hi,train
61575309787861,hi,train
61574771265471,hi,train
61575601911978,hi,train
61575124421520,hi,train
61575533222749,hi,train
61575151119869,hi,train
61575230951648,hi,train
61575619289287,hi,train
61575331806749,hi,train
61575322866986,hi,train
61575570571033,hi,train
61575039795456,hi,train
61573519258936,hi,train
61575720245109,hi,train
61575208087101,hi,train
61575167504945,hi,train
61575769203176,hi,train
61575000797529,hi,train
61575075284018,hi,train
61575611459686,hi,train
61575485818749,hi,train
61575069764285,hi,train
61575122561316,hi,train
61575575544615,hi,train
61575277119536,hi,train
61575184134497,hi,train
61575494098464,hi,train
61575206423273,hi,train
61575106332463,hi,train
61575646521885,hi,train
61575562681015,hi,train
61575661911069,hi,train
61575194437497,hi,train
61574730673607,hi,train
61574798804240,hi,train
61575262040357,hi,train
61575136193176,hi,train
61575424137595,hi,train
61575296828314,hi,train
61575235041706,hi,train
61575503098098,hi,train
61575563652554,hi,train
61575254950513,hi,train
61575664522323,hi,train
61575166718931,hi,train
61575112074522,hi,train
61575281379125,hi,train
61575151995924,hi,train
61573432681814,hi,train
61575213786638,hi,train
61574821932736,hi,train
61575494246952,hi,train
61575160569222,hi,train
61575074773964,hi,train
61574845812864,hi,train
61575022876324,hi,train
61575958373893,hi,train
61574923267001,hi,train
61575203322869,hi,train
61575172208722,hi,train
61575010937205,hi,train
61575646568912,hi,train
61575685105868,hi,train
61575117911828,hi,train
61575185048045,hi,train
61575817741084,hi,train
61575728765062,hi,train
61575505107976,hi,train
61575145576107,hi,train
61574927523813,hi,train
61575114197509,hi,train
61575221052035,hi,train
61575619799184,hi,train
61575463414519,hi,train
61575784911443,hi,train
61575088512942,hi,train
61575685765856,hi,train
61575154509778,hi,train
61575786231324,hi,train
61575635229721,hi,train
61575555145714,hi,train
61575207187220,hi,train
61575224796183,hi,train
61575112367614,hi,train
61575251950915,hi,train
61575556914293,hi,train
61575793790937,hi,train
61575181718394,hi,train
61574875659187,hi,train
61575227644589,hi,train
61575527427067,hi,train
61575670886568,hi,train
61575202535455,hi,train
61575293614198,hi,train
61574864946828,hi,train
61575002477902,hi,train
61575792591030,hi,train
61575664880939,hi,train
61575039255404,hi,train
61575593550063,hi,train
61575480928585,hi,train
61575679597396,hi,train
61575634312550,hi,train
61575061077037,hi,train
61575636999621,hi,train
61575309277787,hi,train
61575137440397,hi,train
61575165795094,hi,train
61575484228667,hi,train
61575809660218,hi,train
61575142102852,hi,train
61575544862178,hi,train
61575650931635,hi,train
61575712524277,hi,train
61575043801409,hi,train
61575191863415,hi,train
61575005447655,hi,train
61575042373949,hi,train
61575264034178,hi,train
61575131350840,hi,train
61575649491662,hi,train
61575509307728,hi,train
61575341466231,hi,train
61575633442519,hi,train
61574821092842,hi,train
61575338790653,hi,train
61575208237020,hi,train
61575205357133,hi,train
61575689245677,hi,train
61575021496566,hi,train
61575100457947,hi,train
61575179204422,hi,train
61575622703059,hi,train
61575087508942,hi,train
61575161469537,hi,train
61575140785755,hi,train
61575247240959,hi,train
61574923117609,hi,train
61575570054989,hi,train
61575293612857,hi,train
61575798722032,hi,train
61575730553308,hi,train
61575683150027,hi,train
61575593514192,hi,train
61575289868659,hi,train
61575051315179,hi,train
61575171008851,hi,train
61575134320519,hi,train
61575499054322,hi,train
61575095592770,hi,train
61575243183575,hi,train
61574943786684,hi,train
61575148425849,hi,train
61574716877116,hi,train
61575184464216,hi,train
61575521817077,hi,train
61575045237644,hi,train
61575467734757,hi,train
61575821610647,hi,train
61575530695320,hi,train
61575236285568,hi,train
61575616199388,hi,train
61574996507842,hi,train
61575168338780,hi,train
61575054840889,hi,train
61575148630149,hi,train
61575625613003,hi,train
61575696805191,hi,train
61575852749289,hi,train
61575205147180,hi,train
61574999537806,hi,train
61575464608892,hi,train
61575331980945,hi,train
61575633562577,hi,train
61575134096229,hi,train
61575759112312,hi,train
61575155199593,hi,train
61575015706813,hi,train
61575721793931,hi,train
61575133420619,hi,train
61572930967924,hi,train
61575183853947,hi,train
61575202747259,hi,train
61575293438641,hi,train
61573050134709,hi,train
61575304682136,hi,train
61575646821903,hi,train
61575192817795,hi,train
61575114161642,hi,train
61575056760708,hi,train
61575791751165,hi,train
61574710427546,hi,train
61573455300594,hi,train
61575030406021,hi,train
61574936137013,hi,train
61575397109457,hi,train
61575332580750,hi,train
61575642477991,hi,train
61575517154714,hi,train
61575507513709,hi,train
61575292208468,hi,train
61575134170861,hi,val
61575213636737,hi,val
61574992560566,hi,val
61575308947711,hi,val
61574905929896,hi,val
61575245285321,hi,val
61575178538545,hi,val
61575253840617,hi,val
61575193753567,hi,val
61575236435207,hi,val
61575341550292,hi,val
61575318811347,hi,val
61575397169754,hi,val
61575322057042,hi,val
61575579420329,hi,val
61575552835868,hi,val
61575063781469,hi,val
61575806960249,hi,val
61575754102760,hi,val
61574768265684,hi,val
61575206886818,hi,val
61575352950188,hi,val
61575676466212,hi,val
61575370919761,hi,val
61575736174665,hi,val
61574986877886,hi,val
61575313441528,hi,val
61575660381242,hi,val
61575262720315,hi,val
61574893839306,hi,val
61575666020765,hi,val
61575119501527,hi,val
61575621419066,hi,val
61575631462624,hi,val
61575844709659,hi,val
61575053100909,hi,val
61575346320362,hi,val
61574806573141,hi,val
61574761452174,hi,val
61575280143316,hi,val
61575572010654,hi,val
61575491668497,hi,val
61575108132151,hi,val
61575498628260,hi,val
61575676796256,hi,val
61575215922342,hi,val
61574999417406,hi,val
61575651233044,hi,val
61573535127953,hi,val
61575689515548,hi,val
61575692065409,hi,val
61575953244525,hi,test
61575674126417,hi,test
61576073780317,hi,test
61573217543255,hi,test
61575257740412,hi,test
61575243441350,hi,test
61575380549834,hi,test
61575044985283,hi,test
61575116351597,hi,test
61575221286306,hi,test
61575614841893,hi,test
61575562855407,hi,test
61575236645717,hi,test
61574788035043,hi,test
61575956484127,hi,test
61575770523168,hi,test
61575152979706,hi,test
61575940674829,hi,test
61575463714708,hi,test
61575221512411,hi,test
61575112067630,hi,test
61575001534754,hi,test
61575600087094,hi,test
61575259270245,hi,test
61575647991754,hi,test
61575203023035,hi,test
61575661611123,hi,test
61575719364055,hi,test
61575872908128,hi,test
61575609593809,hi,test
61575606443963,hi,test
61575123077172,hi,test
61575025306519,hi,test
61575024946334,hi,test
61575355296120,hi,test
61575098742695,hi,test
61575691416622,hi,test
61574980024843,hi,test
61575207162938,hi,test
61575281169106,hi,test
61575494398591,hi,test
61573044255129,hi,test
61575689695617,hi,test
61575716964202,hi,test
61575205783063,hi,test
61575152050067,hi,test
61575338256889,hi,test
61575347826373,hi,test
61575569215048,hi,test
61575258724354,hi,test
61575198623528,hi,test
61573765840632,it,train
61575050491098,it,train
61574990104175,it,train
61574853131282,it,train
61575690336408,it,train
61575019682654,it,train
61575809810275,it,train
61575056492109,it,train
61573132062403,it,train
61574047196829,it,train
61573016133369,it,train
61574865641861,it,train
61575147566126,it,train
61575115558862,it,train
61575198313376,it,train
61575829405493,it,train
61575199633160,it,train
61575173834792,it,train
61575072331376,it,train
61575609186023,it,train
61575131806640,it,train
61573040866594,it,train
61575165865356,it,train
61574089824069,it,train
61575145756092,it,train
61575264680237,it,train
61574787194317,it,train
61575117357728,it,train
61574074315502,it,train
61574786775997,it,train
61575152395919,it,train
61575006754716,it,train
61574794544279,it,train
61574769976794,it,train
61574024547460,it,train
61575442115008,it,train
61574804293779,it,train
61575802520533,it,train
61575242331382,it,train
61575191993854,it,train
61573593806567,it,train
61575587711344,it,train
61575529022791,it,train
61575649047722,it,train
61573619065225,it,train
61574100204041,it,train
61575250222252,it,train
61575163345362,it,train
61575305648078,it,train
61575134907982,it,train
61574936797110,it,train
61575274509620,it,train
61575319057259,it,train
61575001774953,it,train
61575180414410,it,train
61575269031229,it,train
61574753417725,it,train
61575573720690,it,train
61574002618292,it,train
61575033991993,it,train
61575787611385,it,train
61574016357743,it,train
61571759696523,it,train
61575133126653,it,train
61574075455618,it,train
61573191204630,it,train
61576056530279,it,train
61573212398163,it,train
61575047221353,it,train
61574874791318,it,train
61575516309944,it,train
61575751593811,it,train
61575689995509,it,train
61575603027841,it,train
61573991159649,it,train
61573569477537,it,train
61573216118266,it,train
61575003934835,it,train
61575391235416,it,train
61575052742145,it,train
61573930771989,it,train
61575249017115,it,train
61575131747244,it,train
61573620977018,it,train
61573411504187,it,train
61574817674499,it,train
61574770785493,it,train
61573657275638,it,train
61575642687931,it,train
61574871970308,it,train
61575434554956,it,train
61573131942114,it,train
61575172016084,it,train
61574844701705,it,train
61575807980348,it,train
61574863692089,it,train
61573902003588,it,train
61574723117491,it,train
61575101398513,it,train
61575082649503,it,train
61575828955706,it,train
61575689365656,it,train
61575280113437,it,train
61575274269379,it,train
61575730823474,it,train
61575460005891,it,train
61575011283063,it,train
61573772530162,it,train
61575153045795,it,train
61573114108669,it,train
61573645455245,it,train
61574816503147,it,train
61575061680510,it,train
61575036301861,it,train
61575259760425,it,train
61574756147526,it,train
61571086213998,it,train
61575128697169,it,train
61575562147700,it,train
61575179444503,it,train
61575692226475,it,train
61574942256705,it,train
61575183774467,it,train
61575131086927,it,train
61573686134471,it,train
61575629889393,it,train
61575003453521,it,train
61575193033802,it,train
61575631468636,it,train
61574824212849,it,train
61575659187155,it,train
61574069335708,it,train
61575709404481,it,train
61574977145144,it,train
61575200813439,it,train
61574822052874,it,train
61575014612951,it,train
61575765602949,it,train
61574990494310,it,train
61574737216943,it,train
61575152565446,it,train
61573564257978,it,train
61575207653082,it,train
61573912293182,it,train
61573380245557,it,train
61574813263384,it,train
61574928307197,it,train
61573898073852,it,train
61574892429125,it,train
61575657477255,it,train
61575179154623,it,train
61575089190494,it,train
61575263480275,it,train
61575550148274,it,train
61574936286895,it,train
61573501187041,it,train
61574957285889,it,train
61575700975022,it,train
61575165654493,it,train
61575737494217,it,train
61573182549450,it,train
61574819052961,it,train
61574775586737,it,train
61575220452128,it,train
61573029377619,it,train
61575139527917,it,train
61573376435892,it,train
61575051032223,it,train
61575443764902,it,train
61575177944341,it,train
61575043892770,it,train
61575079829677,it,train
61574835491851,it,train
61574121743134,it,train
61573160110760,it,train
61575814130033,it,train
61574943905607,it,train
61575554348076,it,train
61574870231406,it,train
61573108333376,it,train
61574971534226,it,train
61571535067898,it,train
61574820912289,it,train
61573850384791,it,train
61575214282867,it,train
61575034022089,it,train
61575253341968,it,train
61575850974558,it,train
61575005164655,it,train
61573931822972,it,train
61575531302775,it,train
61573561197818,it,train
61575051841154,it,train
61575292058797,it,train
61573624637189,it,train
61575147357302,it,train
61573246867422,it,train
61574928787493,it,train
61574083854222,it,train
61574145531188,it,train
61571645173270,it,train
61573082234749,it,train
61575209724467,it,train
61575382295615,it,train
61575243311101,it,train
61575104893354,it,train
61573921443182,it,train
61575458614770,it,train
61575731069908,it,train
61575631599627,it,train
61575188455354,it,train
61575706164902,it,train
61575175844377,it,train
61575555492593,it,train
61573733892332,it,train
61574134851681,it,train
61574865520445,it,train
61575128956704,it,train
61575723210299,it,train
61575475324424,it,train
61575144747663,it,train
61575652808289,it,train
61575500764165,it,train
61575040080892,it,train
61571428663700,it,train
61574759775784,it,train
61575227652155,it,train
61574861412012,it,train
61575350580359,it,train
61575217242530,it,train
61575779301775,it,train
61574853522414,it,train
61575038341824,it,train
61575153357056,it,train
61575642154332,it,train
61575115079212,it,train
61575491764448,it,train
61575738713155,it,train
61575810506515,it,train
61574873830469,it,train
61573849896345,it,train
61575203154702,it,train
61573929602122,it,train
61575252340775,it,train
61575237281286,it,train
61575849144462,it,train
61575653247545,it,train
61573964580457,it,train
61573827278089,it,train
61574812184858,it,train
61574052716001,it,train
61574764455076,it,train
61575864418422,it,train
61575545911944,it,train
61575829680247,it,train
61575254242039,it,train
61575726833751,it,train
61575181034422,it,train
61574779274978,it,train
61575285909107,it,train
61575227382038,it,train
61574973994241,it,train
61574914657931,it,train
61575262461413,it,train
61574979245998,it,train
61574078395311,it,train
61575109818001,it,train
61573022597906,it,train
61573528079981,it,train
61573540619004,it,train
61575504734904,it,train
61574959175073,it,train
61574987285584,it,train
61573466431893,it,train
61575130078431,it,train
61575460061250,it,train
61575223032287,it,train
61573623976958,it,train
61575003543784,it,train
61575803360565,it,val
61574724947307,it,val
61575220913669,it,val
61575746819395,it,val
61574793554229,it,val
61573815667956,it,val
61575294698428,it,val
61573941970022,it,val
61573116313116,it,val
61573601696076,it,val
61575128936954,it,val
61574984884502,it,val
61575129328475,it,val
61573297146648,it,val
61575139726547,it,val
61574131042566,it,val
61574082594447,it,val
61573715443354,it,val
61573733412627,it,val
61575626548762,it,val
61575085619309,it,val
61575249411018,it,val
61575626818886,it,val
61575780231673,it,val
61575266409821,it,val
61575265701333,it,val
61574989954106,it,val
61575796370877,it,val
61574787645954,it,val
61573545838807,it,val
61575293048793,it,val
61573950781191,it,val
61574071554987,it,val
61573539089036,it,val
61575905006200,it,val
61573725732921,it,val
61575070651124,it,val
61573623174956,it,val
61575257481813,it,val
61573549288635,it,val
61573666185135,it,val
61575541172249,it,val
61575035761920,it,val
61575269721277,it,val
61573504404587,it,val
61575487324647,it,val
61575059161870,it,val
61575584406708,it,val
61575527462883,it,val
61574964965314,it,val
61575770421876,it,val
61575187214281,it,val
61573817167860,it,val
61575781281687,it,val
61573163020742,it,val
61573389545206,it,val
61574883069816,it,val
61573143011510,it,val
61575748703029,it,val
61575525969186,it,val
61574053119016,it,test
61575805711531,it,test
61574936016860,it,test
61574940158280,it,test
61575557761520,it,test
61575545102013,it,test
61574937547028,it,test
61575433245776,it,test
61574724737317,it,test
61575371015595,it,test
61574911149534,it,test
61575582750038,it,test
61575544152962,it,test
61573693491518,it,test
61575580080566,it,test
61575603778005,it,test
61575119187638,it,test
61575005853006,it,test
61575255680659,it,test
61573754471228,it,test
61575200353453,it,test
61575171524686,it,test
61574863962100,it,test
61575226372155,it,test
61575797240901,it,test
61575318607485,it,test
61574996597830,it,test
61575013502873,it,test
61573697084008,it,test
61575172646079,it,test
61576059230191,it,test
61575527222862,it,test
61575188275516,it,test
61574051276067,it,test
61575207773071,it,test
61573913763035,it,test
61574839903015,it,test
61575671456434,it,test
61575154635451,it,test
61575356045890,it,test
61575088470429,it,test
61573167310365,it,test
61573552948536,it,test
61574931846511,it,test
61573535549602,it,test
61575227003442,it,test
61575106577835,it,test
61575798830806,it,test
61573516080607,it,test
61574781734933,it,test
61573543259106,it,test
61573112383233,it,test
61573876354741,it,test
61575088062953,it,test
61575202633062,it,test
61574785574733,it,test
61575622629793,it,test
61574764996945,it,test
61573639576797,it,test
61575792327507,it,test
61573552737149,pt,train
61575201823318,pt,train
61575018602707,pt,train
61575781048206,pt,train
61575679370162,pt,train
61575702991271,pt,train
61575245571245,pt,train
61575263206752,pt,train
61575178904532,pt,train
61572976475726,pt,train
61575214852696,pt,train
61575810230093,pt,train
61575262144291,pt,train
61573540677615,pt,train
61575791427444,pt,train
61575794367448,pt,train
61575095908382,pt,train
61574959205760,pt,train
61575615869363,pt,train
61575149985527,pt,train
61573259482479,pt,train
61575041521718,pt,train
61575307694452,pt,train
61575628354963,pt,train
61574795804001,pt,train
61575197063677,pt,train
61575326407158,pt,train
61575323256914,pt,train
61575232601470,pt,train
61575622528838,pt,train
61575656577386,pt,train
61575063570467,pt,train
61575595206496,pt,train
61575229541515,pt,train
61575131847014,pt,train
61574893990061,pt,train
61575302504611,pt,train
61574900918548,pt,train
61572954306907,pt,train
61575658173803,pt,train
61575094710147,pt,train
61575162475372,pt,train
61575725250115,pt,train
61574874880039,pt,train
61575539882427,pt,train
61573250572741,pt,train
61574772255183,pt,train
61574820492941,pt,train
61575759538891,pt,train
61574984644503,pt,train
61573128238099,pt,train
61575098248730,pt,train
61575575574825,pt,train
61575039781543,pt,train
61575586206484,pt,train
61574709227973,pt,train
61574844431621,pt,train
61575669723077,pt,train
61575124347197,pt,train
61575651027623,pt,train
61575758698921,pt,train
61575457030949,pt,train
61575424295278,pt,train
61575119127509,pt,train
61574796794269,pt,train
61575021542608,pt,train
61575200393456,pt,train
61575012632343,pt,train
61573119868261,pt,train
61575155845573,pt,train
61575497680533,pt,train
61575900051871,pt,train
61574749756596,pt,train
61575722454007,pt,train
61574967965313,pt,train
61575548018214,pt,train
61575521493182,pt,train
61573395394803,pt,train
61575144555723,pt,train
61574777985171,pt,train
61574978944598,pt,train
61572643031348,pt,train
61575849234543,pt,train
61575519603508,pt,train
61575826765746,pt,train
61575127707029,pt,train
61574958755699,pt,train
61574905989922,pt,train
61575291848717,pt,train
61576002082198,pt,train
61575621478987,pt,train
61575884542892,pt,train
61575293504986,pt,train
61575256546492,pt,train
61575695365318,pt,train
61575652047563,pt,train
61575907311759,pt,train
61575421301471,pt,train
61575260930330,pt,train
61575068880176,pt,train
61575674762828,pt,train
61575016472925,pt,train
61574873230179,pt,train
61575512133483,pt,train
61575159445487,pt,train
61575175574626,pt,train
61574845871548,pt,train
61574812843464,pt,train
61575262936745,pt,train
61572893499743,pt,train
61575250157025,pt,train
61574899088980,pt,train
61575819446078,pt,train
61573104929262,pt,train
61575203233193,pt,train
61575271516188,pt,train
61575278175509,pt,train
61575073619986,pt,train
61575511113557,pt,train
61575143006497,pt,train
61575605376491,pt,train
61575074909869,pt,train
61575923541054,pt,train
61573191954824,pt,train
61575121557487,pt,train
61575496414111,pt,train
61575204503352,pt,train
61573596774794,pt,train
61575230391948,pt,train
61575571147433,pt,train
61575141087700,pt,train
61575750832822,pt,train
61575671576471,pt,train
61575105527927,pt,train
61573204057105,pt,train
61575830575557,pt,train
61574906948470,pt,train
61575048301295,pt,train
61575282129145,pt,train
61575707940901,pt,train
61575327006862,pt,train
61575694070867,pt,train
61573021846202,pt,train
61572673361821,pt,train
61575039211521,pt,train
61575535599312,pt,train
61575568321122,pt,train
61575060960691,pt,train
61573423472399,pt,train
61575884842080,pt,train
61575631438414,pt,train
61575270286053,pt,train
61573077210264,pt,train
61573015803295,pt,train
61575769108329,pt,train
61575733919835,pt,train
61575610349444,pt,train
61573043372523,pt,train
61575117567021,pt,train
61573150689906,pt,train
61575165805362,pt,train
61575147806028,pt,train
61575846444720,pt,train
61573376404449,pt,train
61575889192539,pt,train
61575223732196,pt,train
61573079190124,pt,train
61574935477073,pt,train
61575832225561,pt,train
61575479801057,pt,train
61575222742411,pt,train
61575549901920,pt,train
61573143206908,pt,train
61575099568667,pt,train
61575576330602,pt,train
61574908268434,pt,train
61575177824548,pt,train
61575190033990,pt,train
61575677252798,pt,train
61575635698445,pt,train
61575256696629,pt,train
61575240461266,pt,train
61575508263839,pt,train
61573205754045,pt,train
61574908928372,pt,train
61574919847818,pt,train
61575662223420,pt,train
61574933347215,pt,train
61572775543166,pt,train
61575091678915,pt,train
61575499452704,pt,train
61573584145193,pt,train
61573108228452,pt,train
61575100558562,pt,train
61575914150967,pt,train
61575519009521,pt,train
61575024032269,pt,train
61575276286309,pt,train
61574816892552,pt,train
61575109948108,pt,train
61573401574373,pt,train
61575540878939,pt,train
61575861774039,pt,train
61575676472631,pt,train
61574821932712,pt,train
61575145346143,pt,train
61575299348163,pt,train
61572723287435,pt,train
61575893482315,pt,train
61575323113578,pt,train
61575593526385,pt,train
61574821782730,pt,train
61575256610549,pt,train
61573098989704,pt,train
61575555181554,pt,train
61575561745423,pt,train
61574935776887,pt,train
61574791274667,pt,train
61575141626479,pt,train
61573062134347,pt,train
61573384551006,pt,train
61575856914114,pt,train
61574845181237,pt,train
61575690601850,pt,train
61575152187335,pt,train
61575126328545,pt,train
61575158005578,pt,train
61575267620030,pt,train
61573036773006,pt,train
61575089848976,pt,train
61574898638788,pt,train
61574776454928,pt,train
61574854241050,pt,train
61575014133073,pt,train
61575225952116,pt,train
61574872450233,pt,train
61575895552193,pt,train
61575502234010,pt,train
61575235457745,pt,train
61575866273792,pt,train
61575861143895,pt,train
61573712511017,pt,train
61575161185543,pt,train
61574863180647,pt,train
61575770758381,pt,train
61575567781112,pt,train
61572954786814,pt,train
61575508270361,pt,train
61575514209869,pt,train
61575636412404,pt,train
61575552061888,pt,train
61574817372804,pt,train
61574833902251,pt,train
61573197384523,pt,train
61574801265187,pt,train
61574928127303,pt,train
61572786436276,pt,train
61573218173433,pt,train
61573051725192,pt,train
61575778198261,pt,train
61575647757746,pt,train
61574859160576,pt,train
61575829620469,pt,train
61574977774571,pt,train
61575087912997,pt,train
61575844494846,pt,train
61575517659677,pt,train
61574942166735,pt,train
61575146036382,pt,train
61574889549209,pt,train
61573012877681,pt,train
61573116551721,pt,train
61574724887390,pt,train
61575625025576,pt,train
61575115637534,pt,train
61574802793931,pt,train
61575755039100,pt,train
61573161129574,pt,train
61575502300509,pt,train
61575637714655,pt,train
61575638074541,pt,train
61575226432039,pt,train
61575168115148,pt,train
61575751049240,pt,train
61575556867889,pt,train
61574890779488,pt,train
61575249640975,pt,train
61575906921720,pt,train
61575224752277,pt,train
61575484211181,pt,train
61575802610452,pt,train
61575203153375,pt,train
61575505803676,pt,train
61573206864084,pt,train
61575281379106,pt,val
61575289928805,pt,val
61572803443414,pt,val
61575719040520,pt,val
61575196823636,pt,val
61574796344244,pt,val
61575785727945,pt,val
61575615485706,pt,val
61575574860669,pt,val
61573221426285,pt,val
61573402803084,pt,val
61575252370580,pt,val
61574791514348,pt,val
61575732533301,pt,val
61575227901999,pt,val
61575139756553,pt,val
61574775285340,pt,val
61575596766424,pt,val
61574822682989,pt,val
61575494740784,pt,val
61573183358303,pt,val
61575370332013,pt,val
61574860900970,pt,val
61575336973098,pt,val
61575539348962,pt,val
61575816656229,pt,val
61575000809915,pt,val
61575657153747,pt,val
61575542078870,pt,val
61575519242899,pt,val
61575306397643,pt,val
61574801923917,pt,val
61574787224668,pt,val
61573657822094,pt,val
61575628348501,pt,val
61575194273558,pt,val
61575302234656,pt,val
61575626045233,pt,val
61575717624126,pt,val
61575161785561,pt,val
61575120507560,pt,val
61575176354332,pt,val
61575628828552,pt,val
61575312817624,pt,val
61575093088823,pt,val
61575910161531,pt,val
61574884719731,pt,val
61573022866409,pt,val
61573117901512,pt,val
61575277305874,pt,val
61575546518562,pt,val
61572914558646,pt,val
61573044002499,pt,val
61573590145100,pt,val
61572965826051,pt,val
61575885982810,pt,val
61575175274435,pt,val
61575195823790,pt,val
61574945976316,pt,val
61575337302838,pt,val
61574840801931,pt,val
61574873290287,pt,val
61575021212595,pt,val
61574940786036,pt,test
61575680942688,pt,test
61573036322799,pt,test
61575019756700,pt,test
61575574524688,pt,test
61574714597809,pt,test
61575049831217,pt,test
61575161685429,pt,test
61573382480931,pt,test
61575649624207,pt,test
61574966165566,pt,test
61575689432183,pt,test
61575531152948,pt,test
61575854874351,pt,test
61575849294548,pt,test
61575794757479,pt,test
61575838795093,pt,test
61575552217980,pt,test
61575557408009,pt,test
61575503980281,pt,test
61575098818802,pt,test
61575079169748,pt,test
61575263799927,pt,test
61572945636998,pt,test
61574913877788,pt,test
61575025023617,pt,test
61575582540110,pt,test
61575533882644,pt,test
61575905331775,pt,test
61575111478220,pt,test
61575328303165,pt,test
61575229631870,pt,test
61574930586709,pt,test
61574799343860,pt,test
61575191317891,pt,test
61575087119240,pt,test
61572629921625,pt,test
61574939766846,pt,test
61575799107152,pt,test
61575455591111,pt,test
61575243677655,pt,test
61574787854878,pt,test
61575618485389,pt,test
61575561427679,pt,test
61575310034038,pt,test
61575238131572,pt,test
61573639284043,pt,test
61575270759607,pt,test
61575262870032,pt,test
61575647284322,pt,test
61572985534941,pt,test
61575317113475,pt,test
61575227471920,pt,test
61575368459933,pt,test
61575178964523,pt,test
61575158695568,pt,test
61575461561304,pt,test
61574845121589,pt,test
61575470764521,pt,test
61574934126943,pt,test
61575195653637,pt,test
61574861712206,pt,test
61575515733376,pt,test
