epoch,train_loss,train_query_ce,train_support_ce,train_g_norm,train_base_logit_rms,train_person_correction_rms,train_person_to_base_ratio,val_nll,person_scale,lr
1,1.7212888047380268,1.3770541582467422,1.3768820065372396,0.1414644476377739,0.01839566513685123,0.000122330119099714,0.009072684955273597,1.3646414282613244,0.10193950682878494,0.0003
2,1.6877732974178385,1.3503002175744974,1.3496292447144131,0.6576792710232284,0.07222576861111622,0.0007562559363783672,0.009853230367572803,1.3264266313729716,0.10484232753515244,0.0003
3,1.6287511362219758,1.301603690633234,1.3081809327287495,1.0221383762809466,0.17412350397065002,0.0019492258423201318,0.011328399726101812,1.2786312667642525,0.10774186253547668,0.0003
4,1.5840539437419963,1.2670297937573127,1.2676644325256348,1.0804848198620778,0.3009584605131509,0.0027154508477322896,0.009087229411135305,1.2456974609906777,0.10980585962533951,0.0003
5,1.557915284948529,1.2457591677611728,1.2481950971315492,1.073410007188905,0.4042933380828713,0.0030874537945426296,0.007655777986038406,1.22984129313803,0.11110372096300125,0.0003
6,1.556216298409228,1.245406908809014,1.2428229259994794,1.0365702847264848,0.4671265831533468,0.003231521757354714,0.006923430423551011,1.2226708038692806,0.11169584095478058,0.0003
7,1.5447778566828314,1.233876626446562,1.2432191394410044,0.9644496452133611,0.48887781320877793,0.003214776296309143,0.006581953761853137,1.2177853798484826,0.11219314485788345,0.0003
8,1.535467487461162,1.226432645095969,1.235868161579348,0.6780439165403258,0.5117213129997253,0.0024298697507957804,0.004745456078177634,1.2145586481144306,0.11258881539106369,0.0003
9,1.5297386781224664,1.2196697738935363,1.2400684491643366,0.5178126495964123,0.5291814680369396,0.0022405149032941685,0.004228281582055508,1.2107402227600776,0.11341103166341782,0.0003
10,1.5341939251377898,1.2259592425148442,1.232721504175438,0.5430235480362514,0.5295260739776323,0.002513341456300245,0.0047449898282241705,1.2088392959119667,0.11475064605474472,0.0003
11,1.54009340394218,1.2335371431314721,1.2260091124840502,0.5397575621335011,0.5297023980122693,0.002867705513775911,0.005423972400713642,1.2072320526921045,0.11641182005405426,0.0003
12,1.5286318378628425,1.222010146896794,1.2262624052335631,0.5609385112546524,0.532503586332753,0.0032014242452481447,0.006007048485906057,1.2053230529952763,0.11833638697862625,0.0003
13,1.5395367640369344,1.2321763510973949,1.2292108130904864,0.5771779766622579,0.5165704078269455,0.0035724411982129205,0.006921616874916374,1.2030356152402244,0.12026636302471161,0.0003
14,1.5319557842218652,1.225044144774383,1.227418598139061,0.5698764819019245,0.5255281970186053,0.003980741396827518,0.007574195349764712,1.2014267265426344,0.12268906086683273,0.0003
15,1.5283273840850253,1.222338932865071,1.2237103120335993,0.6088436380872186,0.5351781794485057,0.004474388514557537,0.008366344303314417,1.2000052593785289,0.12516026198863983,0.0003
16,1.5173092293289472,1.21200563322823,1.2209717912494011,0.6065252322071003,0.5436409531899218,0.00500885036967273,0.009220747848234649,1.1986565485029312,0.12801030278205872,0.0003
17,1.5047523548018258,1.199158508822603,1.222119446070689,0.6397917889199167,0.5510979817723328,0.005222072306458118,0.009477184540679995,1.196784737655903,0.13065271079540253,0.0003
18,1.5514255267269206,1.2473470557410762,1.2160649592021726,0.6222020770018956,0.5369912554632943,0.0057186493210775674,0.010670905036605755,1.1965596057584391,0.13342030346393585,0.0003
19,1.519685740740794,1.214945932604232,1.2187047814423184,0.6360079387448868,0.5334679383151936,0.006510135849480922,0.01221862303549951,1.195123436317944,0.13663135468959808,0.0003
20,1.5099248616200573,1.2045596905474394,1.221203790520722,0.6423001851675645,0.5540460893568003,0.006994148935982079,0.012645615317489742,1.1938184166538128,0.13967129588127136,0.0003
21,1.5274474058511123,1.2236730625044625,1.2148536488694965,0.6093088219750602,0.5573179946755463,0.007396511926825317,0.013278499315932111,1.1937205428607536,0.14289042353630066,0.0003
22,1.4994322826277535,1.1954853219806023,1.2155487717322584,0.5977675836041288,0.5546188095830521,0.008098858601923258,0.014622566114478517,1.1924433222563682,0.14609070122241974,0.0003
23,1.5195476311557699,1.2150002133171514,1.2179422850878734,0.6184869903438496,0.55567090016491,0.008654854945697874,0.015588437084038302,1.1917585495488905,0.14967595040798187,0.0003
24,1.5084477663040161,1.2051005813310731,1.2131498939586136,0.5971130728721619,0.5540980601085806,0.00928774265185842,0.016806468525725714,1.190514169312897,0.15260052680969238,0.0003
25,1.5047566170962352,1.2011014223098755,1.2143784491521008,0.6057714499392599,0.5756210746630183,0.010068857673344747,0.017499806166116922,1.1901118309693803,0.15619654953479767,0.0003
26,1.5142569474454195,1.2104045917403023,1.2151348928235612,0.6862546542905411,0.5703821907628257,0.01072883092851009,0.01881385439971708,1.189231735457286,0.15939100086688995,0.0003
27,1.5162574120287626,1.2136407055944767,1.2102195451844413,0.6181743662312346,0.5644911223987363,0.011443576353760261,0.020302908916799527,1.1887063804560545,0.16309353709220886,0.0003
28,1.5176993001182124,1.214648444697542,1.211958864949784,0.6112982135898662,0.5701349124593554,0.012097494729425548,0.021257208273658214,1.1889822342451448,0.16717633605003357,0.0003
29,1.5200525454755098,1.2157341061897997,1.217040147421495,0.5839231610298157,0.5497818797264459,0.012715392394588803,0.02317264971305739,1.1888733543819796,0.1706782877445221,0.0003
30,1.5178512717193027,1.215421368490975,1.2094919951456897,0.5691017143006595,0.5575672787315441,0.013871634115447413,0.024904973594085226,1.1884810714651384,0.17476405203342438,0.0003
31,1.499118055937425,1.194292279909242,1.2190665546453223,0.591340997871363,0.5644942128433371,0.014650866740717078,0.025971390552959352,1.1874475639735498,0.17879796028137207,0.0003
32,1.5158803642920728,1.2139397319757714,1.2075203117334619,0.6057122923293203,0.5713208104079625,0.015113062945739279,0.026461060598211468,1.187715020138366,0.18277397751808167,0.0003
33,1.5267916490446847,1.2249038624313642,1.2073139424593944,0.5931165938107472,0.5536890873369181,0.01662763629881841,0.030076826377859654,1.187586500426079,0.1872406303882599,0.0003
34,1.5048888584352889,1.2025779868071933,1.2090029019229818,0.6015428237195285,0.5570808148609018,0.017544765042949398,0.031588338948083376,1.1862930307045345,0.19200243055820465,0.0003
35,1.4985704039627652,1.1956104422515292,1.211599129550862,0.6018411832035713,0.5690564175821701,0.018929045418945124,0.033333194213655756,1.1856294335365611,0.19696176052093506,0.0003
36,1.5309124240335428,1.2309756863791987,1.1994995148676746,0.6184921905679522,0.5564906703975966,0.0199179221647528,0.03584851078548521,1.1857737072569599,0.2014535814523697,0.0003
37,1.492522860473057,1.1899934647218235,1.2098494430757918,0.6702333148920311,0.5685948729515076,0.021277516588287533,0.03745229373563011,1.1854038100582962,0.20595555007457733,0.0003
38,1.52041443338934,1.2196509635673378,1.2028032721213575,0.62645785651117,0.5699358059550231,0.022325175761614205,0.03924436691515851,1.185689526097036,0.20999707281589508,0.0003
39,1.5128595671563778,1.2116786556423835,1.2044972856089753,0.5659985210535661,0.5562570044454539,0.02308229427292662,0.041528833784022424,1.1843441605067586,0.21443583071231842,0.0003
40,1.5141070226453386,1.2115473387376317,1.2100126788301289,0.565095196917372,0.5510196567706342,0.024128362782440096,0.04382244863037793,1.1841639824914392,0.21927475929260254,0.0003
41,1.4907747349649105,1.1876380825942416,1.2123206359035563,0.5649637220040807,0.5707485979458071,0.02555349715194612,0.044844363165913885,1.1826503229606276,0.22414784133434296,0.0003
42,1.5180539342592347,1.217370388642797,1.2025053163744368,0.5721745170512289,0.5660330467628982,0.026274348415856092,0.046460610375089466,1.1838710464108104,0.2284466177225113,0.0003
43,1.5147175001648236,1.212791069498602,1.2074707656536463,0.5873609477618955,0.5662355209296605,0.02663068343305363,0.0470727745373294,1.1831387262250128,0.23303449153900146,0.0003
44,1.497664451599121,1.1964564818256307,1.2046055321423512,0.5659489305514209,0.5578914695190933,0.027982769674568805,0.0502105731306211,1.1816509829065949,0.2382335066795349,0.0003
45,1.5027412176132202,1.2013597420926363,1.2052857560931511,0.6003728475210801,0.5668867337253859,0.03024264839741419,0.0534167266538683,1.1809508499533696,0.24319589138031006,0.0003
46,1.5041503298957393,1.203686293566002,1.2016206709843762,0.5886781389983196,0.5695878267288208,0.032002274474164226,0.05632812635235067,1.1805511798101618,0.2483312338590622,0.0003
47,1.4851125748652332,1.1828712213714168,1.208739793525552,0.5640047850473872,0.5818470148545392,0.03311787081776925,0.05702719535186605,1.1797171167612208,0.25432008504867554,0.0003
48,1.498443900414233,1.1985641335541348,1.1992802934826545,0.5968241309219936,0.570788563422437,0.03413489756156814,0.05981503511374851,1.1798375702561215,0.2602052092552185,0.0003
49,1.498977339492654,1.198863389357081,1.2002081758571121,0.6191225726649446,0.5759332461177178,0.03734663972314799,0.06497262186318073,1.1793556190200558,0.26588937640190125,0.0003
50,1.497836652791725,1.1984279065761927,1.197388381328223,0.6164797477002414,0.5727805000431133,0.03800257724129929,0.06649851018808922,1.179240606889922,0.2709066867828369,0.0003
51,1.5018063851122587,1.2018734216690063,1.1994865772859105,0.6131986143454066,0.5835437336057987,0.040423122709089855,0.06937577371608536,1.1790917206460432,0.27630889415740967,0.0003
52,1.5068862078324803,1.206843909227623,1.1999155642851345,0.6340772633282643,0.563530297211881,0.04108559986892736,0.07305808843306776,1.178909272959306,0.28176215291023254,0.0003
53,1.503867412513157,1.202674760008758,1.204516298366043,0.6356930215403719,0.559717835682743,0.04273165544530131,0.07653898113178757,1.1785354152942114,0.28745952248573303,0.0003
54,1.4998122408704937,1.2015671055271941,1.192737361170211,0.6079238203336608,0.5655112733256142,0.04359078400258748,0.07719018844501027,1.1781412064574466,0.29315489530563354,0.0003
55,1.5075777274257731,1.2064022005728956,1.2044627598996431,0.5982492881001167,0.5649773180484772,0.045480976338094135,0.08068043822949787,1.1784519706543939,0.29910144209861755,0.0003
56,1.5001151179367642,1.1988333778561286,1.2048871967027772,0.5992630618923115,0.566614458583436,0.04782722299953677,0.08450207564066041,1.1782791175266643,0.30523380637168884,0.0003
57,1.501934753274018,1.200738452515512,1.2045387816878985,0.6159376681975599,0.5702277759336075,0.04918671518845378,0.08645287591893717,1.177213580933518,0.311505526304245,0.0003
58,1.4950014690183244,1.1945555120144251,1.2015359334225924,0.6198475675762825,0.5687818645306353,0.0506983644698026,0.08936684986330429,1.1770233851278964,0.31684204936027527,0.0003
59,1.5008657226022684,1.201761614601567,1.1961570438349023,0.6484221501170464,0.5840286005218074,0.0536947729733755,0.09213061405802672,1.1777821755231785,0.3229592442512512,0.0003
60,1.503088467525986,1.2044011646846555,1.1944952033600718,0.6350145699842921,0.570714108224185,0.05353761921232601,0.09388465715466805,1.1770133720241704,0.3282912075519562,0.0003
61,1.4921005761848305,1.1935985583179403,1.1937513846271444,0.6416723109641165,0.5626584786289143,0.05559015203759356,0.09901738911867142,1.1763904727845722,0.33537185192108154,0.0003
62,1.4956920574296195,1.1989677829562493,1.1866387893568795,0.6458280064025015,0.5899415274835983,0.0594833161471025,0.10095174596557077,1.1762327160617925,0.3417501449584961,0.0003
63,1.4962882770682282,1.197276769943957,1.1957928639537883,0.6328461136458055,0.5744517490548907,0.0598099522714345,0.10421611003155978,1.1761196008924462,0.3478151857852936,0.0003
64,1.4903374100631137,1.1927296980372015,1.19018170293772,0.6229136608681589,0.5660543897241916,0.06162233995097988,0.10904058954625759,1.1762084427281032,0.3538466691970825,0.0003
65,1.496238132692733,1.1965935477670633,1.198338213956581,0.6002846090298779,0.5796475247392114,0.06560046443680548,0.11339298748182801,1.176415523302052,0.361129492521286,0.0003
66,1.4900215256888911,1.1909891456927892,1.1959028626387973,0.5666673082225727,0.5722041349366026,0.06564536831288967,0.11500337002974637,1.1750551020665987,0.366952121257782,0.0003
67,1.491175260183946,1.1904420605245627,1.2027148660623803,0.544802392428776,0.5823673892695949,0.06774457944732792,0.11642156386712812,1.1740874757610682,0.37288084626197815,0.0003
68,1.4919851546017628,1.1929616118377109,1.1959052288307335,0.4723231910534625,0.5834359723442005,0.06752101901286053,0.1158461792851394,1.174103475073564,0.37929558753967285,0.0003
69,1.4947863412353228,1.1952206593639445,1.1980351344594415,0.5690739930800672,0.575328251663244,0.07230907552084832,0.1261042612341215,1.1736933125844833,0.38593605160713196,0.0003
70,1.5003807139846514,1.2009518821284455,1.1974833393996616,0.579902285112525,0.5744941555104166,0.0740208220228834,0.12905968219604133,1.1736349396683226,0.392681747674942,0.0003
71,1.4816399182913438,1.1826006016641293,1.195918618508105,0.5966830894632159,0.5736431816838822,0.07669885540908238,0.13391818570078545,1.1730366230431022,0.40002134442329407,0.0003
72,1.4872478764012176,1.1885032428885407,1.1947289727768808,0.6239607907691092,0.5754342540255133,0.07961088362729775,0.1386544092927339,1.1726494626749258,0.4077577292919159,0.0003
73,1.499654270567984,1.2029596634630888,1.186518003355782,0.6511208639954621,0.5710620210980469,0.08113800115742774,0.14225258186178388,1.1750447447765118,0.41421082615852356,0.0003
74,1.4860216469134924,1.1875469639616192,1.1936569056420956,0.6045312769008133,0.5784651215346355,0.08522445230551486,0.14748144290357265,1.1738117199547426,0.42109164595603943,0.0003
75,1.4821462991102687,1.184401199502765,1.1907524725176253,0.5698436369311135,0.5765633515591891,0.0855576550623156,0.14858743942008829,1.1724397793763963,0.42717787623405457,0.0003
76,1.49905903834217,1.2007142912666753,1.1931335993532866,0.6135436622601635,0.5748417787956741,0.08634144461379861,0.15042804012883385,1.1741744898325235,0.4327675402164459,0.0003
77,1.4718482674292799,1.1733784698090464,1.1936361519795544,0.6076517498718118,0.5836493024286235,0.08915144345670376,0.15289205987498444,1.1703500141330545,0.43992477655410767,0.0003
78,1.4629712667105332,1.1650073415828202,1.1916177700150687,0.5947793002398509,0.6059575564456436,0.09520128214696669,0.1572659673555842,1.1698926316766631,0.4482722878456116,0.0003
79,1.4958121259257477,1.1978495008540604,1.1916111482764191,0.5984168693704425,0.5727925036313399,0.09115306765965696,0.15943861541883,1.1701809966359447,0.455695241689682,0.0003
80,1.4840008492739696,1.186136099527467,1.1912170513620917,0.6047793581800641,0.5735496091392805,0.09628109366826292,0.16814001129483278,1.1699497070805662,0.4621618688106537,0.0003
81,1.4829434043956253,1.184444375757901,1.1937510697346814,0.6124988625634391,0.5816322165840077,0.10024316145001717,0.17306410169826364,1.169910575820027,0.469160258769989,0.0003
82,1.4878524834255002,1.189655825776874,1.1925480748122592,0.5963944061747137,0.5907430806249943,0.10178563786002826,0.1726121818119625,1.1692243872803296,0.47541311383247375,0.0003
83,1.4648866630950064,1.165880171757824,1.1957823960286267,0.608930231265302,0.5901278409193147,0.10223105985600993,0.1734272134753893,1.1717178008353029,0.4824472963809967,0.0003
84,1.4810891893674742,1.1841169595718384,1.1876389440500512,0.6249281921476688,0.597222163992108,0.10714770024115185,0.17960359634093517,1.1693376736232046,0.4902259409427643,0.0003
85,1.477947158633538,1.1808615641773872,1.1880924139382705,0.6249306359381046,0.5797155263288966,0.10873136093031685,0.18762320589344456,1.1703309235707238,0.498872846364975,0.0003
86,1.4718158694933046,1.1752742877546347,1.185918412118588,0.619655357216889,0.5752519380371526,0.11030524955043253,0.1920984778201805,1.167804240075955,0.5077576041221619,0.0003
87,1.476863737376231,1.1785179084202029,1.1931447173064609,0.5964127868976233,0.58489631594352,0.11402919790092504,0.1953323281036233,1.1671106755772487,0.5143248438835144,0.0003
88,1.4836577649386424,1.186252330834011,1.1893735359299857,0.6204735119387789,0.5854026034193219,0.1185063510289732,0.20268822081808774,1.1674362154709494,0.5213227272033691,0.0003
89,1.4820333966669046,1.1858946062483877,1.1843107893781841,0.6109858919989388,0.5869163752726789,0.11789528575708282,0.20112792838294552,1.1683261850823774,0.5275951623916626,0.0003
90,1.4793065246546044,1.182233787932486,1.1880397346784484,0.6279171401599668,0.5903993057754805,0.11930997768100703,0.20246108438608781,1.1679472145375784,0.5353314280509949,0.0003
91,1.4641611688541916,1.1665679846169814,1.190117892229332,0.6371579597581107,0.5974151064764779,0.12277581374037941,0.20570991033653044,1.1673322132475608,0.5428404211997986,0.0003
92,1.489146518257429,1.1930870593718763,1.1839841244355687,0.6342562324595902,0.5785786127144436,0.12249076900617131,0.21196141361065632,1.1667305640382524,0.5511536598205566,0.0003
93,1.4845571945298393,1.187100907541671,1.1895723612803333,0.631977803302261,0.5845063750473958,0.12807828173884805,0.2195298193760638,1.1679795347792752,0.5580570697784424,0.0003
94,1.485882671374195,1.189078297255174,1.186977541671609,0.5999230427562066,0.5823714030238817,0.1290428565358216,0.2221049503335413,1.1672113490431557,0.5651432275772095,0.0003
95,1.4814254405363552,1.1854871916321088,1.1835073255143076,0.6142725877042087,0.5840102810904665,0.13219271094169258,0.22678209785020575,1.1680579848558152,0.5730394124984741,0.0003
96,1.466275988884692,1.167726091618808,1.193945918443068,0.6341149705760883,0.5827938070837057,0.13355071561516457,0.22946818060470078,1.166429341676193,0.5794970989227295,0.0003
97,1.4750778877510216,1.1790182837900125,1.184005471895326,0.5823713406076971,0.59432064643446,0.13818615928011121,0.23344836257538706,1.1654446853763398,0.5868331789970398,0.0003
98,1.471925748969024,1.174510324901005,1.189440704741568,0.5524813909575624,0.5739859916129202,0.13849057622675626,0.2415556584326726,1.1660060369944738,0.5935977101325989,0.0003
99,1.4841666469034158,1.1872879694092948,1.1872871799289055,0.5689111070812873,0.5900759938752876,0.14312331631498518,0.24279829972195174,1.1664518362556777,0.600452184677124,0.0003
100,1.465400144738971,1.1690308620344918,1.1852494478225708,0.5691882231325474,0.5852010992338073,0.1489389994234409,0.25500143474003056,1.165440622377588,0.607138454914093,0.0003
101,1.4658706165709585,1.1696651724149596,1.1845978048612487,0.5599936477418216,0.5810147338318374,0.1486610362552247,0.25626113982695453,1.166019569230735,0.6155162453651428,0.0003
102,1.4396127484879404,1.1427509975883197,1.187217631429996,0.5735222472334808,0.5944303004246838,0.1526758794514638,0.25784796504479535,1.1650856744738636,0.6244761943817139,0.0003
103,1.473493164440371,1.1778471424894512,1.1823465126865316,0.5939394235610962,0.6074795020076463,0.155862014389263,0.2569826141280948,1.1669694354738425,0.6307620406150818,0.0003
104,1.4773978174857374,1.182199259973922,1.1805539378580057,0.6007193405673189,0.6071417028049253,0.15739061191396894,0.2598119985382512,1.1665033769314423,0.6386203169822693,0.0003
105,1.4759006050397765,1.1793274204686004,1.1860373447526176,0.6384597983000413,0.5855658942798398,0.15799514274552184,0.27017913533831545,1.1632099267045732,0.6456074118614197,0.0003
106,1.482720267097905,1.1869462885946598,1.1828553879036094,0.6012936594351282,0.5862260370884301,0.16310755964720025,0.2784776083141003,1.1663312976635782,0.6506102681159973,0.0003
107,1.4691860046026841,1.1730823786753528,1.1841717643557854,0.6069352525585102,0.5848719775676727,0.16235895792268357,0.2780277003657143,1.1659256877839046,0.6583715677261353,0.0003
108,1.450020857577054,1.153114917143336,1.1873817623786207,0.6051262403434178,0.5982653093787859,0.16891462510486818,0.2826797717584754,1.1657967954334891,0.6649966835975647,0.0003
109,1.4606659164968527,1.163502907977914,1.1884074166135967,0.6114996030645551,0.5930336005282852,0.16781714657005273,0.2832855905564326,1.1634437827906685,0.6737246513366699,0.0003
110,1.4622104797723159,1.165949803478313,1.1847961196359598,0.6164486363249005,0.5936260943142873,0.17042157981755598,0.2875337668184964,1.1644538597944802,0.6811492443084717,0.0003
111,1.4482653051052454,1.152153602186239,1.1842004353145383,0.6159499658728546,0.6060779398342349,0.16972702657276728,0.28058220980302345,1.1639963888744889,0.688903272151947,0.0003
112,1.4520554677495416,1.156274472767452,1.1828922010817617,0.579381156642482,0.6197827435889334,0.1766176533024266,0.2853740282216162,1.164226406800791,0.6974560618400574,0.0003
113,1.4725768138777535,1.1770176943743005,1.1819950094762839,0.6036584096134834,0.5963553370169874,0.17761676575777666,0.29797105856661527,1.163781142341922,0.7043502926826477,0.0003
114,1.4615015353796617,1.165753742433944,1.1827535314379998,0.594041107960467,0.5964095614991098,0.17775359806024804,0.29815179446958145,1.1669771283176815,0.7121416330337524,0.0003
115,1.4726229636174328,1.1772418168355834,1.181278426692171,0.6154199534992002,0.5988372350638768,0.182421346318047,0.30501000948672025,1.1644611919749812,0.7193229794502258,0.0003
116,1.442835735824873,1.147261012275264,1.1820600617606685,0.5971000498195864,0.6024449366443562,0.1812066725402508,0.3013024588800826,1.162794264503262,0.7253959774971008,0.0003
117,1.4753246532296234,1.1804466629928012,1.1792809153502841,0.5776063327519398,0.6114914057389745,0.18470036111912638,0.30256267341802706,1.1620006807251746,0.7319690585136414,0.0003
118,1.4623566348597687,1.167897397617124,1.1776195179741338,0.5435802014368885,0.5874409456298036,0.18808402486567227,0.3209005819176728,1.1635377766467934,0.7404710054397583,0.0003
119,1.4648310575845107,1.17081581196695,1.175838344501999,0.5566367045888361,0.602235200832475,0.19051104952704231,0.31666801110753473,1.1636718477658767,0.745018720626831,0.0003
120,1.4465122335361984,1.1519366873885102,1.1780634668638121,0.59680859547741,0.6010967852934351,0.19782186369850951,0.32911068201065063,1.1635558043138188,0.7514963150024414,0.0003
121,1.4654576958350416,1.171203059970208,1.1767757186349832,0.607034407696634,0.5913071030715726,0.19173783373157932,0.32417125578196543,1.1636410449379142,0.7604396343231201,0.0003
122,1.4519962342280262,1.1567538121961198,1.180722322104112,0.6184867395544952,0.6114819252266074,0.19702089310816998,0.32284990515349044,1.1650915938094155,0.7654285430908203,0.0003
123,1.478812114247736,1.1851155353042315,1.1745484437582627,0.5946149106295604,0.6012152866372522,0.19400954330867193,0.32297093126009097,1.1638814746533455,0.7676019072532654,0.0003
124,1.453774371237125,1.15821388420069,1.1820038871945076,0.5950440730688706,0.6006232140199194,0.19161832866803655,0.31931563312152644,1.1659633223479204,0.7753792405128479,0.0003
125,1.465686170560009,1.1721682975877006,1.1738238514594312,0.6190454251361344,0.6060453355312347,0.19983319150951673,0.3300794081867866,1.163443231458713,0.780967652797699,0.0003
126,1.4667219823261477,1.1714400952717043,1.1808767498664137,0.6271065226141012,0.5937018990516663,0.19782861673607016,0.3336630829100339,1.1645371938826259,0.7871847152709961,0.0003
127,1.4588236403915118,1.1642810668585435,1.1779213086614069,0.6225069682553129,0.598214087058913,0.19854603117367006,0.33221570725710886,1.1614450620025545,0.7938374876976013,0.0003
128,1.4594260476670176,1.165824998099849,1.1741587913261269,0.6135161541542917,0.6013358359066945,0.19893200386245297,0.3310468247476614,1.1605626678458614,0.8019092679023743,0.0003
129,1.4694896351616338,1.1753635147832475,1.1762644389890275,0.6000874020018667,0.5976541317858786,0.20772895076364842,0.348193495903375,1.1625501219598722,0.8102884888648987,0.0003
130,1.4477563601619792,1.153387944653349,1.1772421778373,0.5786524415016174,0.5977866154796673,0.2147111974234851,0.3597126310726382,1.1620720489935057,0.8164138197898865,0.0003
131,1.4581186568961952,1.1631826567199994,1.1795098601647143,0.585272658546016,0.5994493151610752,0.21663689894496269,0.3622120680674067,1.1613248243194825,0.8217926621437073,0.0003
132,1.4454539834328417,1.1503047706945888,1.1803592488450825,0.5939322215206219,0.6045680855805019,0.21958551513698865,0.3640738607577558,1.1612466413003277,0.826597273349762,0.0003
133,1.4467907896581687,1.1521583638101254,1.1782965682587534,0.5828870006327359,0.6136555221845519,0.20755003533273372,0.3388942873702859,1.1606042489452837,0.8314897418022156,0.0003
134,1.4475845773265046,1.1520202126143113,1.1820292540316313,0.5704401883314241,0.6221818957688674,0.21361818094298524,0.34421348571777344,1.1616015547270333,0.8378642201423645,0.0003
135,1.4513872479492764,1.1568870128325697,1.1777851244188704,0.5394431796838652,0.6186733290834247,0.21349057274044686,0.34566658847736864,1.1638826309646808,0.8448213934898376,0.0003
136,1.4552376135340277,1.1607868738894194,1.1775825563466773,0.5510622712801088,0.608588567319906,0.2146289016840593,0.35311818404017753,1.1639698978140558,0.8510949015617371,0.0003
137,1.4483689564578939,1.1529305566031978,1.1815243599549778,0.5732547989431417,0.6220191649670871,0.22448529668574063,0.3611108345805474,1.1663862490250667,0.856611430644989,0.0003
138,1.4579169750213623,1.1641409239679013,1.174868349759084,0.5896959563471237,0.6267962871857409,0.23124630271263844,0.3692385869206123,1.1667841081515493,0.8638918399810791,0.0003
139,1.4391076474819544,1.14512271138857,1.1757097199278057,0.5750197711980568,0.6087643987727616,0.22892722993526818,0.37675222754478455,1.1630154281206482,0.869178295135498,0.0003
140,1.456561192026678,1.1605490446090698,1.18382299396227,0.5640093987842776,0.6039831390920675,0.2215614327282276,0.36758669536068755,1.1620553273580156,0.8737778663635254,0.0003
141,1.4569584828502726,1.1637052207622889,1.1727881476564228,0.5621381514477279,0.6155687829233566,0.2291875515344008,0.3725275009308221,1.1642600252053565,0.8810387253761292,0.0003
142,1.4472645251256115,1.1535882140105624,1.1744878876884028,0.5434753906052068,0.6133588305059469,0.23084894103823966,0.3771404893893116,1.1702233286828794,0.8854849934577942,0.0003
143,1.4567817966893035,1.1633933962516065,1.173341008852113,0.5314565317810707,0.6017979923284279,0.23125355845352388,0.3850289723783169,1.1622349742438052,0.8894854784011841,0.0003
144,1.4460447081979715,1.1533070555273093,1.170734684422331,0.5398836788141502,0.6116240749943931,0.23552706865769513,0.3854622374165733,1.1621186457534936,0.8957054018974304,0.0003
145,1.4498333188722718,1.1550775136587754,1.1788075397599418,0.5392631894012667,0.6082848996486304,0.23035361406938085,0.37942584618082587,1.1629139831037438,0.8999167680740356,0.0003
146,1.444976880865277,1.1501697684234042,1.1790171636725373,0.5281509734549612,0.6188379424922871,0.23237100693414797,0.3757088763533898,1.1624939538048022,0.905985414981842,0.0003
147,1.4617141665152784,1.1696465082888334,1.1680553791657933,0.5380572243681494,0.6036713640644865,0.23830370380068724,0.3951905324773968,1.1614809264049981,0.9090325832366943,0.0003
148,1.4649821812251829,1.1720940414464698,1.1713277438901506,0.5620053511745525,0.6058744518262036,0.2363608313618966,0.39027331291504624,1.1637536715325352,0.9153686761856079,0.0003
149,1.4402813034237556,1.146887165195537,1.1733570818631154,0.5486122324781598,0.6179896683063147,0.23550777559010488,0.38151069126039183,1.1604791100470022,0.9201043844223022,0.0003
150,1.452585056142987,1.158787652006689,1.1749804627220586,0.5228076965179084,0.6221227938274168,0.24571100917627225,0.39610223219079793,1.1613700223622039,0.9271220564842224,0.0003
151,1.4653476431684673,1.172231914862147,1.1722489662890165,0.5348383126393804,0.6078989067167606,0.24433224690410327,0.4027691832128561,1.1597138102318068,0.930409848690033,0.0003
152,1.4229158387993865,1.1277773672679685,1.1803483333227769,0.5139492024790566,0.624756506029165,0.24346234466669694,0.38977297803141037,1.1610066969921762,0.9375836253166199,0.0003
153,1.4604474778445262,1.1672433513515401,1.1725980088395893,0.5464941909853017,0.6152107839314442,0.24215828079097676,0.39410835616993456,1.1605958333387871,0.9413217306137085,0.0003
154,1.4723025312963522,1.1799545018178113,1.1691665154583049,0.563905804787042,0.6036309869784229,0.24346115735341917,0.4036849557228808,1.1597746093769918,0.9436877965927124,0.0003
155,1.4453624239507712,1.1521984698637477,1.1724175777075425,0.5956067948971154,0.632354440554133,0.2440466414082725,0.3865237607146209,1.1631900630880125,0.9482661485671997,0.0003
156,1.456385781180184,1.1629150138711029,1.1736525926949843,0.5762230461498477,0.6173578185855217,0.24317076155599557,0.3943079305144976,1.1586894324680055,0.9536132216453552,0.0003
157,1.4511573314666748,1.157320645620238,1.1751120967685051,0.5866392322306363,0.6124035120010376,0.24353730566096757,0.3986969764502543,1.159076471897991,0.9582754373550415,0.0003
158,1.4535542141716435,1.1609375139452376,1.170239785932145,0.5675051628418688,0.612632228518432,0.2380564314014507,0.38989984708012276,1.1590818825606384,0.9624044299125671,0.0003
159,1.464045693289559,1.1712772441360186,1.1708535270870857,0.5506385868450381,0.6204903294455331,0.2405123511012995,0.38773016209872263,1.1583698743690984,0.9627173542976379,0.0003
160,1.4644016499789256,1.1714234700742758,1.1716862871961773,0.5661804226209532,0.6021179444385025,0.24279010942522086,0.404326966910992,1.1607084128597382,0.9676642417907715,0.0003
161,1.44257874308892,1.149604765874035,1.1716659721338525,0.5749537573670441,0.6141157813791959,0.2489964818617083,0.4052923917770386,1.1589121398158928,0.9716396927833557,0.0003
162,1.4505298002710882,1.1569894169861417,1.1739289423204817,0.5814254542566696,0.6141672505522674,0.25223443671217505,0.4114615388636319,1.1596428722083616,0.9763724207878113,0.0003
163,1.444975661781599,1.153869626657018,1.1641826427207802,0.6038195704514125,0.6144722711365178,0.2400500200829416,0.39137772231731777,1.1588636900477907,0.9786530137062073,0.0003
164,1.4468368404316452,1.1528820946531475,1.1755696197725691,0.6235178933953339,0.6217092747958202,0.2361607186074527,0.3812314974811842,1.1581466000068072,0.9837172031402588,0.0003
165,1.4556592050588355,1.1622369817967684,1.1734452989866149,0.6089546612973483,0.6269304100072609,0.2456904486665186,0.3920368141723129,1.159409571480697,0.990722119808197,0.0003
166,1.436103510406782,1.1431087435416456,1.171739306090013,0.5994515250313956,0.6200553043833319,0.25693232664522136,0.4146337003078101,1.1602650307235718,0.9954078197479248,0.0003
167,1.421705313448636,1.1286396732870139,1.172014351161021,0.6205181142069259,0.641133393881456,0.25641789413848015,0.40022424425718917,1.1582893130670031,0.9999860525131226,0.0003
168,1.4401072263717651,1.146386760585713,1.174636112069184,0.6143444304196339,0.6327284304600842,0.24675895639185635,0.39038141493527395,1.1582979989063809,1.004576325416565,0.0003
169,1.4242018123842635,1.1317766994800207,1.1694637559494883,0.5917639226283667,0.6387513369884131,0.2515792090375468,0.3940895880168339,1.1582138669990079,1.0109601020812988,0.0003
170,1.4539220198145453,1.1626488352721591,1.1648526259188383,0.6003278021542531,0.6296726780117683,0.2475864271510322,0.39363833137278287,1.157827999053758,1.0157243013381958,0.0003
171,1.4468288241692309,1.1535250915671296,1.1729843683962553,0.5762803723227303,0.6203591261269912,0.2552127407969169,0.4120528197513436,1.1581849344434476,1.0216089487075806,0.0003
172,1.466963583568357,1.1743747378295322,1.1701285501696028,0.5672151789350329,0.6193447877775948,0.25126430532842314,0.40588198236699374,1.1586642833776246,1.026282787322998,0.0003
173,1.4601566251718774,1.1698494429858226,1.1609965427866522,0.5805011616562897,0.6273718892403368,0.2555222142979784,0.4077400227762618,1.1574428941049095,1.028023600578308,0.0003
174,1.437404603328345,1.1458843237948868,1.165843756693714,0.5934377852475868,0.6185069635229291,0.24845960961197908,0.40215718296338926,1.1567516038141241,1.0337092876434326,0.0003
175,1.4329082268588949,1.141452838789742,1.1655880797584102,0.5837185798950915,0.6230429961996259,0.25133570241478254,0.4044870807314819,1.1590020864771413,1.0395162105560303,0.0003
176,1.4282346469051432,1.1367022901211146,1.165894571340309,0.5872795874217771,0.6320789973690825,0.26633105553546044,0.4224886579333611,1.1580146365664152,1.047031283378601,0.0003
177,1.4459095945898093,1.1530310117973472,1.17127119257765,0.6078772409906927,0.6355098508438974,0.2524548940501123,0.3977348062227357,1.1589490922843881,1.049646258354187,0.0003
178,1.449438655151511,1.1566373537171561,1.1709701250184257,0.5876821481956626,0.6455704299908764,0.2556033027621935,0.3960850458100157,1.1585892415738641,1.0523139238357544,0.0003
179,1.4500611750584729,1.1567464583324936,1.1730257497643524,0.5826728816302318,0.6432348118638093,0.2516665312479127,0.3913641184006097,1.1647350780673609,1.0541213750839233,0.0003
180,1.4290676454328142,1.1375429292894759,1.1658653943043835,0.5838128024677061,0.6360826537294207,0.2614865991866814,0.41156946094530933,1.158198970977734,1.0584737062454224,0.0003
181,1.4442117709033895,1.1533035523486588,1.1633887425908502,0.6102920455752678,0.6376980385690365,0.26449317330459376,0.4151369575059639,1.1575598999009489,1.0631663799285889,0.0003
182,1.441285767645206,1.1490966801373463,1.1685070564162057,0.6231637540853249,0.638184221848002,0.26491730393103835,0.4161013589715058,1.1583816925028407,1.0680787563323975,0.0003
183,1.4423826055706672,1.1501313785337053,1.1687628278192483,0.6052185735612545,0.6397924884310309,0.25561458069198534,0.3998816114551616,1.1554766102214287,1.0728776454925537,0.0003
184,1.4470938016783517,1.1552966698160712,1.1669401065358576,0.6209651411704298,0.6357853221443465,0.25600140218464834,0.40346071798846406,1.1617070524521842,1.0799601078033447,0.0003
185,1.434927906630174,1.1412767992829376,1.1743588694986307,0.6139333113184515,0.6309797049693342,0.25309187342535777,0.40181429824739134,1.1545798669342673,1.084717869758606,0.0003
186,1.4503567106318924,1.1586094329941947,1.1667559821650666,0.5827530330082156,0.63878610786402,0.25450078383931574,0.398607814649366,1.1572510006957513,1.092322587966919,0.0003
187,1.4586854318402849,1.1663086200660129,1.1692749554256223,0.5807570995024915,0.6374783246022351,0.2722558933046629,0.42755395005334096,1.1606552346873695,1.0973575115203857,0.0003
188,1.418679192381085,1.1269263152806264,1.1667744753495701,0.592552549434158,0.6461938282228866,0.27534017866512517,0.42652174155667144,1.1618538974919712,1.101828694343567,0.0003
189,1.4323172749213453,1.1397685442330703,1.1699502962940145,0.6114889237115968,0.6611353687520297,0.2747488280512252,0.41640367597903843,1.1618078589819325,1.105905532836914,0.0003
190,1.4460221798914783,1.1545029271323726,1.1658302365608935,0.617084340104517,0.6509939297190253,0.2648759149717835,0.40791294990845445,1.161170820629477,1.1125379800796509,0.0003
191,1.4390880994076998,1.1481144585699405,1.1636554160208072,0.5979766766980009,0.6433824379489107,0.26562602480627456,0.413366880619301,1.1536014482735948,1.1177217960357666,0.0003
192,1.4470688149614155,1.1562587292689197,1.1630028441267193,0.5937836068981098,0.6349910790065549,0.26928639664964854,0.42478215469504305,1.1557654528669226,1.1242458820343018,0.0003
193,1.4410674392052416,1.1496521684358705,1.1654240612713795,0.5926609342952944,0.6367511198205767,0.26952061872437316,0.4238209791903226,1.1532233828440321,1.1309301853179932,0.0003
194,1.4394403561106268,1.1482710894548669,1.1644402899832096,0.5919826075715838,0.6255558875371825,0.27429609309952213,0.43864612140745485,1.1538939789822835,1.139325737953186,0.0003
195,1.4336159589155666,1.1429971029173653,1.1622409235756352,0.5862788535513968,0.6372790370347365,0.27483864409743614,0.4317583076234134,1.1553678249920707,1.1407835483551025,0.0003
196,1.434012527735728,1.14204707010737,1.1676169656357676,0.6122558757943927,0.645443043618832,0.2679290996407563,0.41613106795077054,1.1553436141239797,1.1429409980773926,0.0003
197,1.455042746831786,1.1654536870290648,1.1581133626542002,0.6071479185572211,0.6440893197959324,0.2640522136440817,0.4109958601447771,1.1549814454507783,1.1503671407699585,0.0003
198,1.42703507531364,1.134416586947891,1.1702268236088302,0.6177790333639901,0.6389866786183052,0.2704022074083112,0.4238719181069788,1.1528973039836528,1.1574536561965942,0.0003
199,1.433091568496992,1.1422541805033415,1.1630994351405017,0.6252861843918854,0.6451710934908885,0.26393975036324197,0.40916385853065634,1.1514256953278874,1.1625423431396484,0.0003
200,1.4415905340662543,1.149438184387279,1.1683510474438936,0.645888164358319,0.6378512315030368,0.271714855758649,0.42578501633878024,1.1570270788555017,1.170361876487732,0.0003
201,1.4367195345320791,1.1449172710472684,1.166966735192065,0.6058038922975648,0.6386908663893646,0.27314590451852333,0.4287340337375425,1.158442607129564,1.1747982501983643,0.0003
202,1.4338640581886724,1.141971524031657,1.1673317630335969,0.5958300367841181,0.6440817162675677,0.2794689746960154,0.43448920013769615,1.1533335448883377,1.178954005241394,0.0003
203,1.447331093392282,1.1591285714563333,1.1525761653792184,0.5847641735706689,0.6572031749869293,0.278464249001359,0.4243009332216011,1.158177903887,1.1808092594146729,0.0003
204,1.4560629961625584,1.1668129574577764,1.156772327872942,0.5695348404488474,0.648933265569075,0.2744879792883711,0.4233096376904901,1.163707254805989,1.184744119644165,0.0003
205,1.4113136237522341,1.1207737157929618,1.1619321422756843,0.5686826199855445,0.6494696005335394,0.2748883436873274,0.4241461214029564,1.1545494237309315,1.1929991245269775,0.0003
206,1.4330413971307143,1.1426540343266613,1.1613128365210768,0.591506507036821,0.647659071211545,0.2708806426457639,0.41894077917314926,1.1571041415419512,1.1987051963806152,0.0003
207,1.4476251354757346,1.1584359463655725,1.1565097008111342,0.6176985029904347,0.6364092590673914,0.26762784314605426,0.42143488942452195,1.1533715972987082,1.2038403749465942,0.0003
208,1.445000430323043,1.154434621334076,1.1620283171815693,0.5872948282169845,0.6273193752990579,0.2649931007961057,0.42389484846367026,1.1530708861760803,1.205711841583252,0.0003
209,1.4384793515475292,1.1483212282072823,1.1603863576673112,0.6154659064310901,0.6479285854213642,0.2583212720335655,0.39906422428365024,1.1560723708629268,1.2118372917175293,0.0003
210,1.4503094250301145,1.1606584989799644,1.1583483421577598,0.6383323309556493,0.6530174444306571,0.271149827343113,0.41639070016033247,1.152349983193052,1.2202030420303345,0.0003
211,1.4384472999932632,1.1483565501446993,1.1601025428412095,0.651089754869353,0.6333236694335938,0.2673666513753387,0.42184814135983306,1.1540238919045038,1.2283462285995483,0.0003
212,1.4382309733696703,1.1471198774733633,1.164207395517601,0.5924934092557655,0.6374088323341226,0.27428166034086693,0.4309259073914222,1.1522761736362612,1.231688380241394,0.0003
213,1.4269511047399268,1.1372951347872895,1.1583830849179682,0.6019740610752465,0.6434494493142614,0.2801485638011177,0.4359081044511975,1.1546866365184154,1.238483190536499,0.0003
214,1.452521652545569,1.162117546459414,1.161376420057045,0.599901554719457,0.6521716207828162,0.287269190797266,0.441430816110575,1.155235274046314,1.2461422681808472,0.0003
215,1.4403615155310001,1.1496694706520945,1.1625217446741067,0.6161333322525024,0.6502206044377021,0.28936486620948,0.44656952372137104,1.148741324041433,1.250744104385376,0.0003
216,1.4211805586544972,1.1331626705403597,1.1518128210643552,0.6468235951549602,0.6425861311408708,0.28350154043368575,0.441947673851589,1.1480147281817634,1.2591134309768677,0.0003
217,1.42334062198423,1.132167694703588,1.1644421276056542,0.623943676363747,0.6673984313910862,0.2821562636011052,0.4235847851015487,1.1468301601194975,1.263078212738037,0.0003
218,1.4203809364786688,1.1289209543534044,1.1655969417320107,0.6075698013575572,0.6737012188389616,0.2729163571911038,0.4060084128154899,1.1477884390120596,1.266964077949524,0.0003
219,1.4259779543246862,1.1363265356927548,1.1583573098452586,0.6208373341920241,0.6642824433884531,0.2754900073105434,0.41553600385503947,1.1494014691290126,1.274499773979187,0.0003
220,1.4299955862873006,1.1404924235253964,1.1577638320203096,0.6220311871114766,0.6607783999083177,0.2864925439627665,0.43330725015334365,1.1498121043409222,1.2827790975570679,0.0003
221,1.4185871088279869,1.1301245352007308,1.1536018780942232,0.6210565612001239,0.6683961681599887,0.2810934680812764,0.42141359875786977,1.1474893057685502,1.2883833646774292,0.0003
222,1.4513063565740045,1.1624303044013258,1.1552413004749227,0.6573405468238974,0.6548801165706707,0.27689285604458935,0.4234188547674215,1.1527326103733913,1.2946416139602661,0.0003
223,1.43363962533339,1.1455689713640034,1.1520311225135371,0.6285379922614908,0.6652713856607113,0.2822343226311342,0.4240865257551085,1.1593811884035636,1.3052725791931152,0.0003
224,1.4408773678653646,1.1507498228325035,1.1602624902185403,0.6192639402623447,0.6536167196507724,0.29651165149121916,0.4542317547888126,1.150084817049552,1.3103528022766113,0.0003
225,1.4227038599410147,1.1341420648232945,1.154005473514773,0.6042110762506161,0.6595968345426163,0.29217093929929555,0.44377384714360507,1.1511666068686817,1.318948745727539,0.0003
226,1.4134427309036255,1.12284099380925,1.162162668300125,0.6107495370900856,0.656503882048265,0.29118144427830317,0.4440845037406346,1.1491036053678418,1.3259811401367188,0.0003
227,1.4207486521522954,1.1320301834142432,1.1546351797175858,0.5968157154209209,0.6504112673255632,0.2948219531549598,0.454552209039904,1.1496192274963644,1.3359431028366089,0.0003
228,1.4331738903837383,1.144095778465271,1.156068745649086,0.6092244926488625,0.6500343837828007,0.2901728313486531,0.4467136876763038,1.1479487630679301,1.344857931137085,0.0003
229,1.413373683983425,1.1239581524201159,1.1574110040124856,0.6279006926518567,0.6458373901978979,0.29974224657382603,0.46491362519983975,1.1471533070228157,1.3523768186569214,0.0003
230,1.4201180552536588,1.1309355351160157,1.1564832768350277,0.617070014746684,0.6651167217290627,0.30319269479445693,0.45616601773028104,1.147955745773081,1.3591445684432983,0.0003
231,1.4376619626890939,1.1493262884751805,1.1530907244052526,0.6299462172220338,0.6586120893370431,0.3019444762535815,0.4582559674415948,1.1484423893890585,1.3660281896591187,0.0003
232,1.4311529128056653,1.1410653096324992,1.1600975495464396,0.6321859494695123,0.6638087259148652,0.30420819880827416,0.45891069128828227,1.1460707212029342,1.3706448078155518,0.0003
233,1.4327578072278004,1.1446224979634554,1.1522863687209364,0.6372121988602404,0.643479087442722,0.29820926656138225,0.4639589027413782,1.1446752494539707,1.3784373998641968,0.0003
234,1.42446808994941,1.1354049354229334,1.1559947099325791,0.6446894654687846,0.6455106341613913,0.29193356548840144,0.45328486246882743,1.1477000277420841,1.3860185146331787,0.0003
235,1.4176581355760682,1.1277479158257537,1.1593881485597142,0.6319009391766675,0.6498197395846529,0.30300654386574366,0.4668774812851312,1.144721277513367,1.397093653678894,0.0003
236,1.4175921611066133,1.1269882591265552,1.1621520811656736,0.6588765798874621,0.6553488283787133,0.3111526218225371,0.47561814874972935,1.1439517263655825,1.4067412614822388,0.0003
237,1.4234978972740893,1.1336899208572675,1.1589611408845433,0.6769838276899086,0.6462206008299342,0.3001872095859276,0.46524460866766154,1.143319057263261,1.412155270576477,0.0003
238,1.4073059783791595,1.1209118669887759,1.1453236948769048,0.6318616091080431,0.6600007853418026,0.30807370481626045,0.4672335605576353,1.1447051228662883,1.4231117963790894,0.0003
239,1.4170510364028643,1.1292100852390505,1.1511086697848338,0.6378843019593436,0.6633824278723519,0.30421516636632523,0.4587437892859837,1.1447369636478604,1.4315083026885986,0.0003
240,1.3999627018874545,1.1122296272583727,1.1506754249896642,0.6420899011054129,0.6658150306287801,0.31517422592864847,0.47496233964866064,1.1429412881863588,1.4406249523162842,0.0003
241,1.4273307593363636,1.1392163949192695,1.152204007472632,0.6336509540395917,0.6689471175085824,0.2969811255077146,0.4447282170349697,1.1482982399757078,1.4481639862060547,0.0003
242,1.4558597848100483,1.1681192539772898,1.1507186574755974,0.608739268104985,0.6563069021926736,0.29987469934067634,0.4584248965641238,1.1478784217723745,1.457230806350708,0.0003
243,1.4231223092888885,1.1348173472116578,1.1529695605331998,0.6257511073688291,0.6611256025872141,0.30595643199839684,0.46293929444169096,1.1465752364522541,1.4655568599700928,0.0003
244,1.4224534417098422,1.1342509062785022,1.1525564351171818,0.634312168607172,0.6732917439262822,0.3042545166780364,0.4518809920212008,1.14565475530988,1.4713859558105469,0.0003
245,1.4283132260700442,1.1399278145916056,1.1532746238528557,0.6676514980927953,0.6690403110576126,0.2941875561790646,0.4411757020455486,1.1510452263368982,1.476850152015686,0.0003
246,1.4348373862932313,1.1465309835829824,1.152957151520927,0.6710586390405331,0.6722272454567675,0.30366804296115657,0.45251328315374983,1.1581023959440273,1.4833656549453735,0.0003
247,1.4351710261039015,1.1476610336663589,1.1497754600812804,0.6612436602700431,0.676936037135574,0.3006033956442239,0.4454943987558473,1.144869360276174,1.4861961603164673,0.0003
248,1.4235312578813084,1.1350744928953782,1.1535658993810978,0.6528310112233432,0.6732680662622992,0.2981934524931998,0.4432720890584982,1.1480297861878155,1.4907338619232178,0.0003
249,1.4027236969965808,1.1131429031210125,1.1580722601908557,0.6273112983073829,0.6770590667454701,0.31190848687909684,0.4614655814080868,1.1448434756322918,1.500859022140503,0.0003
250,1.4139663565833613,1.126047522391913,1.151415966591745,0.6485063130000852,0.6627709157062027,0.30528290288628274,0.4613084174552054,1.1475107702630631,1.5150312185287476,0.0003
251,1.419424518099371,1.1301309904962216,1.1569160762822852,0.6450169390102602,0.687355970436672,0.31312511327131737,0.45658638173679134,1.1483884788840442,1.5225138664245605,0.0003
252,1.4222225625559968,1.1343455213420797,1.151247814016522,0.6508592895741733,0.6789774928452834,0.3054774524468296,0.4501372890652351,1.1435878715392684,1.5331635475158691,0.0003
253,1.4306401396697421,1.1435361302123879,1.1481604441156927,0.6390103990176939,0.6692647416636629,0.3006798759946283,0.4494499496693881,1.1439396193839304,1.5445332527160645,0.0003
254,1.417872982205085,1.129664422206159,1.1525830142902878,0.62803271806465,0.6781649195922995,0.3120794161310736,0.46158318362146056,1.1498414413763427,1.552141785621643,0.0003
255,1.4136553215530683,1.124146378265237,1.1577962119624299,0.5989052788266596,0.6728797802385295,0.31402111840697955,0.4675447389764606,1.1444074066151382,1.5625598430633545,0.0003
256,1.4205095970405723,1.1340125585502048,1.145742063252431,0.61524073357852,0.6707612613462052,0.3257440834675195,0.4860584134200834,1.1425568778381854,1.5655230283737183,0.0003
257,1.4191592436916423,1.1308888466853015,1.1528301531413816,0.6285493126455343,0.6706580193537586,0.3090290342861751,0.46147957894037356,1.141140439238965,1.5741729736328125,0.0003
258,1.41813495923888,1.1307153206951213,1.1494247530991177,0.6346283262630679,0.6733905886704067,0.31299152942198627,0.4656040809064541,1.1428656693302592,1.5829837322235107,0.0003
259,1.4203717618618372,1.1331609060179513,1.1485882547666442,0.6379111004325578,0.6695334112869119,0.30975993511811745,0.4638457107094099,1.1430147172579879,1.5920277833938599,0.0003
260,1.4159259481250115,1.1293880725806613,1.1458909286642975,0.6514074509998538,0.6664379295313133,0.31101375452752383,0.4674723986184822,1.1420952008821932,1.6000970602035522,0.0003
261,1.400469624771262,1.1127751165965818,1.1505152234491312,0.6570148557986853,0.6686167435825996,0.320806252506544,0.4796420802485268,1.1422048095824031,1.6071583032608032,0.0003
262,1.4123889095378372,1.1251578409716767,1.1486687277847867,0.6388124373723876,0.675823302763813,0.314451183912889,0.46605366074813986,1.1444218423522525,1.6152622699737549,0.0003
263,1.4159856134990476,1.1279050516632367,1.1520587498286985,0.6587536841068627,0.6644171465117976,0.32439428005578386,0.4888544032033884,1.1444133824028058,1.6192885637283325,0.0003
264,1.4206677810201105,1.1343125532258231,1.145153579846868,0.6682875943633745,0.6542098263524613,0.31182973761603516,0.4784766430000089,1.1419696118528946,1.6275995969772339,0.0003
265,1.4020770360838692,1.1145639948125154,1.149789497537433,0.6566368847523095,0.6742994324216303,0.3132533133029938,0.46540498958443693,1.1429696080609415,1.6341801881790161,0.0003
266,1.4248872253130067,1.135752038011011,1.156281682680238,0.6475331884510113,0.6801084954783602,0.32595221557707155,0.4790374940296389,1.1421640983132302,1.64242422580719,0.0003
267,1.412510613225541,1.1247946687464445,1.1505977882529206,0.6649752675362353,0.6719850031834729,0.32393778382607225,0.48286359546319496,1.140916974025235,1.650262713432312,0.0003
268,1.4261141475641503,1.1377998028161391,1.1529920033688814,0.6632763023646373,0.6791843479534365,0.32691110867374346,0.48310370152851323,1.1488912623153178,1.6582926511764526,0.0003
269,1.4114210155774962,1.1232700651546694,1.1523430437411901,0.6518074240324632,0.6745129193899766,0.3254119500798999,0.4828039677637928,1.143172354331448,1.6708158254623413,0.0003
270,1.4129524928218913,1.125607870659738,1.1491171616428304,0.6532862073970291,0.6635744661655066,0.33115276047643627,0.4988880978440339,1.143074905965459,1.6780813932418823,0.0003
271,1.4151939918410104,1.1289306901535898,1.144790770872584,0.6560647555117337,0.6875693100803303,0.3211590315935747,0.4683382848523698,1.1433135235516316,1.6828699111938477,0.0003
272,1.4022643093792897,1.1151874335306995,1.1480384502770766,0.6727777944420869,0.6914258036973342,0.3209944648562737,0.4648608351653477,1.1416103536183153,1.6940386295318604,0.0003
273,1.4208150044927057,1.134465440264288,1.1451218937927823,0.6908163821922159,0.6825290637196235,0.34645908002583486,0.5090367782790706,1.1412960695633472,1.7077888250350952,0.0003
274,1.4213667883063263,1.1339648894543917,1.149343119477326,0.6611008081796035,0.6757505153709987,0.3357942048108803,0.4985703735981347,1.140044022362271,1.7109289169311523,0.0003
275,1.401329591589154,1.1136245997446887,1.1505457185349375,0.6856513720638348,0.6938456915459543,0.3312638458215965,0.4780605244186689,1.138967523176185,1.720178484916687,0.0003
276,1.4202223858743344,1.1315834207354851,1.1542918007328826,0.6600980657451557,0.6900868438324839,0.3429768220433649,0.49728612686103246,1.1393034886975628,1.725142478942871,0.0003
277,1.4124075331777897,1.1257602313779436,1.1463206016792442,0.6714581014975062,0.6924512172644993,0.3359397526057261,0.485539843451302,1.1423936917024877,1.7347608804702759,0.0003
278,1.3990827731366426,1.1120602792164065,1.1478222799750994,0.6691965798162064,0.6824729037734697,0.33902073918648484,0.4965442104159661,1.1400305534453987,1.743369698524475,0.0003
279,1.3966408540617745,1.1079495864094429,1.154500500211176,0.6614470740534225,0.6962369657912344,0.3359392867335733,0.48253676351511254,1.1416162305120676,1.7544703483581543,0.0003
280,1.4036532662949472,1.116390177663767,1.14879003560768,0.6557523720669296,0.6882826123597487,0.338332270395081,0.4915389626655938,1.1455685172680095,1.7677700519561768,0.0003
