prompt_hash,n_rows,n_users,n_ordered_candidate_sets,choice_entropy_bits,dominant_choice_share,choice_a,choice_b,choice_c,choice_d,waves,languages,pregenerated_rows,user_initiated_rows,prompt_preview
4c9457067d9c30e1a481089eef648fc93674ddb8,253,221,40,1.3715984560105983,0.6679841897233202,20,14,50,169,1|2,en,253,0,"I need help writing a letter to a client apologizing for a mistake in their order, including a solution and a gesture of goodwill."
15e3042ed2cd72893f2d82d99aeb3150fe57322d,169,161,20,1.905047961142668,0.38461538461538464,65,29,48,27,1|2,en,169,0,"I need help writing a recommendation letter for a colleague who is applying for a new job, highlighting their skills and achievements."
6e659894aa12119ef36da1fe28df49cb706d3005,151,145,28,1.5943818960730947,0.5695364238410596,27,8,30,86,1|2,en,151,0,"I need help writing a welcome email to new subscribers, including a message of appreciation and a personal sentiment."
ea0dab3bcc28616eb1d59767809ab1af7b1059f0,144,138,36,1.8814645563722954,0.375,38,37,54,15,1|2,en,144,0,"I need help writing a get-well card to a colleague who is recovering from an illness, including a message of support and a thoughtful sentiment."
4bc58ac3fa3d1027ebd7e75d66ef2a398ce62f78,142,137,26,1.5415437406244465,0.6267605633802817,19,15,19,89,1|2,en,142,0,"I'm the marketing director for a large, financial services company. Can you help me draft a whitepaper on the benefits of sustainable investing, including statistics and case studi"
969d3c2ba129ca1be397408e1f73ed41e9af337e,139,134,26,1.4399809439892377,0.6546762589928058,22,18,8,91,1|2,en,139,0,"I'm the marketing director for a large, consumer goods company. Can you help me draft a marketing plan for a new product launch, including target audience and promotional channels."
d3bc8185bdb8da7667a1280963490292730926c7,110,107,22,1.441804216763157,0.6272727272727273,26,7,8,69,1|2,en,110,0,"I'm a UX designer for a tech startup and I need help drafting a design concept statement for a new product, including user flows and wireframes."
dd8e935ef84000c2698cbf877f94cf2a9fda772a,107,105,21,1.3526173081677157,0.6822429906542056,19,9,6,73,1|2,en,107,0,"I'm a software developer for a company that specializes in e-commerce solutions. Can you help me write a technical specification document for a new product feature, including devel"
370cbdf8b27efcb14d6abf46699f30767fdbacc0,111,103,18,1.6048489745545087,0.5765765765765766,16,8,23,64,1|2,en,111,0,"I'm the marketing manager for a large, consumer goods company. Can you help me write a product description for a new line of sustainable household cleaning products, including feat"
2bf57bfa4af61525ad1beece6f0035f914c4e6cb,107,103,20,1.4791791697313144,0.6261682242990654,22,6,12,67,1|2,en,107,0,"I'm a project manager for a construction company and I need help drafting a project plan for a new commercial development, including milestones and deadlines."
89acaaddaff2c43f0481a3e971634e3bd35b9692,105,101,19,1.0183012140390149,0.780952380952381,16,4,3,82,1|2,en,104,1,"I'm a teacher and I need help drafting a lesson plan on sustainability and environmental science for a middle school class, including activities and assessments."
e85c2cfdee7a0efc75a5be8e95e214c1ac06b6ec,102,98,17,1.1880470590366035,0.7450980392156863,14,7,5,76,1|2,en,102,0,"I'm the marketing manager for a large, hospitality company. Can you help me draft a case study on the benefits of sustainable tourism for a major client, including data and testimo"
1234ee5c66d58a3b31038d9532f8b9bb93414ab5,95,87,36,1.982486212486207,0.29473684210526313,18,25,24,28,1|2,pt,95,0,"Preciso de ajuda para escrever um cartão desejando melhoras a um colega que está se recuperando de uma doença, incluindo uma mensagem de apoio e um sentimento de carinho."
4708945ab7845887a68bc4ef2b51faeb9bd7d79c,79,79,22,1.7430886780738568,0.5189873417721519,16,13,9,41,1|2,en,79,0,"I need help writing a thank-you note to a colleague who helped me with a difficult project, including a message of appreciation and a personal sentiment."
880fb54688b8450e95c04468c0530b9c1e699120,78,77,12,1.6968716789278822,0.5512820512820513,11,14,10,43,1|2,en,78,0,"I'm a real estate agent specializing in luxury properties. Can you help me craft a listing description for a multi-million-dollar penthouse apartment, including its unique features"
d829e34ba0c8e849e71ade6f0215d12d48aec49a,76,75,13,1.9183365671627026,0.3157894736842105,23,9,20,24,1|2,en,76,0,"I'm a UX designer for a tech startup and I need help drafting a design specification document for a new product feature, including user flows and wireframes."
8acf42ad3e7d61ca9442f517594e9e5deccae543,75,75,15,1.4324228973089645,0.64,16,4,7,48,1|2,en,75,0,"I'm a psychologist and I need help drafting a treatment plan for a new client who is struggling with depression, including goals, objectives and interventions."
a78d4f2947132f7d19256c32cd42f8425876c07f,81,74,33,1.9160824743629365,0.38271604938271603,21,17,12,31,1|2,pt,81,0,"Preciso de ajuda para escrever uma nota de agradecimento para um colega que me ajudou com um projeto difícil, incluindo uma mensagem de gratidão e um sentimento pessoal."
f39a3dd371d645de58da2afa71483818f56aa8d5,77,74,21,1.8520051905463473,0.38961038961038963,25,13,9,30,1|2,en,77,0,"I'm the owner of a small, tech consulting firm and I need help drafting a proposal for a new client, including services, timeline and pricing."
6c084f630d47517e384457c02efafd141dc7f40f,73,73,13,0.9879469401343148,0.7945205479452054,3,10,2,58,1|2,en,73,0,"I'm a teacher and I need help drafting a letter to parents about a new school initiative to improve student wellness, including programs and resources."
67548c2d59da3f02c30c6b2aa82ddcf03a9405ce,77,72,19,1.8248743027154668,0.38961038961038963,27,10,10,30,1|2,en,77,0,"I'm the owner of a small, online business selling sustainable fashion products. Can you help me write a blog post about the environmental impact of the fashion industry, including "
fd68b74b135e5ce96661340a2f5af948bde42cc3,71,71,14,1.3228027353905,0.5857142857142857,24,2,3,41,1|2,en,71,0,"I'm the executive director of a non-profit organization focused on arts education. Can you help me write a fundraising letter to our donors, highlighting our latest programs and im"
896664198fd934bc1a2130d541238d80247b722f,73,70,27,1.7195346590584264,0.5068493150684932,19,7,10,37,1|2,pt,73,0,"Preciso de ajuda para escrever uma carta de recomendação para uma colega que está procurando um novo emprego, destacando suas habilidades e conquistas."
a438b025f6221a0ee245f303e1216ac5711a1d11,82,68,14,1.8829570700065033,0.3780487804878049,12,13,26,31,1|2,hi,82,0,"मुझे नए कस्टमर के लिए एक वेलकम ईमेल लिखने में मदद चाहिए, जिसमें प्रशंसा का मैसेज और व्यक्तिगत भावना शामिल हो."
9592ae0b81da9312496c9d5c695311adf1d81789,75,68,22,1.8749400587969416,0.41333333333333333,14,10,20,31,1|2,pt,75,0,Sou o proprietário de uma pequena empresa online que vende produtos de moda sustentável. Você pode me ajudar a escrever um post de blog sobre o impacto ambiental da indústria da mo
e1a57ccfdf91545d350c6f67c98649db40ed1f85,67,66,35,1.5013397424044412,0.6428571428571429,8,6,6,36,1|2,pt,67,0,"Sou psicólogo e preciso de ajuda para elaborar um plano de tratamento para um novo cliente que está lutando contra a depressão, incluindo metas, objetivos e intervenções."
f9b00652a9659fc84cdac631d47673aec68f42a8,63,61,15,1.6285647571960313,0.5873015873015873,10,8,8,37,1|2,it,63,0,"Ho bisogno di aiuto per scrivere un biglietto di ringraziamento per una collega che mi ha aiutato con un progetto difficile, includendo un messaggio di apprezzamento e un pensiero "
0b6c8f062d7b398489bccb7942c246424e1a9365,62,61,18,1.7168344071232133,0.5409836065573771,11,9,8,33,1|2,pt,62,0,"Sou UX designer de uma startup de tecnologia e preciso de ajuda para redigir um documento de especificações de design para um novo recurso de produto, incluindo fluxos do usuário e"
20b5f340392313767376539173ba1d844f828baa,60,59,19,0.9898315074774171,0.7758620689655172,10,2,1,45,1|2,hi,60,0,"मुझे किसी कस्टमर को उनके ऑर्डर में हुई गलती के लिए माफ़ी माँगने का पत्र लिखने में मदद चाहिए, जिसमें इसका समाधान और सद्भावना का भाव शामिल हो."
0bd7274a7bbcb5427c481707b50179d250eb64cf,62,58,25,1.7638357657600252,0.5161290322580645,11,9,10,32,1|2,pt,62,0,"Sou o proprietário de uma pequena empresa de consultoria em tecnologia e preciso de ajuda para elaborar uma proposta para um novo cliente, incluindo serviços, cronograma e preços."
39ff5a010c2f6cd94debfc84c0dcdb0d97fec13c,65,56,21,1.5680109012169345,0.6129032258064516,7,10,7,38,1|2,fr,65,0,"Je possède une petite société de conseil en technologie et j’ai besoin d’aide pour rédiger une proposition pour un·e nouvel·le client·e, notamment les services, le calendrier et le"
09e37f789cf16cd37281eefc794ed6bf9011015e,56,56,20,1.1026436325757467,0.7818181818181819,4,4,4,43,1|2,hi,56,0,मैं एक बड़ी वित्तीय सेवा कंपनी में मार्केटिंग डायरेक्टर हूँ. क्या तुम मुझे आँकड़ों और केस स्टडी सहित सस्टेनेबल निवेश के फ़ायदों पर एक व्हाइटपेपर तैयार करने में मदद कर सकते हो.
7f5e65c47329f9b38e4a705bea78939351983f1e,60,55,13,1.7791303079383285,0.48333333333333334,15,7,9,29,1|2,fr,60,0,"Je suis concepteur·ice UX pour une start-up technologique et j’ai besoin d’aide pour rédiger une déclaration de concept de design pour un nouveau produit, notamment les parcours d’"
1f516203c9f8067052bc0f15fd1dd2a95208b273,55,53,9,1.6858157091530304,0.5454545454545454,5,10,10,30,1|2,fr,55,0,"J’ai besoin d’aide pour rédiger une note de remerciements à un·e collègue pour son aide dans la réalisation d’un projet difficile, avec notamment un message d’appréciation et un se"
870503dfcd8c0c5a2da0f4c9971e6517ad067666,55,50,21,1.8402778269957496,0.3888888888888889,11,17,21,5,1|2,hi,55,0,"मुझे अपने एक सहकर्मी को एक गेट-वेल कार्ड लिखने में मदद चाहिए जो बीमारी से उबर रहा है, जिसमें सहायता का संदेश और एक विचारयुक्त भावना शामिल हो."
dd2800db593d7151cc6b76adf05cdb7a055153d3,50,49,10,1.3045143835761073,0.6818181818181818,8,1,5,30,1|2,fr,50,0,"J’ai besoin d’aide pour écrire une lettre à un·e client·e afin de nous excuser suite à une erreur dans sa commande, notamment en lui proposant une solution et un geste de bonne vol"
51da0ff2fff27b9f2f7eed669ef247a070e332a4,54,47,12,1.3181159318217033,0.6666666666666666,11,2,3,32,1|2,hi,54,0,"मैं एक ऐसी कंपनी में सॉफ़्टवेयर डेवलपर हूँ, जो ई-कॉमर्स समाधानों की विशेषज्ञ है. क्या तुम मुझे प्रोडक्ट के एक नए फ़ीचर के लिए टेक्नीकल स्पेसिफ़िकेशन डॉक्यूमेंट लिखने में मदद कर सकते"
2f651c5755b80bd88248c2fffc9a46ef346629ae,48,47,9,1.7222275532582723,0.5208333333333334,5,11,7,25,1|2,it,48,0,Sono uno sviluppatore di software per un'azienda specializzata in soluzioni e-commerce. Mi puoi aiutare a scrivere un documenti di specifiche tecniche per una nuova funzionalità di
a8ff028d8e736d886bb95995271ddbf57ec54d6d,47,47,14,1.8105091137144849,0.40425531914893614,7,16,5,19,1|2,fr,47,0,"J’ai besoin d’aide pour la rédaction d’une lettre de recommandation pour un·e collègue qui souhaite postuler un nouvel emploi, en mettant en évidence ses compétences et ses réalisa"
62ed0d3c63bd215adc47f913f531884b105ff7b5,47,46,15,1.6895975461995758,0.5106382978723404,13,6,4,24,1|2,pt,47,0,"Sou a gerente de marketing de uma grande rede hoteleira. Você pode me ajudar a elaborar um estudo de caso sobre os benefícios do turismo sustentável para um cliente importante, inc"
c700c4c89903c78e70b0ca24dcdd5949a17e217b,54,44,12,1.1619480154262511,0.7547169811320755,6,5,2,40,1|2,pt,54,0,"Sou um UX designer de uma startup de tecnologia e preciso de ajuda para redigir uma declaração de conceito de design para um novo produto, incluindo fluxos do usuário e wireframes."
da93a45ea7a73491a349205cb28a7a03e42cec06,43,43,11,1.345534978545215,0.6976744186046512,4,3,6,30,1|2,pt,43,0,"Sou a diretora de marketing de uma grande empresa de bens de consumo. Você pode me ajudar a elaborar um plano de marketing para o lançamento de um novo produto, incluindo público-a"
718d64c2fff78c0ed531330a13a0d51f5766d412,43,43,11,1.3256570024458352,0.6976744186046512,5,2,6,30,1|2,it,43,0,"Sono un'insegnante e ho bisogno di aiuto per elaborare un piano didattico sul tema della sostenibilità e delle scienze ambientali per una classe di scuola media, che preveda attivi"
0151dc81e3bbe8f0a81000530e06bbd581ce52e3,44,42,13,1.558069628780358,0.5681818181818182,11,2,6,25,1|2,fr,44,0,Je suis directeur·ice exécutif·ve d’une organisation à but non lucratif axée sur l’éducation artistique. Peux-tu m’aider à rédiger une lettre de collecte de fonds à l’intention de 
391c3eb121f789a124121d19deffd6df4e61e626,44,42,11,1.6714517215372522,0.5227272727272727,5,12,4,23,1|2,fr,44,0,"J’ai besoin d’aide pour rédiger un e-mail de bienvenue à l’intention de nouvel·les abonné·es, notamment un message d’appréciation et un sentiment personnel."
2619af654f8f4ff28208ec8907255fb010e9b6c8,42,42,8,1.5972456308512142,0.47619047619047616,14,7,1,20,1|2,en,42,0,"I'm a writer, what's the best tool for staying organized?"
9be4f7820c1440eb44c1559291a485f9b827765d,42,42,7,1.7595230821599186,0.5,10,5,6,21,1|2,en,42,0,"Recommend me some restaurants in Austin, Texas, for live music and dinner"
9825e51c8bebcb70115c6385ae351ee5ce0bc605,59,41,18,1.9343432950961494,0.3728813559322034,10,15,12,22,1|2,fr,59,0,"J’ai besoin d’aide pour écrire une carte de prompt rétablissement pour un·e collègue qui se remet d’une maladie, notamment un message de soutien et une marque d’attention."
429ca6eec3e4d5787e1e93af743daf97dca1b285,43,41,11,1.8628876215181605,0.45,7,7,8,18,1|2,it,43,0,"Sono la Marketing Manager per una grande società alberghiera. Mi puoi aiutare a redigere un case study sui benefici del turismo sostenibile per un grande cliente, includendo dati e"
15258f329968740cc5dfc660474f8977a6642f75,42,41,16,1.0672820786263024,0.7619047619047619,1,2,7,32,1|2,fr,42,0,Je suis développeur·se de logiciels pour une entreprise spécialisée dans les solutions d’e-commerce. Peux-tu m’aider à rédiger un document de caractéristiques techniques pour une n
9d4fbcd5dab8127d2045d0dbfccd76ca12b1cc36,41,41,5,1.4423285830680053,0.4634146341463415,18,3,1,19,1|2,en,41,0,"Create a 4-day itinerary for a city break in Tokyo, Japan."
7a6eb09a6463c448bdc7195827a8da881ed8be4c,41,41,14,1.7872191433822433,0.43902439024390244,13,5,5,18,1|2,en,41,0,What are some unique restaurants to try in Tokyo?
443d17f0e81e4126a86b4765acdb39fa189088c9,41,41,16,1.578699492254941,0.5853658536585366,9,5,3,24,1|2,en,41,0,"I'm a teacher and I need help drafting a lesson plan on environmental science for a high school class, including activities and assessments."
7c87ccc9fba0aa82d6e38538168ce7ca5beeeff0,41,41,5,1.8476415694245658,0.36585365853658536,15,8,14,4,1|2,en,41,0,Can music be considered a universal language?
4ecebe7af2152fb3e3f0d679233d716c6251c19d,41,41,6,1.834831413155757,0.36585365853658536,15,11,3,12,1|2,en,41,0,Help me write a catchy jingle for a coffee shop advertisement that incorporates the idea of morning sunshine.
77e6e7740b8c24bb5a90e5892506b99760b5047c,41,41,9,1.6296454815000012,0.55,3,5,22,10,1|2,en,41,0,"Create a draft introduction for a mentorship program where I'll be guiding a high school student interested in environmental science, highlighting my experience working with local "
2db77b357c926f978fa91238bfdd9ee442230758,41,41,8,1.954197707515626,0.34146341463414637,9,11,14,7,1|2,en,41,0,What's the best gift for a wine enthusiast?
69549fa2d27eec20216105742727c01909a174c6,41,40,5,1.4294688389720505,0.5121951219512195,21,0,14,6,1|2,en,41,0,What's the best power tool set for a DIY enthusiast?
27646b02c2b77e951aaad8e187774f7de7b02ea5,41,40,9,1.4488626012195258,0.6585365853658537,27,3,5,6,1|2,en,41,0,Can you recommend a good pair of hiking boots for my next adventure?
19a36932c9e00054d0c5536e8d8a1ff6ccc46162,40,40,8,1.7943691038519398,0.425,13,17,6,4,1|2,en,40,0,Help me write a series of three connected flash fiction stories set in the American West during the 19th century.
f918ae78b122a2714fba04c764e7fbfac8505326,40,40,6,1.0921849424766137,0.775,31,2,2,5,1|2,en,40,0,What's the best way to get to the Cinque Terre from Genoa?
dc473f9e7cd5c41cc346dcad1a151893741f0dd2,40,40,3,1.265492538086959,0.7,7,4,1,28,1|2,en,40,0,Can you suggest some good art supplies for a beginner?
a0b3d6f27d9ec0d783d4373cf8d13e28afd1e16d,40,40,10,1.5415325893090657,0.625,25,4,6,5,1|2,en,40,0,Develop an original steampunk hairstyle for the protagonist of my sci-fi novel.
2d86d103f8207421876f4885b252eb8db385ae9e,40,40,6,1.7128876215181608,0.45,18,4,4,14,1|2,en,40,0,I'm a data scientist working for a healthcare startup. Can you help me write a technical report outlining the results of our latest research study on using machine learning algorit
00b032971865041e13f53ef300bf0c30c6cbb1f1,40,40,4,1.5552208323774015,0.45,18,1,5,16,1|2,en,40,0,What are the top-rated adventure sports destinations in India for thrill-seekers?
6b0d86fe62b07725dc7a59e3c11a83765dd34f9f,40,40,7,1.5941881858672535,0.5,12,7,1,20,1|2,en,40,0,"I'm a psychologist specializing in cognitive-behavioral therapy. Can you help me write a treatment plan for a client who is struggling with anxiety, including goals, objectives and"
ec29fde41596ce26371eee9b02711902ddcad7bd,40,40,4,1.719672414002774,0.425,17,4,4,15,1|2,en,40,0,"I'm looking for some fashion inspiration for a night out with friends, can you suggest some stylish outfits?"
db7b006a42de3b04f55c9c39af033c44d90912b7,40,40,8,1.4796634830945878,0.6,24,1,8,7,1|2,en,40,0,What are the best places to try kebabs in Lucknow?
13ee4f121147e1fc88147ed642de9739806ef186,40,40,7,1.7105592145877668,0.425,15,3,5,17,1|2,en,40,0,"I'm the marketing director for a large, consumer goods company. Can you help me draft a market research report analyzing our competitors and identifying opportunities for growth."
e22bc3c05d50d81d582153104e7f7d397f9a012b,40,40,9,1.996387226993904,0.275,10,11,9,10,1|2,en,40,0,"Create a short poem for a farewell card to my predecessor who has been an outstanding leader and mentor in my team, highlighting her guidance and dedication."
1a4d5536d67605868eb7c3450f3f8c77d452c215,40,40,5,1.5618373950396616,0.6,24,8,5,3,1|2,en,40,0,I'm planning a trip to Los Angeles and I'd like some recommendations for unique indie music venues to check out.
601aeb2e861fcef8c179aeab82cb0df691488b93,40,40,15,1.6493910166500685,0.55,9,6,3,22,1|2,pt,40,0,"Sou professora e preciso de ajuda para criar um plano de aula sobre sustentabilidade e ciência ambiental para uma turma do ensino fundamental II, incluindo atividades e avaliações."
3fe7c32dcf6946bb6583bb60067854f2cf92a374,40,40,9,0.4531837316805838,0.925,0,2,1,37,1|2,en,40,0,"Create an email invitation for a family reunion next summer at the lake, including a detailed itinerary and accommodation options."
bdd565ffc121a52a1b83a2ecd9d2c532ec7e0335,40,40,10,1.8412997995224136,0.4,16,13,6,5,1|2,en,40,0,"Draft a congratulatory message for my younger brother's engagement, expressing my excitement and offering to help with wedding planning and preparations."
926afb7e1f18f256336704307c22cba056ce9b43,40,40,8,1.639585705551882,0.475,19,9,1,11,1|2,en,40,0,"I'm looking for a smart thermostat that's easy to install, what's the best option?"
792bfb8860757d169d8fbca902e6b174bb3012d7,40,40,7,1.8320011600418937,0.375,12,15,3,10,1|2,en,40,0,What's the best way to display my action figure collection?
ca828f03cdad237fd5295fd884b3980ea4eb3631,40,40,9,1.641848483686326,0.575,7,23,4,6,1|2,en,40,0,What's the best coffee maker that can also grind beans?
983411886a96519aa97460f470d0c505d75f4f1a,40,40,9,1.7030037896561645,0.5,11,6,3,20,1|2,en,40,0,"Create an introductory lecture to world-building, that highlights best practices for fantasy and sci-fi worlds."
74c48b2c41db43a7318b476e8e3ce4fcdb6e810f,40,40,9,1.719672414002774,0.425,17,4,4,15,1|2,en,40,0,"Create an Instagram post about finishing my pottery class and sharing my latest ceramic creations, thanking the instructors for their guidance."
b6b88490bbc539a33836d0c48dd8de7858f0f019,40,40,11,1.902323884849567,0.375,12,7,6,15,1|2,en,40,0,"I'm the marketing manager for a large, financial services company. Can you help me write a product description for a new line of sustainable investment products, including features"
30aae5ce80ad189fb305fee82ae2916ac2f5ef30,40,40,8,1.8179805257795407,0.425,7,12,4,17,1|2,en,40,0,"I'm the owner of a small, retail boutique and I need help writing a product description for a new line of handmade jewelry."
dc5fdc9fc87fb85570d4f6ea3ebad986348d4bcb,40,40,4,1.9795858105179467,0.325,9,9,9,13,1|2,en,40,0,"I'm looking for an affordable drone, what are my options?"
5096178033ed07aa942499e1d3c08b6beb630358,40,40,9,1.7943691038519398,0.425,17,13,6,4,1|2,en,40,0,Can you help me find a quiet getaway in the Blue Ridge Mountains for hiking and relaxation?
46846ed63e280385a2572a81ce4fafc257286a54,39,39,7,1.5649789169214126,0.4358974358974359,17,1,16,5,1|2,en,39,0,Can you recommend a good pair of running socks for marathon training?
b5f51daada870c27637470d935e374a1975d336d,39,39,3,1.346908795598472,0.6923076923076923,5,5,2,27,1|2,en,39,0,How do I handle conflicting priorities and tasks
05da27a27c280fdf36c3e17a5c69b91a55e8c969,39,39,8,1.9357857740208377,0.3333333333333333,13,8,6,12,1|2,en,39,0,"Write a meaningful goodbye letter to my childhood home, now that my family has decided to sell the property, highlighting the cherished memories I made there."
92831ed1a5348e374caa3e261b6edbd3a16a69d0,39,39,12,1.6708410160230676,0.5128205128205128,20,8,2,9,1|2,en,39,0,Write a group chat post inviting my relatives who will be in town for an elder's birthday to join us for sushi next Saturday at a new restaurant and suggesting we catch up early in
746412e40aeb631d3be4f1000fd80b830b5e48b7,39,39,3,1.0619024016165435,0.7692307692307693,6,2,1,30,1|2,en,39,0,Can you recommend some hiking trails in the Dolomites?
3db6be3d797027b28d0975cda340f4b8ed8091e5,39,39,6,1.6791191974540263,0.5384615384615384,21,3,7,8,1|2,en,39,0,"I'm the marketing manager for a large, financial services company. Can you help me draft a case study on the benefits of sustainable investing for a major client, including data an"
bbb423ac287e82a2a67dccdc20029fd1ee11f29f,39,39,5,1.40512406115886,0.6666666666666666,6,2,5,26,1|2,en,39,0,Create a character development plan for the protagonist of a dystopian novel who begins to question the government.
6382642ce2694f8566fbebf1a6cb3a9907dc6429,39,39,8,1.5214538209270891,0.6153846153846154,4,8,3,24,1|2,en,39,0,"I'm planning a 40th birthday party for my boss, who is an avid car collector, and I need help writing a heartfelt letter to him, expressing my gratitude for his mentorship and the "
52a99557d5efd2fa1df87c550d6c8b7ddf184894,39,39,7,1.0397589977855015,0.7948717948717948,4,2,31,2,1|2,en,39,0,Do you prioritize simple or complex solutions to problems
07aeecac5fcfac892fbb253900f3ee0fb8394a1d,39,39,9,1.8732663774862446,0.41025641025641024,16,6,6,11,1|2,en,39,0,"I'm a volunteer coordinator for the American Red Cross, write a thank-you message for the volunteers who helped with the charity event last weekend, specifically acknowledging thei"
c35074ba7c066d947999e512a4f65b3a0783501c,39,39,5,1.3781724096721548,0.6923076923076923,4,4,4,27,1|2,en,39,0,"Write a heartfelt apology message to a friend I haven't spoken to in years, explaining what I've learned from the past and hoping to reconnect."
dfca80cddb415c518528d8138a5a402af8c7ed3b,39,39,6,1.519559748055975,0.5384615384615384,5,12,21,1,1|2,en,39,0,Can you suggest a scenic route for a road trip from Paris to the French Riviera?
5a94f1df9c4c1f3802bc5fc02cd0b3aa0854bf13,39,39,6,1.978267321085392,0.28205128205128205,10,11,7,11,1|2,en,39,0,"Write a Twitter post announcing my decision to participate in the local charity 5K run/walk, encouraging friends and followers to join me and support our community's health initiat"
ec3c2543b43d83e5ebf314fbc3b5b6b2fced5c69,39,39,13,1.438908155571355,0.6153846153846154,10,3,2,24,1|2,en,39,0,"I'm a project manager for a construction company and I need help drafting a project plan for a new residential development, including milestones and deadlines."
2662e292ff26fbc3640b8b08beefe78f20c85ce4,39,39,5,1.8313983919358536,0.4358974358974359,10,4,8,17,1|2,en,39,0,"Draft a heartfelt letter to my sister, reminding her of our childhood dreams and encouraging her to follow her passion for photography, now that she's decided to leave her corporat"
8278986db3e244508561a7de67e676608d5edb45,39,39,5,1.6053158940273375,0.48717948717948717,19,3,3,14,1|2,en,39,0,"I'm a musician, what's the best in-ear monitor system for my performances?"
4203c4f0d6e3650541d2bff8ce6593c0e65a930f,39,39,5,1.7021088628960714,0.5384615384615384,21,6,8,4,1|2,en,39,0,"I want to learn how to play the piano, what's the best digital piano for a beginner?"
fc8817bf4d1b2ccd6b6fb02405138e7ae3a32dcc,39,39,4,1.7001401992087473,0.358974358974359,14,10,1,14,1|2,en,39,0,I want to learn how to play a musical instrument and set aside dedicated time for practice each week.
4acbe348627030e84b56afc826ac0078475c27b8,39,39,8,1.8670721487635222,0.41025641025641024,11,16,5,7,1|2,en,39,0,"Write a heartfelt thank-you note to my mentor, a established painter, who has been guiding me in my professional career as an artist and sharing her expertise on different techniqu"
459d16f99c15c05517527ed38a0617a85875192b,39,39,9,1.4438362407569867,0.6666666666666666,26,4,5,4,1|2,en,39,0,"I'm trying to eat more fermented foods, what are some great options to add to my diet?"
5df5e73186aca9584eb0f71cecb15e2e36d16662,39,39,7,1.407000572628959,0.6410256410256411,1,7,6,25,1|2,en,39,0,"I need help writing a congratulatory letter to a colleague who has been promoted to a new role within our company, highlighting their achievements and wishing them continued succes"
af00ced3c887f02b49aea64886d2d0890a7716a1,39,39,5,1.8953198612762292,0.3333333333333333,4,11,13,11,1|2,en,39,0,"I'm planning a 50th wedding anniversary party for my grandparents, who met at a diner in California, and I need help writing a heartfelt letter to my grandfather, expressing my gra"
73e8941546786ddf0b2ef25ea8fb7a6b0d242ecc,39,39,10,1.624777332697161,0.48717948717948717,19,8,1,11,1|2,en,39,0,"I'm a professional photographer, what's the best tripod for my needs?"
514cbb957bce1b2c281e90805068a2a54fbd6c15,39,39,10,1.9017713119284272,0.38461538461538464,5,10,9,15,1|2,en,39,0,Write a poem for my best friend's birthday that captures the memories of our 5-year friendship.
ef5c7cff26c7528eada1a4619544e48c7ec1e56b,39,39,3,1.8565470061346416,0.358974358974359,6,5,14,14,1|2,en,39,0,"Compose a heartfelt email to my brother, congratulating him on his new-born baby boy and expressing my excitement to meet the little one."
4a70f98d8bee95389f77764ab0dd3ee314823e81,39,39,5,1.2798745703481527,0.717948717948718,5,4,2,28,1|2,en,39,0,Create a 5-day itinerary for a beach vacation in the Maldives.
891fb709aab3cfd5d98ce5e0efe7ad070a99627d,39,39,9,1.8155304936133296,0.41025641025641024,16,5,5,13,1|2,en,39,0,Can you tell me about your personality type if you were to have one
587e6359055f731d3f730017e341294918cb7206,39,39,4,1.7074115832940324,0.5384615384615384,7,4,7,21,1,en,39,0,"How can a marketing manager become a successful writer, and is it possible to make a living off of blog content creation in the UK?"
ea09ae889f9166696504a7d2225b0ddf973ae28d,39,39,12,1.7077382614674765,0.46153846153846156,18,3,5,13,1|2,en,39,0,What's the best kit for learning coding or robotics?
6094a2ae51b88f0b8ee1bc7c92ad8142ba4beb69,39,39,6,1.789008289447564,0.48717948717948717,9,5,6,19,1|2,en,39,0,What are the top-rated museums in Belo Horizonte?
220bdb7bafa4d06e59033a9636b3b8da1780f45b,39,38,7,1.9647405072701494,0.3333333333333333,9,7,13,10,1|2,en,39,0,Can you recommend a good desk for a small home office?
0da11039ef24523397712f1376ca465d3238371b,39,38,7,1.8459415653387194,0.41025641025641024,6,5,12,16,1|2,it,39,0,"Sono un agente immobiliare specializzato in immobili di lusso. Puoi aiutarmi a creare la descrizione di un annuncio per un attico da diversi milioni di dollari, che comprenda le su"
3628af709f00e3453e620cec7e79e3191941cdc9,38,38,5,1.47686896222917,0.631578947368421,2,7,5,24,1|2,en,38,0,What are the best local festivals to attend in the Northeast region?
acbdc43adaeb5d5d86847f5fc2c87fab4e1f4011,38,38,7,1.9899708353681986,0.2894736842105263,8,11,9,10,1|2,en,38,0,"Create a sense of excitement in an Instagram caption for my cousin's upcoming bachelorette party in Las Vegas, mentioning our favorite memories from when we visited last year."
b193acad5802cf74b6c2b463c75292deea8c1bb2,38,38,5,1.7417308223091064,0.4473684210526316,10,9,17,2,1|2,en,38,0,"Write a meaningful welcome message to new colleagues, introducing myself and offering to help them settle into their new roles at our company, specifically highlighting the benefit"
0ae929659ca9a87fc045654e0afc5017f86e8719,38,38,4,1.5908778578981102,0.5263157894736842,20,1,9,8,1|2,en,38,0,What's the best espresso machine for a coffee connoisseur?
e581a6f1e6bf7625c1314a31589bf53adf1b96c1,38,38,8,1.1522344513156102,0.7631578947368421,3,2,4,29,1|2,hi,38,0,"मैं एक साइकॉलोजिस्ट हूँ और एक क्लाइंट के लिए उपचार लिखने में मुझे तुम्हारी मदद चाहिए जिसे डिप्रेशन की समस्या है और इसमें लक्ष्य, उद्देश्य और हस्तक्षेप भी शामिल करने हैं."
6ee9d1bc9da6a7a0451994be0ae4ef156ee670a7,38,38,7,1.821115664120193,0.39473684210526316,15,6,4,13,1,en,38,0,I'm trying to declutter and organize my living space - help me set measurable goals and stay on track.
1e18e301a2995a4775aa5da471dffcdb16e0ffa0,38,38,6,1.7893506196219917,0.42105263157894735,12,7,16,3,1|2,en,38,0,"How can I travel from Recife to Olinda, and what should I see along the way?"
2bff1d666f4a5a8bcdc2feec67f71312a55009ca,38,38,11,1.6382533594712747,0.5263157894736842,20,6,10,2,1|2,en,38,0,What's the best neighborhood to stay in Belém for exploring the historic center?
981ce888d02dea10d71348f886d69976f3eb5456,38,38,9,1.5737888130660203,0.5789473684210527,22,8,2,6,1|2,en,38,0,Can you give me some suggestions for what to wear to a concert as a guy who wants to look stylish and comfortable?
3810d3c846f955f3c82dbbd5841fd1c98022ec49,38,38,4,1.813625053864167,0.42105263157894735,9,3,16,10,1|2,en,38,0,"I'm the owner of a small, online business selling eco-friendly home goods. Can you help me write a product description for a new line of reusable water bottles."
52cdd9ce290bd9ab0b55ab3c95fa7d0a2d9b8d61,38,38,5,1.255663165580298,0.6578947368421053,5,8,0,25,1|2,en,38,0,Plan a 7-day trip to New Zealand for a solo traveler on a budget of $2000.
ecc4ae512a0f365d951c084d291512c9b475578b,38,38,6,1.1050139971135322,0.6842105263157895,10,0,2,26,1|2,en,38,0,What are the different types of clouds?
be2f4a5ae209fd312e30e3145ce8d17db178d188,38,38,7,1.9127983866297726,0.34210526315789475,12,5,13,8,1|2,en,38,0,"Can we truly change who we are, or are we stuck with our natural personality traits?"
19046a8e196547433d89d96bdc3f134dc912fb10,38,38,6,1.8302592518884533,0.47368421052631576,18,6,7,7,1|2,en,38,0,Can you tell when someone is joking or being sarcastic
773ec188c15d4f22e65e23abe4ffb1bcf7fb251b,38,38,6,1.3235315761100483,0.5789473684210527,12,4,0,22,1|2,en,38,0,What are the top historical sites to visit in Brasília?
305013b5452a0ab909eaaac560c43db93e5048ee,38,38,6,1.7002237262558646,0.42105263157894735,16,6,2,14,1|2,en,38,0,How can I prioritize self-care tasks and make time for them
372a599e9bba739644f56332dd5b66d09e9d8d60,38,38,8,1.9899708353681986,0.2894736842105263,11,10,8,9,1|2,en,38,0,"Write a get-well message to my coworker who's recovering from a serious illness, sending positive vibes and promising to help with upcoming projects and tasks when they return to w"
f53e74ff6e003fd80844184c5c83a0c323b1e38b,38,38,7,1.5636621264150472,0.5263157894736842,20,1,6,11,1,en,38,0,Who wrote the novel 'The War of the Worlds'?
994ad189bdf953f5fd62a4a02e075bb3711d1126,38,38,7,1.4033045451719655,0.6052631578947368,11,2,2,23,1|2,en,38,0,"Write a congratulations message for my best friend's wedding shower, praising the couple's love and commitment to each other, and expressing my excitement to celebrate with them."
687a0329da6b89865f07be5eb9b27f09ef0702d8,38,38,3,1.2835426433145314,0.7105263157894737,6,3,2,27,1|2,en,38,0,Can I get advice on creating a long-distance job search strategy while staying in Mexico to work as a marketing specialist in the US?
0c20c2555e0cf1922a5ab6cfa34b4fafa51c9d56,38,38,8,1.2284338901633431,0.6842105263157895,9,1,2,26,1|2,en,38,0,Write a tongue-twister poem about a llama who works in a library.
fe53e11b8b199433afe5f5f2fe13fa7f27a003b7,38,38,4,1.9627551038851354,0.2894736842105263,10,6,11,11,1|2,en,38,0,"I'm a music producer, can you recommend some studio monitors?"
90b0da31900e28c2697cd8719aef61fe4e3c0946,38,38,6,1.89682043644058,0.3684210526315789,6,12,6,14,1|2,en,38,0,I'm part of a college football team and I need help drafting an encouragement note to send to our coach before our big rivalry rematch against University of Michigan.
62bf68a96f6bb822242e387fbdc3b78638f5eb66,38,38,7,0.7620063045270337,0.868421052631579,1,2,2,33,1|2,fr,38,0,"Je suis enseignant·e et j’ai besoin d’aide pour élaborer le plan d’un cours sur les sciences de l’environnement et le développement durable pour une classe de collège, notamment le"
929221dfd5501714b106ca4376716445b55712ae,38,38,7,1.816932870155556,0.39473684210526316,15,12,8,3,1|2,en,38,0,What are the must-try dishes in Minas Gerais?
7171ab5ed78444676d15e5070820908bff257b9f,38,38,4,1.6197329360989796,0.47368421052631576,18,3,14,3,1|2,en,38,0,Can you recommend a Michelin-starred restaurant in Rome?
75c8db9cb6653de6679ab1b0fb9300f35a1720e2,38,38,6,1.7926536758282996,0.4473684210526316,9,9,3,17,1|2,en,38,0,Create a family photo album caption describing our favorite vacation memories and inviting friends and family to share their own cherished moments.
9837c59315ea46c485b74b64d9cb09d917f1d4d6,38,38,6,1.6289760165734095,0.5405405405405406,9,6,2,20,1|2,en,38,0,"I'm a real estate agent specializing in luxury properties. Can you help me craft a listing description for a private island estate, including its unique features and stunning views"
2caabb6aa78d1cf673bc8003dec477a0af774164,38,38,8,1.5737888130660203,0.5789473684210527,6,8,22,2,1|2,en,38,0,Recommend a bestselling sci-fi novel that features a non-human protagonist.
2caed27d95a621f0c63de504977aebdd6dfbc193,38,38,7,1.1544861448975354,0.7647058823529411,3,3,2,26,1|2,en,38,0,Create a short play about a family reunion at a national park.
e9c4ee3bd855ee415a2725c3b228d656edea4600,38,38,3,1.862450467128166,0.4473684210526316,17,8,6,7,1|2,en,38,0,Who is the lead singer of rock band Radiohead?
cc934bb84aa8d28a98611244c5157b7ce337726e,38,38,14,1.581892584469267,0.5263157894736842,10,7,1,20,1|2,en,38,0,What are the top things to do in Biarritz for surfers and beachgoers?
f2fac1107426ca3f3f8eb2ed548a7eddca17779a,38,38,9,1.9147376359410142,0.3684210526315789,9,10,5,14,1|2,en,38,0,Can you suggest a 4-day itinerary for exploring the hill stations of South India?
da67646f7ca961a396d575688d3bb86828d1a0ad,38,38,4,0.8706913785973592,0.8157894736842105,4,0,3,31,1|2,en,38,0,"I'm a software developer for a company that specializes in e-commerce solutions. Can you help me draft a technical specification document for a new product feature, including the d"
1c86a495b00dde400728547563ba7de386392888,38,38,4,1.9941979649185142,0.2894736842105263,11,9,9,9,1|2,en,38,0,"I'm heading to Australia for a food tour, can you give me some must-try restaurants?"
2670c5c6a2e147791cc6f3eda40936bcec44a8e6,38,38,1,1.10987549146201,0.7631578947368421,29,3,1,5,1,en,38,0,Can you recommend a restaurant in Nice that serves traditional Niçoise cuisine?
b77e2a2409027185c44836a11f4dcd9efb6c174d,38,38,10,1.4150659215555708,0.631578947368421,8,5,1,24,1|2,en,38,0,"Write a poem about a summer day spent at the beach as a child, incorporating sensory details."
e20222931520cd21c5dd7c010bb6b7e458cf8116,38,38,4,1.7309190996284372,0.5,19,7,3,9,1|2,en,38,0,What actress played the lead role in the movie 'The Devil Wears Prada'?
f649b0679e03b8415b493c7e23b608a297520115,38,38,2,1.8571976364835465,0.3157894736842105,12,11,3,12,1|2,en,38,0,What's the best soundbar for a small TV?
39c8c9a5ef57011e8dfa7b099240e906f37b1418,38,38,8,1.8486337428179533,0.42105263157894735,11,16,5,6,1|2,en,38,0,Can you give advice on connecting with mentors in your industry as a journalist in Australia when you don't know anyone?
c71626447a0dc93637f9be6678550abab560b660,38,38,4,1.0740870445590351,0.7368421052631579,28,8,1,1,1|2,en,38,0,What's the best way to experience the Afro-Brazilian culture in Salvador?
cc5cdfaf7c2f94599f03bbe17a67e0d4bda76c19,38,38,6,1.840147376948515,0.34210526315789475,9,3,13,13,1|2,en,38,0,Plan a 3-day trip to the Blue Ridge Mountains in North Carolina for hiking and scenic drives.
535be860b02917c7aec1d9f41407903c0afbf0b3,38,38,7,1.7869809787759263,0.39473684210526316,15,14,4,5,1|2,en,38,0,What are the best places to try authentic Sindhi cuisine in Mumbai?
aae2a433b43dd6dfcba48a9423c641315d793f65,38,38,10,1.9147376359410142,0.3684210526315789,9,5,14,10,1|2,en,38,0,"Write a humorous message for a cheering-up card for my best friend, referencing a funny dance move from our college party days at Michigan State University."
4fc8ac285b1a75465acec9e22d94ff32c2641768,38,38,7,0.9431884181279768,0.8157894736842105,4,2,1,31,1|2,en,38,0,"Do you have a sense of humor and if so, explain it to me"
0a89fb2953f5fd5934ce390b7cc136ec7205ccec,38,38,7,1.8816582590231095,0.39473684210526316,15,5,7,11,1|2,en,38,0,"I'm a member of the Parent-Teacher Association, write a message to parents about an upcoming literacy awareness event, providing details on attending, and donating books to underpr"
a50713da0c95b756053119a50c7cae1f9168d6b7,38,38,5,1.613519734232519,0.5789473684210527,8,4,4,22,1|2,en,38,0,Can you recognize and mimic certain personalities or tones
f1c9e64b0217cb31394962ddbb950f7fc0371dff,38,38,6,1.5427482373521446,0.6052631578947368,23,4,3,8,1|2,en,38,0,What are some outdoor activities to do at Acadia National Park in Maine?
ebe2c7d6b1debcb707f878f1be2d3cfb08ae4bca,38,38,7,1.6711050433393937,0.47368421052631576,13,4,3,18,1|2,en,38,0,Can you recommend some scenic drives from Mumbai to Pune?
96d62f947130359a5caa4fdf5cdc050daf67eaa3,38,38,8,1.5229571181374095,0.631578947368421,24,4,6,4,1|2,en,38,0,What's a great way to stay hydrated on-the-go without buying bottled water?
bd65da427237f0d12664d0c269505cd4c4a74257,38,38,11,1.7424153599984742,0.5263157894736842,20,7,5,6,1|2,en,38,0,What's the best way to explore the historic center of Ouro Preto?
645bb25810799843b0b3489382f59da7f5dd74fa,38,38,4,1.3764550199430066,0.6578947368421053,25,6,1,6,1|2,en,38,0,What are the best surfing competitions to attend in Brazil?
366b490e9710abe96ce70c5d161f14821be1c7fe,38,38,5,1.5107405821496036,0.5526315789473685,12,21,2,3,1|2,en,38,0,"I'm looking for some unique shopping experiences in Curitiba, what are some recommendations?"
dbfeb5fc4df14c48bf2c3d0da1205eaeffba30ac,38,38,10,1.7942575267765943,0.47368421052631576,18,4,7,9,1|2,en,38,0,"Create a message inviting friends to join me in participating in a charity bicycle ride, promoting the organization and the cause it supports."
43161010798b6c759f7a103f781d3f80a41d8b1e,41,37,15,1.0768432162250885,0.7352941176470589,6,3,0,25,1|2,pt,41,0,"Sou a diretora de marketing de uma grande empresa de serviços financeiros. Você pode me ajudar a elaborar um artigo técnico sobre os benefícios do investimento sustentável, incluin"
40dfbb582e7e59fcadc931b1f6b09cbd0891d2bb,41,37,16,1.795400727247741,0.4878048780487805,8,8,20,5,1|2,hi,41,0,मुझे एक सहकर्मी को धन्यवाद नोट लिखने में मदद चाहिए जिसने मुझे एक कठिन प्रोजेक्ट में मदद की. पत्र में प्रशंसा का संदेश और व्यक्तिगत भावना शामिल होनी चाहिए.
7a1a1313158ad9a3aaa787273c94ac7a458febb3,40,37,23,1.6172488983973201,0.5,9,1,10,20,1|2,pt,40,0,"Preciso de ajuda para escrever um email de boas-vindas para novos assinantes, incluindo uma mensagem de agradecimento e um sentimento pessoal."
e547fe2e75eabffc06486de84d35887ff02459ca,40,37,26,1.9088718484453602,0.4,10,7,7,16,1|2,pt,40,0,"Preciso de ajuda para escrever uma carta para um cliente pedindo desculpas por um erro no pedido dele, incluindo uma solução e um gesto de boa vontade."
c561655512e207595a0db324f7ab5d9482e06ae1,38,37,13,1.5685388343815547,0.6060606060606061,4,6,3,20,1|2,it,38,0,Sono un designer di esperienza utente per una startup tecnologica e ho bisogno di aiuto per scrivere un documento relativo alle specifiche di progettazione per una nuova funzione d
bcb7454e65ab76d8644a6e21d692c09ac04a6674,38,37,8,1.024477794150522,0.7631578947368421,5,0,4,29,1|2,en,38,0,Write a short skit about a group of friends trying to start a community garden in an urban area.
04885a0339902017188ae584114dff0c4f117e91,37,37,11,1.5943457963201992,0.5945945945945946,4,4,7,22,1|2,pt,37,0,"Sou professor e preciso de ajuda para redigir uma carta para os pais e responsáveis sobre uma nova iniciativa da escola para melhorar o bem-estar dos alunos, incluindo programas e "
7994ebb37d3039072c3552558e11984d3ce29dd4,37,37,14,1.8060633602504903,0.4594594594594595,17,5,5,10,1|2,en,37,0,"I'm the marketing manager for a large, hospitality company. Can you help me write a social media post announcing a new loyalty program, including rewards and special offers."
76db2e783fee3f90344fa83e4fddf33388f7a4ab,37,37,5,1.541422660643616,0.5945945945945946,5,8,2,22,1|2,en,37,0,What are the top museums in Reims for learning about champagne?
82efce045bb47cf7e7e14dc3ed7fb90b24fa8b11,37,37,9,1.7550334324363797,0.4864864864864865,18,8,8,3,1|2,en,37,0,Can you identify and explain the use of euphemisms or idiomatic expressions
932a0644731aac240c00a498fdc60dc0470f6747,37,37,3,1.8637655293635214,0.43243243243243246,9,7,5,16,1|2,en,37,0,What's the best virtual reality headset for gaming and entertainment?
25e639d5d752ff1bd6c98850eba18fc1990717ba,37,37,9,1.671274733649402,0.43243243243243246,14,16,2,5,1|2,en,37,0,"I want to learn how to paint, what kind of brushes should I start with?"
2f165f573fc3ba6bd3a3f82dcb0af927d8024a8d,37,37,2,1.6087260389050502,0.5945945945945946,22,5,4,6,1|2,en,37,0,What's a great way to incorporate more fiber into my diet without eating more vegetables?
436007d62c47ca557285c856bc6a45ec2615b105,37,37,3,1.48921713612234,0.6486486486486487,24,4,4,5,1|2,en,37,0,Who wrote the novel 'Pride and Prejudice'?
54f28c22887cb9c5c7ef462dfb7781b257c10da1,37,37,8,0.9738724771807743,0.8108108108108109,3,3,1,30,1|2,en,37,0,"Create an Instagram post about finally mastering the art of making homemade pasta from scratch, sharing my favorite pappardelle recipe with handwritten notes and process photos."
704c9d8922fe0343616e0535e558dae91054f5bd,37,37,8,1.6978343465937675,0.5135135135135135,10,4,4,19,1|2,en,36,1,What are the best villages to visit in the Ariège region?
d3832430e99cd077b9d3ebecb386aeed98bdbe07,37,37,5,1.4362198392928196,0.43243243243243246,16,5,0,16,1|2,en,37,0,What are some common productivity myths and how can I avoid them
fee59922ca0a8497a75dd6df4aef29d5e27bb890,37,37,4,0.9171193563669939,0.8108108108108109,5,1,1,30,1|2,en,37,0,What careers are available to computer science graduates in Bangladesh who are interested in space exploration?
a6103e30ec1f6e1ea4952cbcfb0eeed915db3762,37,37,4,1.4350867314735956,0.6216216216216216,5,1,8,23,1|2,en,37,0,"Write a write-up about hosting a weekly book club for friends, with a review of our latest read and inviting new members to join us."
b8dc4e23951e1db0050ef39e676a5f8aac4901fc,37,37,6,1.949238063101537,0.35135135135135137,13,7,7,10,1|2,en,37,0,What's the best way to get to the Uffizi Gallery in Florence?
73416758ad1354ad5f13550b3ccb42d1dec3e467,37,37,8,0.8760757136247175,0.8378378378378378,31,2,3,1,1|2,en,37,0,What is the story of the ancient Greek myth of 'Orpheus and Eurydice'?
378c42e7d5ea2cf52c9b9e7ff065c68fe2652e36,37,37,5,1.8130296421521983,0.4594594594594595,9,7,17,4,1|2,en,37,0,Can you recommend a vineyard tour in Champagne that allows children?
af2d822d9e4c6b31775b124181be0d1e353dd98d,37,37,4,1.943648709168551,0.35135135135135137,13,10,6,8,1|2,en,37,0,Can you recommend a good water bottle that's BPA-free and insulated?
0932f984855601194b4d3164af119f2850539a4d,37,37,5,1.1544953382555208,0.7297297297297297,7,1,2,27,1|2,en,37,0,Can you help me create a schedule for self-care and prioritize relaxation and stress relief?
39d5ee3ca93c37e11ae494f94cd08c1abebe2059,37,37,5,1.721135733714411,0.5405405405405406,20,6,5,6,1|2,en,37,0,Plan a 4-day trip to the Grand Canyon for hiking and scenic views.
f474cef5873c420eedf034d6778c2db9af85b93d,37,37,3,1.413211940737912,0.6756756756756757,5,25,4,3,1|2,en,37,0,How can entrepreneurs in the Middle East leverage social media for marketing and business growth?
24c91c929241aca9ab56a171898256aa5da5983e,37,37,1,1.8500043868616751,0.4594594594594595,7,6,7,17,1,en,37,0,How do I deal with tasks that are dependent on others' input
fd9c14a9e8693c9abd3fe0dd8a189ceef9b9fe63,37,37,8,1.443882081724745,0.6216216216216216,9,2,3,23,1|2,en,37,0,"I'm a psychologist and I need help drafting a treatment plan for a new client who is struggling with anxiety, including goals, objectives and interventions."
a564a5da65f17e83da6427068c26d23bf4849e5a,37,37,4,0.9738724771807743,0.8108108108108109,3,3,1,30,1|2,en,37,0,"Plan a 7-day trip to the Baltic states for a cultural tour of Estonia, Latvia, and Lithuania."
72b39c7876397ba66d24474a50d5a0b550e5b378,37,37,5,1.3454987663361966,0.7027027027027027,3,4,4,26,1|2,it,37,0,Sono il direttore esecutivo di un'organizzazione non profit che si focalizza sull'educazione artistica. Mi puoi aiutare a scrivere una lettera di raccolta fondi per i nostri donato
6aeffce24b85907868904d6aaae71e88d48caa99,37,37,1,1.962248078403861,0.2972972972972973,9,6,11,11,1,en,37,0,Who is the main character in the novel 'The Age of Innocence'?
0bbe8b2f1587feabdde7c1f8753de6aeaeb1d115,37,37,5,1.1919770125234348,0.7297297297297297,6,3,1,27,1|2,en,37,0,What are the top historical sites to visit in the Languedoc region?
43f788abf823b8a8ec8bda43b9dabdaf49329def,37,37,6,1.6865487132166948,0.4594594594594595,17,13,4,3,1|2,en,37,0,Can you recommend a scenic drive through the vineyards of Bordeaux?
d6840177a10b42364e5bf0b29d53fdbfc57d56a1,37,37,2,1.4718205633758623,0.5675675675675675,21,11,1,4,1|2,en,37,0,"I'm planning a 10-day trip to Europe, what luggage should I consider?"
7b359bf72aafbaa859ad427e13389eeec4576684,37,37,5,1.9404140855422016,0.3783783783783784,8,7,8,14,1|2,en,37,0,"Help me write an endorsement message for my colleague Samantha's new art exhibition, focusing on how her unique style was inspired by her grandmother's stories of her travels to Mo"
88330be0c2222f2b0f14577d6b8ffd3f3061a1fb,37,37,2,1.5165663217640486,0.5945945945945946,9,4,2,22,1|2,en,37,0,What are the must-visit museums in Bangalore for science enthusiasts?
d1a009e2d5f146ee37fbb991e14a625b4c4fe042,37,37,4,1.8158446410522684,0.43243243243243246,6,4,16,11,1|2,en,37,0,"I'm part of the parent-teacher association at my child's school, write a message to parents about a volunteer opportunity to help with a Valentine's Day classroom party and provide"
db5bf94aa52357171757a004691c2dc46b540898,37,37,6,1.9848769520877583,0.2702702702702703,10,7,10,10,1|2,en,37,0,"Draft a loving marriage proposal to my girlfriend Sophia, who loves Jane Austen novels, and mention a special picnic we shared at the Stanford Shakespeare Garden."
c830f08d7d9d87f3642416527e8804c50e6d8841,37,37,6,1.834567814189035,0.43243243243243246,16,7,4,10,1|2,en,37,0,"I'd like to write a thank-you note to the volunteers who helped with the charity bake sale at our church last weekend, specifically acknowledging their hard work in setting up and "
4767bd02f8d7e45e6d94037c6c54d7ec81efced9,37,37,7,1.5745260763652333,0.5405405405405406,4,2,11,20,1|2,en,37,0,"Recommend me the best wineries to visit in the Willamette Valley, Oregon"
20a3cd82557dd269eaedd8acc42b1d259d297f1b,37,37,7,1.6002199930029926,0.5675675675675675,7,2,7,21,1|2,en,37,0,What are the best villages to visit in the Haut-Loire region?
4ba7c880609e40c0fc301d7c1f895a6f57c09eb1,37,37,3,1.726454817344898,0.4594594594594595,12,3,5,17,1|2,en,37,0,Can you help me plan a scenic bike tour through the Pacific Coast Highway in California?
e0a9488797294a1906f6bac9af911ab44c9e471c,37,37,9,1.7916122909917345,0.43243243243243246,3,11,7,16,1|2,en,37,0,How can I utilize my multilingual skills as a financial analyst in a multinational company in Dubai?
8d2dc252808039072cdc465e285cf286849af8a4,37,37,9,1.4132119407379122,0.6756756756756757,5,3,4,25,1|2,en,37,0,What are the best places to see wildlife in the Pantanal?
fd6e2231f756095e9aed3f370bd5415be585e8b2,37,37,6,1.5537450970293576,0.6216216216216216,5,5,23,4,1|2,en,37,0,Can you recommend a good GPS watch for hiking?
a1d50ebd47c323976125f71115496d9db083daad,37,37,7,1.9334462493834965,0.32432432432432434,12,5,11,9,1|2,en,37,0,"Create a bio for my art website, describing my inspiration, techniques, and art philosophy."
a3f73a8a202c1e6ad8da63e9629d5ea43b84d701,37,37,3,1.2268174285152158,0.6756756756756757,25,7,0,5,1,en,37,0,Can you give me some tips for choosing the perfect lipstick shade for my skin tone?
55eaaf2ea0fce37cd23cd5bd6d51941af0716271,37,37,4,1.2710423473588055,0.7027027027027027,6,4,1,26,1|2,en,37,0,What are the top-rated hiking trails in Uttarakhand for beginners?
0d31f7a614b502ccbd65d8f1d45aacdf43dba4ed,37,37,9,1.8199400077559358,0.40540540540540543,15,8,3,11,1|2,en,37,0,Help me plan a 6-day trip to Costa Rica for ziplining and wildlife spotting.
b4afd87d0d5a906529889b89368d7ee8212c909d,37,37,3,1.8920932461277231,0.40540540540540543,8,9,5,15,1|2,en,37,0,What's a simple and affordable morning skincare routine for dry skin during the winter months?
627caf7080dfa97670c24f0f6681ed1708d5e43e,37,37,3,1.7093287636046435,0.5135135135135135,19,9,3,6,1|2,en,37,0,"I'm looking for some inspiration for a home decor project, can you give me some unique ideas for decorating a small apartment?"
1b4341dc344f961de2a82cfe321e529cd8a5bce0,37,37,4,1.6801811273048664,0.43243243243243246,9,11,1,16,1|2,en,37,0,"I'm a software engineer with skills in Java, but would like to switch to machine learning, what steps should I take."
e722a4db93c0e66eafa5af2d7ae361e92432dba9,37,37,7,1.711720856243513,0.40540540540540543,14,15,6,2,1|2,en,37,0,"I'm a shopper, can you recommend some popular markets in Bangalore?"
3772fd17336b43d95c170d6d7d85390bf5213276,37,37,2,1.0910219451312835,0.7297297297297297,8,1,1,27,1|2,en,37,0,"My friend has just adopted a new dog and I'd like to write a congratulatory card, mentioning their new furry companion's adorable photo they posted on social media and suggesting a"
4a01db832abe3364b164a34833340d9cbd169721,37,37,3,1.977577412323226,0.3055555555555556,7,11,10,8,1|2,en,37,0,Write a dramatic sequence for a video game where the player is finally able to pilot their own spaceship and defend it against invaders.
10ecb33ba958cebf9328e8df8676798ee10bb7d0,37,37,6,1.9146877482523488,0.40540540540540543,8,7,15,7,1|2,en,37,0,"Draft a greeting card message for my mom's birthday, thanking her for her love, care, and unwavering support throughout my life."
146cb6982d74bdfe7bec0a7c0a43e8beef879cd3,37,37,2,1.6236657611391456,0.4864864864864865,18,13,3,3,1|2,en,37,0,"I'm looking for a fun and easy DIY beauty treatment to do at home, can you suggest some options?"
2bf742c4f40f9a27ae32583342bd5f03557203d5,37,37,7,1.6879822391180843,0.5135135135135135,19,3,10,5,1|2,en,37,0,How do you handle conflicting information or data
98b3647a7a2125589eba206076422118b98e5014,37,37,3,1.0973549514358283,0.6216216216216216,23,0,1,13,1|2,en,37,0,Plan a 4-day trip to the Canadian Rockies for hiking and wildlife spotting.
3bf141c2962dcabb8d9094ce2cd6c2f07da09862,37,37,7,1.940901553917302,0.2972972972972973,11,5,10,11,1|2,en,37,0,Recommend me some quality restaurants to try in Reykjavik
8b7688731e9329b63ab2e795bbd198598bc1a444,37,37,6,1.8837351258813584,0.3783783783783784,9,4,10,14,1|2,en,37,0,What are the best scenic views in the Le Marche region?
69369ee03047be6b88a1e978213b913c6df44028,37,37,7,1.362307900380621,0.5675675675675675,13,2,1,21,1|2,en,37,0,Can you suggest a food tour of the Latin Quarter in Paris?
e197ccd6a5b4d3eba2bb5f44b16349e869f91483,37,37,4,1.117278648903896,0.5945945945945946,22,1,0,14,1|2,en,37,0,Who was the lead singer of the rock band 'Queen'?
a72b2479a99da47e3c0cece6f6fb8c5a9b9639d4,37,37,6,1.9727241746985777,0.2972972972972973,11,7,8,11,1|2,en,37,0,My high school friend just got engaged in an intimate ceremony in Paris and I want to send a heartfelt congratulatory message and ask about the details of the proposal.
0c5695e94852bd9fa5fd5a1aadbe3a073a077019,37,37,7,1.5616770999112601,0.5675675675675675,21,3,10,3,1|2,en,37,0,Can you recommend a cooking class in Paris that focuses on French patisserie?
8e7dee16a87f17d4ab1e0903530021cc8b35919d,37,37,6,1.7982121695625626,0.4594594594594595,10,17,6,4,1|2,en,37,0,Can you recommend any unique boutique hotels in Rio de Janeiro's Santa Teresa neighborhood?
1b063eb3e49b46a597c67a99c32239924335bfc8,37,37,6,1.7777307230221286,0.40540540540540543,13,3,6,15,1|2,en,37,0,How do I tailor my resume to get noticed in a highly competitive job market when applying for financial analyst roles in Australia?
30813008c1804622a48edf377d18c27149848297,40,36,12,1.6814963295286753,0.55,6,8,4,22,1|2,hi,40,0,"मेरी एक टेक फ़र्म है और मुझे एक नए क्लाइंट के लिए प्रपोज़ल तैयार करने में तुम्हारी मदद चाहिए जिसमें सर्विस, समयसीमा और रेट भी लिखना है."
5b584fe1af6e39ef7f6e151e6975799d73d7122a,38,36,6,1.8599716076134434,0.39473684210526316,15,12,6,5,1|2,en,38,0,What's the best way to see the Meeting of the Waters in Manaus?
2de66c58a7b84a3d768dd513831cc7b9e3f0879d,37,36,16,1.3986615734080914,0.6551724137931034,5,1,4,19,1|2,hi,37,0,"मैं एक बड़ी, हॉस्पिटेलिटी कंपनी में मार्केटिंग मैनेजर हूँ. क्या तुम मुझे एक बड़े कस्टमर के लिए सस्टेनेबल पर्यटन के फ़ायदों पर केस स्टडी का ड्राफ़्ट तैयार करने में मदद कर सकते हों, जिस"
8891725c5d5a92437811b35d2f91dec919d4d436,37,36,3,1.6503225410599685,0.4864864864864865,12,5,2,18,1|2,en,37,0,What are the best restaurants in Strasbourg for trying Alsatian cuisine?
d16f8916f14ee414cf52baf45a39f6beb36735f8,36,36,5,1.4680151384214593,0.6111111111111112,22,6,1,7,1|2,en,36,0,Can you give me some tips for choosing the perfect haircut for my hair type?
2c0effac59e612332fb7751ca3a5877168dc7e74,36,36,2,1.4108478748063633,0.6111111111111112,10,2,2,22,1,en,36,0,What's the best way to get from the airport to the city center in Toulouse?
76497d411c3bb3c77fe01489184cb3d30e68ba0c,36,36,5,1.5595705794246282,0.5882352941176471,8,3,3,20,1|2,en,36,0,Write a Casablanca-inspired short script set during a college reunion weekend.
1b2917c2e586b42d071ffcf9f38cb2ed6f803b67,36,36,6,1.3583744396886495,0.6944444444444444,25,3,3,5,1|2,en,36,0,"I'm a coffee lover, can you recommend some popular cafes in Pondicherry?"
b2f9e2d2a13c0e069e9c1b635f64ba549e7b472d,36,36,2,1.4015358636620512,0.5,18,1,2,15,1|2,en,36,0,I want to create a home maintenance schedule and set reminders for regular tasks.
440ac97b0d49a43b9dd4772b0fcb88782edb6cd5,36,36,5,1.5129370718937538,0.6388888888888888,5,4,4,23,1|2,en,36,0,What are the top museums in Marseille?
77ac2ce33f8718acaaf2236d5683bcfd77204643,36,36,4,1.5630276027536796,0.5833333333333334,21,8,5,2,1|2,en,36,0,Can you recommend some authentic Bengali cuisine restaurants in Kolkata?
b8761589b41f813c6fb48d2580d5f7282a10d4ff,36,36,4,1.8862305734266294,0.4166666666666667,15,5,8,8,1|2,en,36,0,"Draft a vow renewal ceremony speech, honoring the hard work and love that has kept my partner and me strong over the years, and highlighting what this occasion means to us."
a1df32d96f34e9fbb2a79423941f3da194484bca,36,36,4,1.2449187529382073,0.6666666666666666,24,5,0,7,1|2,en,36,0,What's a great workout routine that targets the chest and can be done at home?
e55f12b6f5226f7505673766ef2da2985936980d,36,36,5,1.5374808100163462,0.5833333333333334,9,2,4,21,1|2,en,36,0,"I'm trying to eat more anti-inflammatory foods, what are some great options to add to my diet?"
